{
  "accuracy": [
    0.5234375,
    0.55859375,
    0.70703125,
    0.69921875,
    0.79296875,
    0.76171875,
    0.734375,
    0.76171875,
    0.78125,
    0.7890625
  ],
  "loss": [
    0.05918450653553009,
    0.04712216556072235,
    0.03905194625258446,
    0.03144673630595207,
    0.021613767370581627,
    0.023495465517044067,
    0.02270623669028282,
    0.02351301535964012,
    0.01587015390396118,
    0.021600816398859024
  ],
  "precision": [
    0.5333333611488342,
    0.6607142686843872,
    0.8333333134651184,
    0.8714285492897034,
    0.931034505367279,
    0.9102563858032227,
    0.9036144614219666,
    0.9024389982223511,
    0.9285714030265808,
    0.8902438879013062
  ],
  "recall": [
    0.19200000166893005,
    0.28244274854660034,
    0.4878048896789551,
    0.4728682041168213,
    0.6328125,
    0.5680000185966492,
    0.5555555820465088,
    0.5826771855354309,
    0.609375,
    0.6186440587043762
  ],
  "val_accuracy": [
    0.9141531586647034,
    0.9280742406845093,
    0.9373549818992615,
    0.9396751523017883,
    0.8491879105567932,
    0.9211136698722839,
    0.8445475697517395,
    0.9118329286575317,
    0.8886311054229736,
    0.895591676235199
  ],
  "val_loss": [
    0.008685063570737839,
    0.01238937210291624,
    0.013496380299329758,
    0.015941400080919266,
    0.04073892533779144,
    0.025877997279167175,
    0.04558951407670975,
    0.028905142098665237,
    0.036169882863759995,
    0.03354475647211075
  ],
  "val_precision": [
    0.6666666865348816,
    0.6060606241226196,
    0.6279069781303406,
    0.625,
    0.3636363744735718,
    0.53125,
    0.3564356565475464,
    0.5,
    0.4390243887901306,
    0.4545454680919647
  ],
  "val_recall": [
    0.05263157933950424,
    0.5263158082962036,
    0.7105262875556946,
    0.7894737124443054,
    0.9473684430122375,
    0.8947368264198303,
    0.9473684430122375,
    0.9210526347160339,
    0.9473684430122375,
    0.9210526347160339
  ],
  "learning_rate": [
    0.0010000000474974513,
    0.0010000000474974513,
    0.0010000000474974513,
    0.0010000000474974513,
    0.0010000000474974513,
    0.0010000000474974513,
    0.0010000000474974513,
    0.0010000000474974513,
    0.0005000000237487257,
    0.0005000000237487257
  ]
}