{
  "accuracy": [
    0.51953125,
    0.6171875,
    0.69921875,
    0.6953125,
    0.765625,
    0.77734375,
    0.84765625,
    0.8203125
  ],
  "loss": [
    0.10557986795902252,
    0.07665064930915833,
    0.05003688484430313,
    0.05869074910879135,
    0.034915897995233536,
    0.04189108684659004,
    0.022434396669268608,
    0.03237156569957733
  ],
  "precision": [
    0.5306122303009033,
    0.5904762148857117,
    0.7168141603469849,
    0.6645161509513855,
    0.7967479825019836,
    0.805084764957428,
    0.8243243098258972,
    0.7938931584358215
  ],
  "recall": [
    0.5909090638160706,
    0.5299145579338074,
    0.6428571343421936,
    0.7984496355056763,
    0.7368420958518982,
    0.7364341020584106,
    0.9037036895751953,
    0.8455284833908081
  ],
  "val_accuracy": [
    0.73549884557724,
    0.874709963798523,
    0.43155452609062195,
    0.6496519446372986,
    0.79350346326828,
    0.5336427092552185,
    0.52900230884552,
    0.6171693801879883
  ],
  "val_loss": [
    0.034118060022592545,
    0.02273266389966011,
    0.07849322259426117,
    0.05025541037321091,
    0.03204163908958435,
    0.08354131132364273,
    0.08852735906839371,
    0.06543058156967163
  ],
  "val_precision": [
    0.17796610295772552,
    0.3888888955116272,
    0.1342756152153015,
    0.1978609561920166,
    0.29600000381469727,
    0.1589958220720291,
    0.1576763540506363,
    0.18719211220741272
  ],
  "val_recall": [
    0.5526315569877625,
    0.7368420958518982,
    1.0,
    0.9736841917037964,
    0.9736841917037964,
    1.0,
    1.0,
    1.0
  ],
  "learning_rate": [
    0.0010000000474974513,
    0.0010000000474974513,
    0.0010000000474974513,
    0.0010000000474974513,
    0.0010000000474974513,
    0.0010000000474974513,
    0.0005000000237487257,
    0.0005000000237487257
  ]
}