Modelo cnn focal_loss | RGB? True | alpha 0.75 | gamma 2.0

--- [Fecha/hora inicio=20260716_1757] ---

--- [T=0.00s] ---
init. Iniciando entrenamiento RGB con perdida Focal Loss

--- [Fecha/hora inicio=20260716_1757] ---

--- [T=0.00s] ---
1. 1. Extrayendo datos

--- [Fecha/hora inicio=20260716_1757] ---

--- [T=0.12s] ---
1. Carga de datos cnn RGB

--- [Fecha/hora inicio=20260716_1757] ---

--- [T=0.18s] ---
2. Filtrado y extracción de datos

--- [Fecha/hora inicio=20260716_1757] ---

--- [T=0.18s] ---
2.1. Iniciando procesamiento de 665 imágenes etiquetadas...

--- [Fecha/hora inicio=20260716_1757] ---

--- [T=0.18s] ---
2.2. Archivos seleccionados: ['RGB.tif']

--- [Fecha/hora inicio=20260716_1757] ---

--- [T=0.00s] ---
7. Extracción de imágenes completada.

Datos listos para entrenamiento. Total de muestras: 665

Resumen de Datos Multiespectrales:
Total de parches extraídos: 665
X Train/Val Split: 532 / 133
Y Train/Val Split: 532 / 133
Forma X_train: (532, 224, 224, 3)
Forma Y_train: (532,)
Shape train: (532, 224, 224, 3)
Pesos de Clase Calculados: Plaga (0): 1.11, Sana (1): 1.55
------------------------------
DEBUG - Conteo: Plaga: 360, Sana: 172
RESULTADO - Pesos Finales: Plaga (0): 1.11, Sana (1): 1.55
------------------------------
Epoch 1/80

[1m 1/17[0m [32m━[0m[37m━━━━━━━━━━━━━━━━━━━[0m [1m49s[0m 3s/step - accuracy: 0.2812 - auc: 0.3295 - f2_macro: 0.3169 - f2_plaga: 0.0000e+00 - loss: 0.0710 - precision: 0.2903 - recall: 0.9000 - recall_plaga: 0.0000e+00
[1m 2/17[0m [32m━━[0m[37m━━━━━━━━━━━━━━━━━━[0m [1m21s[0m 1s/step - accuracy: 0.2812 - auc: 0.3890 - f2_macro: 0.3203 - f2_plaga: 0.0000e+00 - loss: 0.0700 - precision: 0.2880 - recall: 0.9237 - recall_plaga: 0.0000e+00
[1m 3/17[0m [32m━━━[0m[37m━━━━━━━━━━━━━━━━━[0m [1m19s[0m 1s/step - accuracy: 0.3021 - auc: 0.4280 - f2_macro: 0.3348 - f2_plaga: 0.0066 - loss: 0.0706 - precision: 0.3055 - recall: 0.9390 - recall_plaga: 0.0053        
[1m 4/17[0m [32m━━━━[0m[37m━━━━━━━━━━━━━━━━[0m [1m18s[0m 1s/step - accuracy: 0.3184 - auc: 0.4620 - f2_macro: 0.3467 - f2_plaga: 0.0198 - loss: 0.0710 - precision: 0.3180 - recall: 0.9380 - recall_plaga: 0.0162
[1m 5/17[0m [32m━━━━━[0m[37m━━━━━━━━━━━━━━━[0m [1m16s[0m 1s/step - accuracy: 0.3309 - auc: 0.4970 - f2_macro: 0.3571 - f2_plaga: 0.0325 - loss: 0.0711 - precision: 0.3264 - recall: 0.9398 - recall_plaga: 0.0265
[1m 6/17[0m [32m━━━━━━━[0m[37m━━━━━━━━━━━━━[0m [1m15s[0m 1s/step - accuracy: 0.3426 - auc: 0.5191 - f2_macro: 0.3677 - f2_plaga: 0.0466 - loss: 0.0711 - precision: 0.3332 - recall: 0.9425 - recall_plaga: 0.0382
[1m 7/17[0m [32m━━━━━━━━[0m[37m━━━━━━━━━━━━[0m [1m14s[0m 1s/step - accuracy: 0.3498 - auc: 0.5365 - f2_macro: 0.3759 - f2_plaga: 0.0605 - loss: 0.0709 - precision: 0.3348 - recall: 0.9449 - recall_plaga: 0.0498
[1m 8/17[0m [32m━━━━━━━━━[0m[37m━━━━━━━━━━━[0m [1m13s[0m 1s/step - accuracy: 0.3564 - auc: 0.5497 - f2_macro: 0.3834 - f2_plaga: 0.0730 - loss: 0.0706 - precision: 0.3365 - recall: 0.9472 - recall_plaga: 0.0602
[1m 9/17[0m [32m━━━━━━━━━━[0m[37m━━━━━━━━━━[0m [1m11s[0m 1s/step - accuracy: 0.3635 - auc: 0.5630 - f2_macro: 0.3907 - f2_plaga: 0.0844 - loss: 0.0705 - precision: 0.3394 - recall: 0.9485 - recall_plaga: 0.0698
[1m10/17[0m [32m━━━━━━━━━━━[0m[37m━━━━━━━━━[0m [1m10s[0m 1s/step - accuracy: 0.3687 - auc: 0.5739 - f2_macro: 0.3962 - f2_plaga: 0.0929 - loss: 0.0704 - precision: 0.3415 - recall: 0.9499 - recall_plaga: 0.0769
[1m11/17[0m [32m━━━━━━━━━━━━[0m[37m━━━━━━━━[0m [1m8s[0m 1s/step - accuracy: 0.3721 - auc: 0.5839 - f2_macro: 0.4001 - f2_plaga: 0.0992 - loss: 0.0702 - precision: 0.3424 - recall: 0.9513 - recall_plaga: 0.0822 
[1m12/17[0m [32m━━━━━━━━━━━━━━[0m[37m━━━━━━[0m [1m7s[0m 1s/step - accuracy: 0.3762 - auc: 0.5946 - f2_macro: 0.4046 - f2_plaga: 0.1065 - loss: 0.0700 - precision: 0.3438 - recall: 0.9527 - recall_plaga: 0.0883
[1m13/17[0m [32m━━━━━━━━━━━━━━━[0m[37m━━━━━[0m [1m5s[0m 1s/step - accuracy: 0.3804 - auc: 0.6035 - f2_macro: 0.4089 - f2_plaga: 0.1132 - loss: 0.0698 - precision: 0.3455 - recall: 0.9536 - recall_plaga: 0.0940
[1m14/17[0m [32m━━━━━━━━━━━━━━━━[0m[37m━━━━[0m [1m4s[0m 1s/step - accuracy: 0.3846 - auc: 0.6109 - f2_macro: 0.4132 - f2_plaga: 0.1200 - loss: 0.0697 - precision: 0.3473 - recall: 0.9545 - recall_plaga: 0.0997
[1m15/17[0m [32m━━━━━━━━━━━━━━━━━[0m[37m━━━[0m [1m2s[0m 1s/step - accuracy: 0.3880 - auc: 0.6173 - f2_macro: 0.4170 - f2_plaga: 0.1262 - loss: 0.0696 - precision: 0.3483 - recall: 0.9554 - recall_plaga: 0.1050
[1m16/17[0m [32m━━━━━━━━━━━━━━━━━━[0m[37m━━[0m [1m1s[0m 1s/step - accuracy: 0.3912 - auc: 0.6234 - f2_macro: 0.4206 - f2_plaga: 0.1323 - loss: 0.0694 - precision: 0.3491 - recall: 0.9563 - recall_plaga: 0.1101
[1m17/17[0m [32m━━━━━━━━━━━━━━━━━━━━[0m[37m[0m [1m0s[0m 1s/step - accuracy: 0.3944 - auc: 0.6291 - f2_macro: 0.4241 - f2_plaga: 0.1381 - loss: 0.0693 - precision: 0.3501 - recall: 0.9572 - recall_plaga: 0.1151
Epoch 1: val_f2_macro improved from None to 0.35246, saving model to C:\workspace\hd-image-pest-detection-cnn-and-rf\best_models\best_model_final_RGB_focal_loss.keras

[1m17/17[0m [32m━━━━━━━━━━━━━━━━━━━━[0m[37m[0m [1m27s[0m 2s/step - accuracy: 0.4455 - auc: 0.7200 - f2_macro: 0.4801 - f2_plaga: 0.2310 - loss: 0.0670 - precision: 0.3654 - recall: 0.9709 - recall_plaga: 0.1944 - val_accuracy: 0.3233 - val_auc: 0.5000 - val_f2_macro: 0.3525 - val_f2_plaga: 0.0000e+00 - val_loss: 0.0710 - val_precision: 0.3233 - val_recall: 1.0000 - val_recall_plaga: 0.0000e+00 - learning_rate: 1.0000e-04
Epoch 2/80

[1m 1/17[0m [32m━[0m[37m━━━━━━━━━━━━━━━━━━━[0m [1m23s[0m 1s/step - accuracy: 0.5000 - auc: 0.7955 - f2_macro: 0.5384 - f2_plaga: 0.3191 - loss: 0.0640 - precision: 0.3846 - recall: 1.0000 - recall_plaga: 0.2727
[1m 2/17[0m [32m━━[0m[37m━━━━━━━━━━━━━━━━━━[0m [1m23s[0m 2s/step - accuracy: 0.5000 - auc: 0.8121 - f2_macro: 0.5404 - f2_plaga: 0.3280 - loss: 0.0629 - precision: 0.3786 - recall: 1.0000 - recall_plaga: 0.2808
[1m 3/17[0m [32m━━━[0m[37m━━━━━━━━━━━━━━━━━[0m [1m22s[0m 2s/step - accuracy: 0.5208 - auc: 0.8216 - f2_macro: 0.5572 - f2_plaga: 0.3469 - loss: 0.0631 - precision: 0.3991 - recall: 1.0000 - recall_plaga: 0.2983
[1m 4/17[0m [32m━━━━[0m[37m━━━━━━━━━━━━━━━━[0m [1m20s[0m 2s/step - accuracy: 0.5371 - auc: 0.8202 - f2_macro: 0.5702 - f2_plaga: 0.3646 - loss: 0.0633 - precision: 0.4153 - recall: 0.9946 - recall_plaga: 0.3152
[1m 5/17[0m [32m━━━━━[0m[37m━━━━━━━━━━━━━━━[0m [1m18s[0m 2s/step - accuracy: 0.5472 - auc: 0.8223 - f2_macro: 0.5785 - f2_plaga: 0.3759 - loss: 0.0633 - precision: 0.4248 - recall: 0.9921 - recall_plaga: 0.3259
[1m 6/17[0m [32m━━━━━━━[0m[37m━━━━━━━━━━━━━[0m [1m16s[0m 1s/step - accuracy: 0.5541 - auc: 0.8182 - f2_macro: 0.5843 - f2_plaga: 0.3864 - loss: 0.0634 - precision: 0.4308 - recall: 0.9861 - recall_plaga: 0.3361
[1m 7/17[0m [32m━━━━━━━━[0m[37m━━━━━━━━━━━━[0m [1m14s[0m 1s/step - accuracy: 0.5566 - auc: 0.8134 - f2_macro: 0.5868 - f2_plaga: 0.3944 - loss: 0.0633 - precision: 0.4305 - recall: 0.9803 - recall_plaga: 0.3439
[1m 8/17[0m [32m━━━━━━━━━[0m[37m━━━━━━━━━━━[0m [1m13s[0m 1s/step - accuracy: 0.5583 - auc: 0.8074 - f2_macro: 0.5885 - f2_plaga: 0.4006 - loss: 0.0634 - precision: 0.4300 - recall: 0.9752 - recall_plaga: 0.3501
[1m 9/17[0m [32m━━━━━━━━━━[0m[37m━━━━━━━━━━[0m [1m11s[0m 1s/step - accuracy: 0.5622 - auc: 0.8041 - f2_macro: 0.5922 - f2_plaga: 0.4079 - loss: 0.0634 - precision: 0.4323 - recall: 0.9722 - recall_plaga: 0.3571
[1m10/17[0m [32m━━━━━━━━━━━[0m[37m━━━━━━━━━[0m [1m10s[0m 1s/step - accuracy: 0.5641 - auc: 0.8005 - f2_macro: 0.5939 - f2_plaga: 0.4122 - loss: 0.0634 - precision: 0.4332 - recall: 0.9694 - recall_plaga: 0.3613
[1m11/17[0m [32m━━━━━━━━━━━━[0m[37m━━━━━━━━[0m [1m8s[0m 1s/step - accuracy: 0.5655 - auc: 0.7977 - f2_macro: 0.5954 - f2_plaga: 0.4159 - loss: 0.0634 - precision: 0.4333 - recall: 0.9674 - recall_plaga: 0.3649 
[1m12/17[0m [32m━━━━━━━━━━━━━━[0m[37m━━━━━━[0m [1m7s[0m 1s/step - accuracy: 0.5672 - auc: 0.7961 - f2_macro: 0.5970 - f2_plaga: 0.4201 - loss: 0.0633 - precision: 0.4337 - recall: 0.9649 - recall_plaga: 0.3691
[1m13/17[0m [32m━━━━━━━━━━━━━━━[0m[37m━━━━━[0m [1m5s[0m 1s/step - accuracy: 0.5683 - auc: 0.7945 - f2_macro: 0.5979 - f2_plaga: 0.4231 - loss: 0.0633 - precision: 0.4342 - recall: 0.9620 - recall_plaga: 0.3721
[1m14/17[0m [32m━━━━━━━━━━━━━━━━[0m[37m━━━━[0m [1m4s[0m 1s/step - accuracy: 0.5697 - auc: 0.7931 - f2_macro: 0.5991 - f2_plaga: 0.4260 - loss: 0.0633 - precision: 0.4350 - recall: 0.9600 - recall_plaga: 0.3750
[1m15/17[0m [32m━━━━━━━━━━━━━━━━━[0m[37m━━━[0m [1m2s[0m 1s/step - accuracy: 0.5703 - auc: 0.7919 - f2_macro: 0.5998 - f2_plaga: 0.4282 - loss: 0.0632 - precision: 0.4348 - recall: 0.9584 - recall_plaga: 0.3771
[1m16/17[0m [32m━━━━━━━━━━━━━━━━━━[0m[37m━━[0m [1m1s[0m 1s/step - accuracy: 0.5712 - auc: 0.7913 - f2_macro: 0.6007 - f2_plaga: 0.4306 - loss: 0.0631 - precision: 0.4346 - recall: 0.9572 - recall_plaga: 0.3795
[1m17/17[0m [32m━━━━━━━━━━━━━━━━━━━━[0m[37m[0m [1m0s[0m 1s/step - accuracy: 0.5718 - auc: 0.7908 - f2_macro: 0.6014 - f2_plaga: 0.4325 - loss: 0.0631 - precision: 0.4346 - recall: 0.9563 - recall_plaga: 0.3814
Epoch 2: val_f2_macro did not improve from 0.35246

[1m17/17[0m [32m━━━━━━━━━━━━━━━━━━━━[0m[37m[0m [1m25s[0m 1s/step - accuracy: 0.5827 - auc: 0.7824 - f2_macro: 0.6129 - f2_plaga: 0.4631 - loss: 0.0622 - precision: 0.4332 - recall: 0.9419 - recall_plaga: 0.4111 - val_accuracy: 0.3233 - val_auc: 0.5000 - val_f2_macro: 0.3525 - val_f2_plaga: 0.0000e+00 - val_loss: 0.0708 - val_precision: 0.3233 - val_recall: 1.0000 - val_recall_plaga: 0.0000e+00 - learning_rate: 1.0000e-04
Epoch 3/80

[1m 1/17[0m [32m━[0m[37m━━━━━━━━━━━━━━━━━━━[0m [1m24s[0m 2s/step - accuracy: 0.6250 - auc: 0.8750 - f2_macro: 0.6583 - f2_plaga: 0.5102 - loss: 0.0573 - precision: 0.4545 - recall: 1.0000 - recall_plaga: 0.4545
[1m 2/17[0m [32m━━[0m[37m━━━━━━━━━━━━━━━━━━[0m [1m21s[0m 1s/step - accuracy: 0.6406 - auc: 0.8773 - f2_macro: 0.6738 - f2_plaga: 0.5384 - loss: 0.0568 - precision: 0.4590 - recall: 1.0000 - recall_plaga: 0.4828
[1m 3/17[0m [32m━━━[0m[37m━━━━━━━━━━━━━━━━━[0m [1m20s[0m 1s/step - accuracy: 0.6597 - auc: 0.8769 - f2_macro: 0.6893 - f2_plaga: 0.5614 - loss: 0.0571 - precision: 0.4838 - recall: 0.9899 - recall_plaga: 0.5071
[1m 4/17[0m [32m━━━━[0m[37m━━━━━━━━━━━━━━━━[0m [1m19s[0m 1s/step - accuracy: 0.6725 - auc: 0.8749 - f2_macro: 0.6995 - f2_plaga: 0.5769 - loss: 0.0572 - precision: 0.5021 - recall: 0.9816 - recall_plaga: 0.5236
[1m 5/17[0m [32m━━━━━[0m[37m━━━━━━━━━━━━━━━[0m [1m17s[0m 1s/step - accuracy: 0.6805 - auc: 0.8742 - f2_macro: 0.7061 - f2_plaga: 0.5863 - loss: 0.0571 - precision: 0.5128 - recall: 0.9782 - recall_plaga: 0.5334
[1m 6/17[0m [32m━━━━━━━[0m[37m━━━━━━━━━━━━━[0m [1m15s[0m 1s/step - accuracy: 0.6834 - auc: 0.8693 - f2_macro: 0.7079 - f2_plaga: 0.5909 - loss: 0.0572 - precision: 0.5177 - recall: 0.9721 - recall_plaga: 0.5386
[1m 7/17[0m [32m━━━━━━━━[0m[37m━━━━━━━━━━━━[0m [1m14s[0m 1s/step - accuracy: 0.6827 - auc: 0.8653 - f2_macro: 0.7071 - f2_plaga: 0.5923 - loss: 0.0572 - precision: 0.5157 - recall: 0.9682 - recall_plaga: 0.5402
[1m 8/17[0m [32m━━━━━━━━━[0m[37m━━━━━━━━━━━[0m [1m12s[0m 1s/step - accuracy: 0.6819 - auc: 0.8607 - f2_macro: 0.7060 - f2_plaga: 0.5938 - loss: 0.0573 - precision: 0.5137 - recall: 0.9632 - recall_plaga: 0.5420
[1m 9/17[0m [32m━━━━━━━━━━[0m[37m━━━━━━━━━━[0m [1m11s[0m 1s/step - accuracy: 0.6825 - auc: 0.8568 - f2_macro: 0.7062 - f2_plaga: 0.5966 - loss: 0.0574 - precision: 0.5145 - recall: 0.9581 - recall_plaga: 0.5452
[1m10/17[0m [32m━━━━━━━━━━━[0m[37m━━━━━━━━━[0m [1m10s[0m 1s/step - accuracy: 0.6827 - auc: 0.8530 - f2_macro: 0.7061 - f2_plaga: 0.5981 - loss: 0.0575 - precision: 0.5146 - recall: 0.9548 - recall_plaga: 0.5470
[1m11/17[0m [32m━━━━━━━━━━━━[0m[37m━━━━━━━━[0m [1m8s[0m 1s/step - accuracy: 0.6834 - auc: 0.8499 - f2_macro: 0.7066 - f2_plaga: 0.6004 - loss: 0.0575 - precision: 0.5146 - recall: 0.9526 - recall_plaga: 0.5495 
[1m12/17[0m [32m━━━━━━━━━━━━━━[0m[37m━━━━━━[0m [1m7s[0m 1s/step - accuracy: 0.6841 - auc: 0.8479 - f2_macro: 0.7072 - f2_plaga: 0.6025 - loss: 0.0575 - precision: 0.5148 - recall: 0.9506 - recall_plaga: 0.5518
[1m13/17[0m [32m━━━━━━━━━━━━━━━[0m[37m━━━━━[0m [1m5s[0m 1s/step - accuracy: 0.6850 - auc: 0.8463 - f2_macro: 0.7078 - f2_plaga: 0.6045 - loss: 0.0575 - precision: 0.5156 - recall: 0.9483 - recall_plaga: 0.5541
[1m14/17[0m [32m━━━━━━━━━━━━━━━━[0m[37m━━━━[0m [1m4s[0m 1s/step - accuracy: 0.6859 - auc: 0.8450 - f2_macro: 0.7085 - f2_plaga: 0.6065 - loss: 0.0575 - precision: 0.5165 - recall: 0.9468 - recall_plaga: 0.5562
[1m15/17[0m [32m━━━━━━━━━━━━━━━━━[0m[37m━━━[0m [1m2s[0m 1s/step - accuracy: 0.6869 - auc: 0.8437 - f2_macro: 0.7093 - f2_plaga: 0.6087 - loss: 0.0575 - precision: 0.5169 - recall: 0.9452 - recall_plaga: 0.5586
[1m16/17[0m [32m━━━━━━━━━━━━━━━━━━[0m[37m━━[0m [1m1s[0m 1s/step - accuracy: 0.6879 - auc: 0.8430 - f2_macro: 0.7102 - f2_plaga: 0.6109 - loss: 0.0574 - precision: 0.5172 - recall: 0.9441 - recall_plaga: 0.5610
[1m17/17[0m [32m━━━━━━━━━━━━━━━━━━━━[0m[37m[0m [1m0s[0m 1s/step - accuracy: 0.6891 - auc: 0.8425 - f2_macro: 0.7113 - f2_plaga: 0.6132 - loss: 0.0574 - precision: 0.5178 - recall: 0.9432 - recall_plaga: 0.5635
Epoch 3: val_f2_macro did not improve from 0.35246

[1m17/17[0m [32m━━━━━━━━━━━━━━━━━━━━[0m[37m[0m [1m25s[0m 1s/step - accuracy: 0.7086 - auc: 0.8337 - f2_macro: 0.7287 - f2_plaga: 0.6501 - loss: 0.0567 - precision: 0.5281 - recall: 0.9302 - recall_plaga: 0.6028 - val_accuracy: 0.3233 - val_auc: 0.5000 - val_f2_macro: 0.3525 - val_f2_plaga: 0.0000e+00 - val_loss: 0.0707 - val_precision: 0.3233 - val_recall: 1.0000 - val_recall_plaga: 0.0000e+00 - learning_rate: 1.0000e-04
Epoch 4/80

[1m 1/17[0m [32m━[0m[37m━━━━━━━━━━━━━━━━━━━[0m [1m22s[0m 1s/step - accuracy: 0.7812 - auc: 0.9114 - f2_macro: 0.8027 - f2_plaga: 0.7282 - loss: 0.0488 - precision: 0.5882 - recall: 1.0000 - recall_plaga: 0.6818
[1m 2/17[0m [32m━━[0m[37m━━━━━━━━━━━━━━━━━━[0m [1m21s[0m 1s/step - accuracy: 0.7812 - auc: 0.8954 - f2_macro: 0.7994 - f2_plaga: 0.7397 - loss: 0.0500 - precision: 0.5844 - recall: 0.9737 - recall_plaga: 0.6965
[1m 3/17[0m [32m━━━[0m[37m━━━━━━━━━━━━━━━━━[0m [1m19s[0m 1s/step - accuracy: 0.7847 - auc: 0.8914 - f2_macro: 0.8011 - f2_plaga: 0.7439 - loss: 0.0504 - precision: 0.6005 - recall: 0.9623 - recall_plaga: 0.7024
[1m 4/17[0m [32m━━━━[0m[37m━━━━━━━━━━━━━━━━[0m [1m18s[0m 1s/step - accuracy: 0.7858 - auc: 0.8882 - f2_macro: 0.8005 - f2_plaga: 0.7466 - loss: 0.0508 - precision: 0.6119 - recall: 0.9500 - recall_plaga: 0.7067
[1m 5/17[0m [32m━━━━━[0m[37m━━━━━━━━━━━━━━━[0m [1m17s[0m 1s/step - accuracy: 0.7849 - auc: 0.8865 - f2_macro: 0.7991 - f2_plaga: 0.7448 - loss: 0.0509 - precision: 0.6157 - recall: 0.9459 - recall_plaga: 0.7052
[1m 6/17[0m [32m━━━━━━━[0m[37m━━━━━━━━━━━━━[0m [1m16s[0m 1s/step - accuracy: 0.7808 - auc: 0.8798 - f2_macro: 0.7945 - f2_plaga: 0.7411 - loss: 0.0514 - precision: 0.6148 - recall: 0.9378 - recall_plaga: 0.7019
[1m 7/17[0m [32m━━━━━━━━[0m[37m━━━━━━━━━━━━[0m [1m14s[0m 1s/step - accuracy: 0.7751 - auc: 0.8737 - f2_macro: 0.7886 - f2_plaga: 0.7364 - loss: 0.0518 - precision: 0.6077 - recall: 0.9310 - recall_plaga: 0.6972
[1m 8/17[0m [32m━━━━━━━━━[0m[37m━━━━━━━━━━━[0m [1m13s[0m 1s/step - accuracy: 0.7705 - auc: 0.8682 - f2_macro: 0.7839 - f2_plaga: 0.7325 - loss: 0.0521 - precision: 0.6018 - recall: 0.9261 - recall_plaga: 0.6931
[1m 9/17[0m [32m━━━━━━━━━━[0m[37m━━━━━━━━━━[0m [1m11s[0m 1s/step - accuracy: 0.7675 - auc: 0.8640 - f2_macro: 0.7806 - f2_plaga: 0.7303 - loss: 0.0525 - precision: 0.5992 - recall: 0.9206 - recall_plaga: 0.6911
[1m10/17[0m [32m━━━━━━━━━━━[0m[37m━━━━━━━━━[0m [1m10s[0m 1s/step - accuracy: 0.7651 - auc: 0.8599 - f2_macro: 0.7781 - f2_plaga: 0.7282 - loss: 0.0528 - precision: 0.5968 - recall: 0.9173 - recall_plaga: 0.6892
[1m11/17[0m [32m━━━━━━━━━━━━[0m[37m━━━━━━━━[0m [1m8s[0m 1s/step - accuracy: 0.7630 - auc: 0.8567 - f2_macro: 0.7758 - f2_plaga: 0.7266 - loss: 0.0530 - precision: 0.5941 - recall: 0.9145 - recall_plaga: 0.6875 
[1m12/17[0m [32m━━━━━━━━━━━━━━[0m[37m━━━━━━[0m [1m7s[0m 1s/step - accuracy: 0.7614 - auc: 0.8546 - f2_macro: 0.7741 - f2_plaga: 0.7257 - loss: 0.0531 - precision: 0.5923 - recall: 0.9117 - recall_plaga: 0.6867
[1m13/17[0m [32m━━━━━━━━━━━━━━━[0m[37m━━━━━[0m [1m5s[0m 1s/step - accuracy: 0.7604 - auc: 0.8526 - f2_macro: 0.7728 - f2_plaga: 0.7254 - loss: 0.0533 - precision: 0.5915 - recall: 0.9086 - recall_plaga: 0.6867
[1m14/17[0m [32m━━━━━━━━━━━━━━━━[0m[37m━━━━[0m [1m4s[0m 1s/step - accuracy: 0.7596 - auc: 0.8508 - f2_macro: 0.7718 - f2_plaga: 0.7253 - loss: 0.0534 - precision: 0.5910 - recall: 0.9060 - recall_plaga: 0.6868
[1m15/17[0m [32m━━━━━━━━━━━━━━━━━[0m[37m━━━[0m [1m2s[0m 1s/step - accuracy: 0.7590 - auc: 0.8493 - f2_macro: 0.7710 - f2_plaga: 0.7254 - loss: 0.0535 - precision: 0.5900 - recall: 0.9038 - recall_plaga: 0.6871
[1m16/17[0m [32m━━━━━━━━━━━━━━━━━━[0m[37m━━[0m [1m1s[0m 1s/step - accuracy: 0.7586 - auc: 0.8484 - f2_macro: 0.7704 - f2_plaga: 0.7256 - loss: 0.0535 - precision: 0.5891 - recall: 0.9022 - recall_plaga: 0.6874
[1m17/17[0m [32m━━━━━━━━━━━━━━━━━━━━[0m[37m[0m [1m0s[0m 1s/step - accuracy: 0.7584 - auc: 0.8476 - f2_macro: 0.7701 - f2_plaga: 0.7259 - loss: 0.0535 - precision: 0.5886 - recall: 0.9011 - recall_plaga: 0.6878
Epoch 4: val_f2_macro did not improve from 0.35246

[1m17/17[0m [32m━━━━━━━━━━━━━━━━━━━━[0m[37m[0m [1m25s[0m 1s/step - accuracy: 0.7556 - auc: 0.8351 - f2_macro: 0.7655 - f2_plaga: 0.7310 - loss: 0.0540 - precision: 0.5802 - recall: 0.8837 - recall_plaga: 0.6944 - val_accuracy: 0.3233 - val_auc: 0.5000 - val_f2_macro: 0.3525 - val_f2_plaga: 0.0000e+00 - val_loss: 0.0706 - val_precision: 0.3233 - val_recall: 1.0000 - val_recall_plaga: 0.0000e+00 - learning_rate: 1.0000e-04
Epoch 5/80

[1m 1/17[0m [32m━[0m[37m━━━━━━━━━━━━━━━━━━━[0m [1m4:40[0m 18s/step - accuracy: 0.8438 - auc: 0.8864 - f2_macro: 0.8593 - f2_plaga: 0.8095 - loss: 0.0495 - precision: 0.6667 - recall: 1.0000 - recall_plaga: 0.7727
[1m 2/17[0m [32m━━[0m[37m━━━━━━━━━━━━━━━━━━[0m [1m22s[0m 1s/step - accuracy: 0.8359 - auc: 0.8768 - f2_macro: 0.8485 - f2_plaga: 0.8099 - loss: 0.0498 - precision: 0.6548 - recall: 0.9737 - recall_plaga: 0.7753  
[1m 3/17[0m [32m━━━[0m[37m━━━━━━━━━━━━━━━━━[0m [1m20s[0m 1s/step - accuracy: 0.8351 - auc: 0.8830 - f2_macro: 0.8464 - f2_plaga: 0.8094 - loss: 0.0493 - precision: 0.6661 - recall: 0.9623 - recall_plaga: 0.7761
[1m 4/17[0m [32m━━━━[0m[37m━━━━━━━━━━━━━━━━[0m [1m18s[0m 1s/step - accuracy: 0.8314 - auc: 0.8879 - f2_macro: 0.8422 - f2_plaga: 0.8043 - loss: 0.0490 - precision: 0.6702 - recall: 0.9554 - recall_plaga: 0.7711
[1m 5/17[0m [32m━━━━━[0m[37m━━━━━━━━━━━━━━━[0m [1m17s[0m 1s/step - accuracy: 0.8276 - auc: 0.8917 - f2_macro: 0.8385 - f2_plaga: 0.7982 - loss: 0.0487 - precision: 0.6695 - recall: 0.9538 - recall_plaga: 0.7644
[1m 6/17[0m [32m━━━━━━━[0m[37m━━━━━━━━━━━━━[0m [1m15s[0m 1s/step - accuracy: 0.8234 - auc: 0.8904 - f2_macro: 0.8342 - f2_plaga: 0.7933 - loss: 0.0488 - precision: 0.6673 - recall: 0.9492 - recall_plaga: 0.7594
[1m 7/17[0m [32m━━━━━━━━[0m[37m━━━━━━━━━━━━[0m [1m14s[0m 1s/step - accuracy: 0.8180 - auc: 0.8888 - f2_macro: 0.8291 - f2_plaga: 0.7875 - loss: 0.0488 - precision: 0.6595 - recall: 0.9467 - recall_plaga: 0.7530
[1m 8/17[0m [32m━━━━━━━━━[0m[37m━━━━━━━━━━━[0m [1m12s[0m 1s/step - accuracy: 0.8139 - auc: 0.8859 - f2_macro: 0.8249 - f2_plaga: 0.7839 - loss: 0.0490 - precision: 0.6537 - recall: 0.9428 - recall_plaga: 0.7492
[1m 9/17[0m [32m━━━━━━━━━━[0m[37m━━━━━━━━━━[0m [1m11s[0m 1s/step - accuracy: 0.8106 - auc: 0.8836 - f2_macro: 0.8214 - f2_plaga: 0.7814 - loss: 0.0492 - precision: 0.6506 - recall: 0.9377 - recall_plaga: 0.7468
[1m10/17[0m [32m━━━━━━━━━━━[0m[37m━━━━━━━━━[0m [1m9s[0m 1s/step - accuracy: 0.8074 - auc: 0.8802 - f2_macro: 0.8180 - f2_plaga: 0.7785 - loss: 0.0496 - precision: 0.6471 - recall: 0.9337 - recall_plaga: 0.7440 
[1m11/17[0m [32m━━━━━━━━━━━━[0m[37m━━━━━━━━[0m [1m8s[0m 1s/step - accuracy: 0.8050 - auc: 0.8773 - f2_macro: 0.8156 - f2_plaga: 0.7766 - loss: 0.0498 - precision: 0.6439 - recall: 0.9310 - recall_plaga: 0.7420
[1m12/17[0m [32m━━━━━━━━━━━━━━[0m[37m━━━━━━[0m [1m7s[0m 1s/step - accuracy: 0.8035 - auc: 0.8756 - f2_macro: 0.8138 - f2_plaga: 0.7757 - loss: 0.0499 - precision: 0.6419 - recall: 0.9282 - recall_plaga: 0.7412
[1m13/17[0m [32m━━━━━━━━━━━━━━━[0m[37m━━━━━[0m [1m5s[0m 1s/step - accuracy: 0.8021 - auc: 0.8740 - f2_macro: 0.8122 - f2_plaga: 0.7751 - loss: 0.0500 - precision: 0.6408 - recall: 0.9248 - recall_plaga: 0.7408
[1m14/17[0m [32m━━━━━━━━━━━━━━━━[0m[37m━━━━[0m [1m4s[0m 1s/step - accuracy: 0.8011 - auc: 0.8726 - f2_macro: 0.8110 - f2_plaga: 0.7747 - loss: 0.0501 - precision: 0.6401 - recall: 0.9221 - recall_plaga: 0.7406
[1m15/17[0m [32m━━━━━━━━━━━━━━━━━[0m[37m━━━[0m [1m2s[0m 1s/step - accuracy: 0.7999 - auc: 0.8713 - f2_macro: 0.8096 - f2_plaga: 0.7742 - loss: 0.0502 - precision: 0.6385 - recall: 0.9196 - recall_plaga: 0.7402
[1m16/17[0m [32m━━━━━━━━━━━━━━━━━━[0m[37m━━[0m [1m1s[0m 1s/step - accuracy: 0.7989 - auc: 0.8703 - f2_macro: 0.8084 - f2_plaga: 0.7736 - loss: 0.0503 - precision: 0.6369 - recall: 0.9178 - recall_plaga: 0.7397
[1m17/17[0m [32m━━━━━━━━━━━━━━━━━━━━[0m[37m[0m [1m0s[0m 1s/step - accuracy: 0.7981 - auc: 0.8695 - f2_macro: 0.8075 - f2_plaga: 0.7733 - loss: 0.0503 - precision: 0.6357 - recall: 0.9161 - recall_plaga: 0.7395
Epoch 5: val_f2_macro did not improve from 0.35246

[1m17/17[0m [32m━━━━━━━━━━━━━━━━━━━━[0m[37m[0m [1m41s[0m 1s/step - accuracy: 0.7857 - auc: 0.8558 - f2_macro: 0.7929 - f2_plaga: 0.7686 - loss: 0.0512 - precision: 0.6169 - recall: 0.8895 - recall_plaga: 0.7361 - val_accuracy: 0.3233 - val_auc: 0.6527 - val_f2_macro: 0.3525 - val_f2_plaga: 0.0000e+00 - val_loss: 0.0703 - val_precision: 0.3233 - val_recall: 1.0000 - val_recall_plaga: 0.0000e+00 - learning_rate: 1.0000e-04
Epoch 6/80

[1m 1/17[0m [32m━[0m[37m━━━━━━━━━━━━━━━━━━━[0m [1m22s[0m 1s/step - accuracy: 0.8750 - auc: 0.9159 - f2_macro: 0.8875 - f2_plaga: 0.8491 - loss: 0.0463 - precision: 0.7143 - recall: 1.0000 - recall_plaga: 0.8182
[1m 2/17[0m [32m━━[0m[37m━━━━━━━━━━━━━━━━━━[0m [1m21s[0m 1s/step - accuracy: 0.8672 - auc: 0.9167 - f2_macro: 0.8765 - f2_plaga: 0.8488 - loss: 0.0455 - precision: 0.7033 - recall: 0.9737 - recall_plaga: 0.8202
[1m 3/17[0m [32m━━━[0m[37m━━━━━━━━━━━━━━━━━[0m [1m19s[0m 1s/step - accuracy: 0.8559 - auc: 0.9191 - f2_macro: 0.8650 - f2_plaga: 0.8354 - loss: 0.0451 - precision: 0.6985 - recall: 0.9623 - recall_plaga: 0.8061
[1m 4/17[0m [32m━━━━[0m[37m━━━━━━━━━━━━━━━━[0m [1m18s[0m 1s/step - accuracy: 0.8509 - auc: 0.9220 - f2_macro: 0.8603 - f2_plaga: 0.8269 - loss: 0.0447 - precision: 0.6985 - recall: 0.9608 - recall_plaga: 0.7966
[1m 5/17[0m [32m━━━━━[0m[37m━━━━━━━━━━━━━━━[0m [1m16s[0m 1s/step - accuracy: 0.8445 - auc: 0.9235 - f2_macro: 0.8545 - f2_plaga: 0.8167 - loss: 0.0445 - precision: 0.6929 - recall: 0.9616 - recall_plaga: 0.7849
[1m 6/17[0m [32m━━━━━━━[0m[37m━━━━━━━━━━━━━[0m [1m15s[0m 1s/step - accuracy: 0.8383 - auc: 0.9218 - f2_macro: 0.8483 - f2_plaga: 0.8098 - loss: 0.0446 - precision: 0.6880 - recall: 0.9558 - recall_plaga: 0.7777
[1m 7/17[0m [32m━━━━━━━━[0m[37m━━━━━━━━━━━━[0m [1m14s[0m 1s/step - accuracy: 0.8295 - auc: 0.9193 - f2_macro: 0.8398 - f2_plaga: 0.8007 - loss: 0.0447 - precision: 0.6759 - recall: 0.9504 - recall_plaga: 0.7678
[1m 8/17[0m [32m━━━━━━━━━[0m[37m━━━━━━━━━━━[0m [1m12s[0m 1s/step - accuracy: 0.8225 - auc: 0.9157 - f2_macro: 0.8328 - f2_plaga: 0.7941 - loss: 0.0449 - precision: 0.6664 - recall: 0.9445 - recall_plaga: 0.7607
[1m 9/17[0m [32m━━━━━━━━━━[0m[37m━━━━━━━━━━[0m [1m11s[0m 1s/step - accuracy: 0.8167 - auc: 0.9119 - f2_macro: 0.8267 - f2_plaga: 0.7892 - loss: 0.0453 - precision: 0.6603 - recall: 0.9369 - recall_plaga: 0.7559
[1m10/17[0m [32m━━━━━━━━━━━[0m[37m━━━━━━━━━[0m [1m10s[0m 1s/step - accuracy: 0.8116 - auc: 0.9077 - f2_macro: 0.8214 - f2_plaga: 0.7846 - loss: 0.0457 - precision: 0.6545 - recall: 0.9311 - recall_plaga: 0.7512
[1m11/17[0m [32m━━━━━━━━━━━━[0m[37m━━━━━━━━[0m [1m8s[0m 1s/step - accuracy: 0.8073 - auc: 0.9044 - f2_macro: 0.8170 - f2_plaga: 0.7808 - loss: 0.0459 - precision: 0.6491 - recall: 0.9263 - recall_plaga: 0.7474 
[1m12/17[0m [32m━━━━━━━━━━━━━━[0m[37m━━━━━━[0m [1m7s[0m 1s/step - accuracy: 0.8045 - auc: 0.9020 - f2_macro: 0.8140 - f2_plaga: 0.7786 - loss: 0.0461 - precision: 0.6455 - recall: 0.9225 - recall_plaga: 0.7452
[1m13/17[0m [32m━━━━━━━━━━━━━━━[0m[37m━━━━━[0m [1m5s[0m 1s/step - accuracy: 0.8029 - auc: 0.9002 - f2_macro: 0.8121 - f2_plaga: 0.7778 - loss: 0.0462 - precision: 0.6440 - recall: 0.9191 - recall_plaga: 0.7445
[1m14/17[0m [32m━━━━━━━━━━━━━━━━[0m[37m━━━━[0m [1m4s[0m 1s/step - accuracy: 0.8017 - auc: 0.8984 - f2_macro: 0.8106 - f2_plaga: 0.7773 - loss: 0.0464 - precision: 0.6430 - recall: 0.9158 - recall_plaga: 0.7443
[1m15/17[0m [32m━━━━━━━━━━━━━━━━━[0m[37m━━━[0m [1m2s[0m 1s/step - accuracy: 0.8003 - auc: 0.8968 - f2_macro: 0.8090 - f2_plaga: 0.7769 - loss: 0.0465 - precision: 0.6412 - recall: 0.9124 - recall_plaga: 0.7440
[1m16/17[0m [32m━━━━━━━━━━━━━━━━━━[0m[37m━━[0m [1m1s[0m 1s/step - accuracy: 0.7992 - auc: 0.8954 - f2_macro: 0.8077 - f2_plaga: 0.7765 - loss: 0.0466 - precision: 0.6396 - recall: 0.9100 - recall_plaga: 0.7438
[1m17/17[0m [32m━━━━━━━━━━━━━━━━━━━━[0m[37m[0m [1m0s[0m 1s/step - accuracy: 0.7983 - auc: 0.8940 - f2_macro: 0.8066 - f2_plaga: 0.7763 - loss: 0.0467 - precision: 0.6383 - recall: 0.9077 - recall_plaga: 0.7437
Epoch 6: val_f2_macro did not improve from 0.35246

[1m17/17[0m [32m━━━━━━━━━━━━━━━━━━━━[0m[37m[0m [1m25s[0m 1s/step - accuracy: 0.7838 - auc: 0.8727 - f2_macro: 0.7889 - f2_plaga: 0.7721 - loss: 0.0481 - precision: 0.6173 - recall: 0.8721 - recall_plaga: 0.7417 - val_accuracy: 0.3233 - val_auc: 0.7478 - val_f2_macro: 0.3525 - val_f2_plaga: 0.0000e+00 - val_loss: 0.0700 - val_precision: 0.3233 - val_recall: 1.0000 - val_recall_plaga: 0.0000e+00 - learning_rate: 1.0000e-04
Epoch 7/80

[1m 1/17[0m [32m━[0m[37m━━━━━━━━━━━━━━━━━━━[0m [1m22s[0m 1s/step - accuracy: 0.8438 - auc: 0.9409 - f2_macro: 0.8593 - f2_plaga: 0.8095 - loss: 0.0400 - precision: 0.6667 - recall: 1.0000 - recall_plaga: 0.7727
[1m 2/17[0m [32m━━[0m[37m━━━━━━━━━━━━━━━━━━[0m [1m21s[0m 1s/step - accuracy: 0.8359 - auc: 0.9453 - f2_macro: 0.8485 - f2_plaga: 0.8099 - loss: 0.0390 - precision: 0.6548 - recall: 0.9737 - recall_plaga: 0.7753
[1m 3/17[0m [32m━━━[0m[37m━━━━━━━━━━━━━━━━━[0m [1m20s[0m 1s/step - accuracy: 0.8316 - auc: 0.9405 - f2_macro: 0.8433 - f2_plaga: 0.8048 - loss: 0.0396 - precision: 0.6611 - recall: 0.9623 - recall_plaga: 0.7708
[1m 4/17[0m [32m━━━━[0m[37m━━━━━━━━━━━━━━━━[0m [1m20s[0m 2s/step - accuracy: 0.8327 - auc: 0.9379 - f2_macro: 0.8440 - f2_plaga: 0.8040 - loss: 0.0400 - precision: 0.6705 - recall: 0.9608 - recall_plaga: 0.7702
[1m 5/17[0m [32m━━━━━[0m[37m━━━━━━━━━━━━━━━[0m [1m18s[0m 2s/step - accuracy: 0.8299 - auc: 0.9371 - f2_macro: 0.8411 - f2_plaga: 0.7997 - loss: 0.0401 - precision: 0.6714 - recall: 0.9581 - recall_plaga: 0.7657
[1m 6/17[0m [32m━━━━━━━[0m[37m━━━━━━━━━━━━━[0m [1m16s[0m 1s/step - accuracy: 0.8253 - auc: 0.9309 - f2_macro: 0.8360 - f2_plaga: 0.7955 - loss: 0.0409 - precision: 0.6694 - recall: 0.9504 - recall_plaga: 0.7617
[1m 7/17[0m [32m━━━━━━━━[0m[37m━━━━━━━━━━━━[0m [1m14s[0m 1s/step - accuracy: 0.8177 - auc: 0.9260 - f2_macro: 0.8285 - f2_plaga: 0.7883 - loss: 0.0415 - precision: 0.6595 - recall: 0.9438 - recall_plaga: 0.7541
[1m 8/17[0m [32m━━━━━━━━━[0m[37m━━━━━━━━━━━[0m [1m13s[0m 1s/step - accuracy: 0.8112 - auc: 0.9200 - f2_macro: 0.8218 - f2_plaga: 0.7824 - loss: 0.0422 - precision: 0.6511 - recall: 0.9373 - recall_plaga: 0.7480
[1m 9/17[0m [32m━━━━━━━━━━[0m[37m━━━━━━━━━━[0m [1m11s[0m 1s/step - accuracy: 0.8055 - auc: 0.9152 - f2_macro: 0.8160 - f2_plaga: 0.7773 - loss: 0.0428 - precision: 0.6452 - recall: 0.9305 - recall_plaga: 0.7428
[1m10/17[0m [32m━━━━━━━━━━━[0m[37m━━━━━━━━━[0m [1m10s[0m 1s/step - accuracy: 0.8009 - auc: 0.9109 - f2_macro: 0.8112 - f2_plaga: 0.7730 - loss: 0.0433 - precision: 0.6402 - recall: 0.9253 - recall_plaga: 0.7385
[1m11/17[0m [32m━━━━━━━━━━━━[0m[37m━━━━━━━━[0m [1m8s[0m 1s/step - accuracy: 0.7976 - auc: 0.9071 - f2_macro: 0.8078 - f2_plaga: 0.7700 - loss: 0.0438 - precision: 0.6359 - recall: 0.9218 - recall_plaga: 0.7354 
[1m12/17[0m [32m━━━━━━━━━━━━━━[0m[37m━━━━━━[0m [1m7s[0m 1s/step - accuracy: 0.7951 - auc: 0.9044 - f2_macro: 0.8052 - f2_plaga: 0.7681 - loss: 0.0441 - precision: 0.6329 - recall: 0.9184 - recall_plaga: 0.7336
[1m13/17[0m [32m━━━━━━━━━━━━━━━[0m[37m━━━━━[0m [1m5s[0m 1s/step - accuracy: 0.7932 - auc: 0.9020 - f2_macro: 0.8029 - f2_plaga: 0.7668 - loss: 0.0444 - precision: 0.6310 - recall: 0.9147 - recall_plaga: 0.7324
[1m14/17[0m [32m━━━━━━━━━━━━━━━━[0m[37m━━━━[0m [1m4s[0m 1s/step - accuracy: 0.7917 - auc: 0.9000 - f2_macro: 0.8013 - f2_plaga: 0.7659 - loss: 0.0447 - precision: 0.6297 - recall: 0.9118 - recall_plaga: 0.7316
[1m15/17[0m [32m━━━━━━━━━━━━━━━━━[0m[37m━━━[0m [1m2s[0m 1s/step - accuracy: 0.7899 - auc: 0.8981 - f2_macro: 0.7992 - f2_plaga: 0.7648 - loss: 0.0449 - precision: 0.6273 - recall: 0.9087 - recall_plaga: 0.7306
[1m16/17[0m [32m━━━━━━━━━━━━━━━━━━[0m[37m━━[0m [1m1s[0m 1s/step - accuracy: 0.7885 - auc: 0.8968 - f2_macro: 0.7977 - f2_plaga: 0.7639 - loss: 0.0451 - precision: 0.6253 - recall: 0.9064 - recall_plaga: 0.7298
[1m17/17[0m [32m━━━━━━━━━━━━━━━━━━━━[0m[37m[0m [1m0s[0m 1s/step - accuracy: 0.7874 - auc: 0.8957 - f2_macro: 0.7965 - f2_plaga: 0.7634 - loss: 0.0452 - precision: 0.6238 - recall: 0.9044 - recall_plaga: 0.7293
Epoch 7: val_f2_macro did not improve from 0.35246

[1m17/17[0m [32m━━━━━━━━━━━━━━━━━━━━[0m[37m[0m [1m25s[0m 1s/step - accuracy: 0.7707 - auc: 0.8768 - f2_macro: 0.7773 - f2_plaga: 0.7549 - loss: 0.0476 - precision: 0.6000 - recall: 0.8721 - recall_plaga: 0.7222 - val_accuracy: 0.3233 - val_auc: 0.6056 - val_f2_macro: 0.3525 - val_f2_plaga: 0.0000e+00 - val_loss: 0.0699 - val_precision: 0.3233 - val_recall: 1.0000 - val_recall_plaga: 0.0000e+00 - learning_rate: 1.0000e-04
Epoch 8/80

[1m 1/17[0m [32m━[0m[37m━━━━━━━━━━━━━━━━━━━[0m [1m22s[0m 1s/step - accuracy: 0.8438 - auc: 0.9591 - f2_macro: 0.8593 - f2_plaga: 0.8095 - loss: 0.0381 - precision: 0.6667 - recall: 1.0000 - recall_plaga: 0.7727
[1m 2/17[0m [32m━━[0m[37m━━━━━━━━━━━━━━━━━━[0m [1m20s[0m 1s/step - accuracy: 0.8359 - auc: 0.9491 - f2_macro: 0.8444 - f2_plaga: 0.8176 - loss: 0.0383 - precision: 0.6603 - recall: 0.9474 - recall_plaga: 0.7864
[1m 3/17[0m [32m━━━[0m[37m━━━━━━━━━━━━━━━━━[0m [1m19s[0m 1s/step - accuracy: 0.8316 - auc: 0.9424 - f2_macro: 0.8393 - f2_plaga: 0.8137 - loss: 0.0394 - precision: 0.6674 - recall: 0.9346 - recall_plaga: 0.7835
[1m 4/17[0m [32m━━━━[0m[37m━━━━━━━━━━━━━━━━[0m [1m18s[0m 1s/step - accuracy: 0.8307 - auc: 0.9422 - f2_macro: 0.8387 - f2_plaga: 0.8102 - loss: 0.0396 - precision: 0.6740 - recall: 0.9347 - recall_plaga: 0.7797
[1m 5/17[0m [32m━━━━━[0m[37m━━━━━━━━━━━━━━━[0m [1m17s[0m 1s/step - accuracy: 0.8333 - auc: 0.9428 - f2_macro: 0.8414 - f2_plaga: 0.8114 - loss: 0.0397 - precision: 0.6813 - recall: 0.9372 - recall_plaga: 0.7810
[1m 6/17[0m [32m━━━━━━━[0m[37m━━━━━━━━━━━━━[0m [1m15s[0m 1s/step - accuracy: 0.8333 - auc: 0.9394 - f2_macro: 0.8413 - f2_plaga: 0.8114 - loss: 0.0402 - precision: 0.6844 - recall: 0.9354 - recall_plaga: 0.7812
[1m 7/17[0m [32m━━━━━━━━[0m[37m━━━━━━━━━━━━[0m [1m14s[0m 1s/step - accuracy: 0.8297 - auc: 0.9359 - f2_macro: 0.8377 - f2_plaga: 0.8079 - loss: 0.0405 - precision: 0.6787 - recall: 0.9329 - recall_plaga: 0.7775
[1m 8/17[0m [32m━━━━━━━━━[0m[37m━━━━━━━━━━━[0m [1m12s[0m 1s/step - accuracy: 0.8266 - auc: 0.9313 - f2_macro: 0.8345 - f2_plaga: 0.8055 - loss: 0.0411 - precision: 0.6740 - recall: 0.9292 - recall_plaga: 0.7750
[1m 9/17[0m [32m━━━━━━━━━━[0m[37m━━━━━━━━━━[0m [1m11s[0m 1s/step - accuracy: 0.8239 - auc: 0.9272 - f2_macro: 0.8315 - f2_plaga: 0.8035 - loss: 0.0416 - precision: 0.6715 - recall: 0.9245 - recall_plaga: 0.7732
[1m10/17[0m [32m━━━━━━━━━━━[0m[37m━━━━━━━━━[0m [1m9s[0m 1s/step - accuracy: 0.8212 - auc: 0.9230 - f2_macro: 0.8288 - f2_plaga: 0.8010 - loss: 0.0420 - precision: 0.6683 - recall: 0.9218 - recall_plaga: 0.7705 
[1m11/17[0m [32m━━━━━━━━━━━━[0m[37m━━━━━━━━[0m [1m8s[0m 1s/step - accuracy: 0.8188 - auc: 0.9194 - f2_macro: 0.8264 - f2_plaga: 0.7989 - loss: 0.0424 - precision: 0.6650 - recall: 0.9194 - recall_plaga: 0.7684
[1m12/17[0m [32m━━━━━━━━━━━━━━[0m[37m━━━━━━[0m [1m7s[0m 1s/step - accuracy: 0.8172 - auc: 0.9169 - f2_macro: 0.8247 - f2_plaga: 0.7976 - loss: 0.0427 - precision: 0.6628 - recall: 0.9175 - recall_plaga: 0.7670
[1m13/17[0m [32m━━━━━━━━━━━━━━━[0m[37m━━━━━[0m [1m5s[0m 1s/step - accuracy: 0.8161 - auc: 0.9148 - f2_macro: 0.8235 - f2_plaga: 0.7968 - loss: 0.0429 - precision: 0.6617 - recall: 0.9156 - recall_plaga: 0.7663
[1m14/17[0m [32m━━━━━━━━━━━━━━━━[0m[37m━━━━[0m [1m4s[0m 1s/step - accuracy: 0.8152 - auc: 0.9131 - f2_macro: 0.8225 - f2_plaga: 0.7962 - loss: 0.0431 - precision: 0.6609 - recall: 0.9140 - recall_plaga: 0.7658
[1m15/17[0m [32m━━━━━━━━━━━━━━━━━[0m[37m━━━[0m [1m2s[0m 1s/step - accuracy: 0.8136 - auc: 0.9112 - f2_macro: 0.8209 - f2_plaga: 0.7947 - loss: 0.0433 - precision: 0.6585 - recall: 0.9129 - recall_plaga: 0.7641
[1m16/17[0m [32m━━━━━━━━━━━━━━━━━━[0m[37m━━[0m [1m1s[0m 1s/step - accuracy: 0.8122 - auc: 0.9097 - f2_macro: 0.8196 - f2_plaga: 0.7932 - loss: 0.0434 - precision: 0.6562 - recall: 0.9123 - recall_plaga: 0.7624
[1m17/17[0m [32m━━━━━━━━━━━━━━━━━━━━[0m[37m[0m [1m0s[0m 1s/step - accuracy: 0.8110 - auc: 0.9084 - f2_macro: 0.8184 - f2_plaga: 0.7919 - loss: 0.0436 - precision: 0.6542 - recall: 0.9116 - recall_plaga: 0.7611
Epoch 8: val_f2_macro did not improve from 0.35246

[1m17/17[0m [32m━━━━━━━━━━━━━━━━━━━━[0m[37m[0m [1m25s[0m 1s/step - accuracy: 0.7914 - auc: 0.8863 - f2_macro: 0.7995 - f2_plaga: 0.7719 - loss: 0.0456 - precision: 0.6225 - recall: 0.9012 - recall_plaga: 0.7389 - val_accuracy: 0.3233 - val_auc: 0.5000 - val_f2_macro: 0.3525 - val_f2_plaga: 0.0000e+00 - val_loss: 0.0697 - val_precision: 0.3233 - val_recall: 1.0000 - val_recall_plaga: 0.0000e+00 - learning_rate: 1.0000e-04
Epoch 9/80

[1m 1/17[0m [32m━[0m[37m━━━━━━━━━━━━━━━━━━━[0m [1m23s[0m 1s/step - accuracy: 0.8438 - auc: 0.9318 - f2_macro: 0.8593 - f2_plaga: 0.8095 - loss: 0.0407 - precision: 0.6667 - recall: 1.0000 - recall_plaga: 0.7727
[1m 2/17[0m [32m━━[0m[37m━━━━━━━━━━━━━━━━━━[0m [1m20s[0m 1s/step - accuracy: 0.8359 - auc: 0.9297 - f2_macro: 0.8444 - f2_plaga: 0.8176 - loss: 0.0400 - precision: 0.6603 - recall: 0.9474 - recall_plaga: 0.7864
[1m 3/17[0m [32m━━━[0m[37m━━━━━━━━━━━━━━━━━[0m [1m19s[0m 1s/step - accuracy: 0.8351 - auc: 0.9242 - f2_macro: 0.8424 - f2_plaga: 0.8183 - loss: 0.0405 - precision: 0.6727 - recall: 0.9346 - recall_plaga: 0.7888
[1m 4/17[0m [32m━━━━[0m[37m━━━━━━━━━━━━━━━━[0m [1m18s[0m 1s/step - accuracy: 0.8392 - auc: 0.9254 - f2_macro: 0.8457 - f2_plaga: 0.8236 - loss: 0.0403 - precision: 0.6888 - recall: 0.9292 - recall_plaga: 0.7959
[1m 5/17[0m [32m━━━━━[0m[37m━━━━━━━━━━━━━━━[0m [1m17s[0m 1s/step - accuracy: 0.8426 - auc: 0.9264 - f2_macro: 0.8489 - f2_plaga: 0.8269 - loss: 0.0402 - precision: 0.6982 - recall: 0.9293 - recall_plaga: 0.7998
[1m 6/17[0m [32m━━━━━━━[0m[37m━━━━━━━━━━━━━[0m [1m16s[0m 1s/step - accuracy: 0.8411 - auc: 0.9240 - f2_macro: 0.8466 - f2_plaga: 0.8270 - loss: 0.0405 - precision: 0.7009 - recall: 0.9215 - recall_plaga: 0.8009
[1m 7/17[0m [32m━━━━━━━━[0m[37m━━━━━━━━━━━━[0m [1m14s[0m 1s/step - accuracy: 0.8370 - auc: 0.9220 - f2_macro: 0.8424 - f2_plaga: 0.8235 - loss: 0.0408 - precision: 0.6946 - recall: 0.9171 - recall_plaga: 0.7972
[1m 8/17[0m [32m━━━━━━━━━[0m[37m━━━━━━━━━━━[0m [1m13s[0m 1s/step - accuracy: 0.8329 - auc: 0.9187 - f2_macro: 0.8381 - f2_plaga: 0.8201 - loss: 0.0412 - precision: 0.6885 - recall: 0.9124 - recall_plaga: 0.7936
[1m 9/17[0m [32m━━━━━━━━━━[0m[37m━━━━━━━━━━[0m [1m11s[0m 1s/step - accuracy: 0.8291 - auc: 0.9152 - f2_macro: 0.8339 - f2_plaga: 0.8173 - loss: 0.0417 - precision: 0.6846 - recall: 0.9061 - recall_plaga: 0.7910
[1m10/17[0m [32m━━━━━━━━━━━[0m[37m━━━━━━━━━[0m [1m10s[0m 1s/step - accuracy: 0.8253 - auc: 0.9116 - f2_macro: 0.8299 - f2_plaga: 0.8139 - loss: 0.0421 - precision: 0.6800 - recall: 0.9014 - recall_plaga: 0.7875
[1m11/17[0m [32m━━━━━━━━━━━━[0m[37m━━━━━━━━[0m [1m8s[0m 1s/step - accuracy: 0.8223 - auc: 0.9086 - f2_macro: 0.8268 - f2_plaga: 0.8111 - loss: 0.0425 - precision: 0.6758 - recall: 0.8985 - recall_plaga: 0.7845 
[1m12/17[0m [32m━━━━━━━━━━━━━━[0m[37m━━━━━━[0m [1m7s[0m 1s/step - accuracy: 0.8202 - auc: 0.9064 - f2_macro: 0.8246 - f2_plaga: 0.8092 - loss: 0.0428 - precision: 0.6727 - recall: 0.8964 - recall_plaga: 0.7825
[1m13/17[0m [32m━━━━━━━━━━━━━━━[0m[37m━━━━━[0m [1m5s[0m 1s/step - accuracy: 0.8187 - auc: 0.9047 - f2_macro: 0.8230 - f2_plaga: 0.8081 - loss: 0.0430 - precision: 0.6712 - recall: 0.8939 - recall_plaga: 0.7814
[1m14/17[0m [32m━━━━━━━━━━━━━━━━[0m[37m━━━━[0m [1m4s[0m 1s/step - accuracy: 0.8173 - auc: 0.9032 - f2_macro: 0.8215 - f2_plaga: 0.8069 - loss: 0.0432 - precision: 0.6696 - recall: 0.8919 - recall_plaga: 0.7803
[1m15/17[0m [32m━━━━━━━━━━━━━━━━━[0m[37m━━━[0m [1m2s[0m 1s/step - accuracy: 0.8158 - auc: 0.9018 - f2_macro: 0.8200 - f2_plaga: 0.8056 - loss: 0.0434 - precision: 0.6674 - recall: 0.8906 - recall_plaga: 0.7789
[1m16/17[0m [32m━━━━━━━━━━━━━━━━━━[0m[37m━━[0m [1m1s[0m 1s/step - accuracy: 0.8145 - auc: 0.9008 - f2_macro: 0.8187 - f2_plaga: 0.8043 - loss: 0.0435 - precision: 0.6651 - recall: 0.8899 - recall_plaga: 0.7774
[1m17/17[0m [32m━━━━━━━━━━━━━━━━━━━━[0m[37m[0m [1m0s[0m 1s/step - accuracy: 0.8135 - auc: 0.8999 - f2_macro: 0.8177 - f2_plaga: 0.8032 - loss: 0.0436 - precision: 0.6632 - recall: 0.8895 - recall_plaga: 0.7761
Epoch 9: val_f2_macro did not improve from 0.35246

[1m17/17[0m [32m━━━━━━━━━━━━━━━━━━━━[0m[37m[0m [1m25s[0m 1s/step - accuracy: 0.7970 - auc: 0.8862 - f2_macro: 0.8021 - f2_plaga: 0.7852 - loss: 0.0449 - precision: 0.6333 - recall: 0.8837 - recall_plaga: 0.7556 - val_accuracy: 0.3233 - val_auc: 0.8040 - val_f2_macro: 0.3525 - val_f2_plaga: 0.0000e+00 - val_loss: 0.0697 - val_precision: 0.3233 - val_recall: 1.0000 - val_recall_plaga: 0.0000e+00 - learning_rate: 1.0000e-04
Epoch 10/80

[1m 1/17[0m [32m━[0m[37m━━━━━━━━━━━━━━━━━━━[0m [1m26s[0m 2s/step - accuracy: 0.8125 - auc: 0.9364 - f2_macro: 0.8310 - f2_plaga: 0.7692 - loss: 0.0386 - precision: 0.6250 - recall: 1.0000 - recall_plaga: 0.7273
[1m 2/17[0m [32m━━[0m[37m━━━━━━━━━━━━━━━━━━[0m [1m22s[0m 2s/step - accuracy: 0.8281 - auc: 0.9430 - f2_macro: 0.8452 - f2_plaga: 0.7916 - loss: 0.0365 - precision: 0.6401 - recall: 1.0000 - recall_plaga: 0.7525
[1m 3/17[0m [32m━━━[0m[37m━━━━━━━━━━━━━━━━━[0m [1m20s[0m 1s/step - accuracy: 0.8333 - auc: 0.9429 - f2_macro: 0.8485 - f2_plaga: 0.7981 - loss: 0.0365 - precision: 0.6586 - recall: 0.9899 - recall_plaga: 0.7609
[1m 4/17[0m [32m━━━━[0m[37m━━━━━━━━━━━━━━━━[0m [1m18s[0m 1s/step - accuracy: 0.8398 - auc: 0.9435 - f2_macro: 0.8532 - f2_plaga: 0.8069 - loss: 0.0366 - precision: 0.6773 - recall: 0.9816 - recall_plaga: 0.7719
[1m 5/17[0m [32m━━━━━[0m[37m━━━━━━━━━━━━━━━[0m [1m17s[0m 1s/step - accuracy: 0.8444 - auc: 0.9437 - f2_macro: 0.8569 - f2_plaga: 0.8126 - loss: 0.0366 - precision: 0.6885 - recall: 0.9782 - recall_plaga: 0.7787
[1m 6/17[0m [32m━━━━━━━[0m[37m━━━━━━━━━━━━━[0m [1m15s[0m 1s/step - accuracy: 0.8434 - auc: 0.9393 - f2_macro: 0.8549 - f2_plaga: 0.8135 - loss: 0.0373 - precision: 0.6917 - recall: 0.9696 - recall_plaga: 0.7806
[1m 7/17[0m [32m━━━━━━━━[0m[37m━━━━━━━━━━━━[0m [1m14s[0m 1s/step - accuracy: 0.8409 - auc: 0.9354 - f2_macro: 0.8520 - f2_plaga: 0.8124 - loss: 0.0378 - precision: 0.6881 - recall: 0.9642 - recall_plaga: 0.7798
[1m 8/17[0m [32m━━━━━━━━━[0m[37m━━━━━━━━━━━[0m [1m12s[0m 1s/step - accuracy: 0.8378 - auc: 0.9310 - f2_macro: 0.8485 - f2_plaga: 0.8107 - loss: 0.0383 - precision: 0.6840 - recall: 0.9581 - recall_plaga: 0.7784
[1m 9/17[0m [32m━━━━━━━━━━[0m[37m━━━━━━━━━━[0m [1m11s[0m 1s/step - accuracy: 0.8346 - auc: 0.9262 - f2_macro: 0.8446 - f2_plaga: 0.8092 - loss: 0.0390 - precision: 0.6815 - recall: 0.9502 - recall_plaga: 0.7775
[1m10/17[0m [32m━━━━━━━━━━━[0m[37m━━━━━━━━━[0m [1m10s[0m 1s/step - accuracy: 0.8309 - auc: 0.9214 - f2_macro: 0.8403 - f2_plaga: 0.8068 - loss: 0.0397 - precision: 0.6778 - recall: 0.9430 - recall_plaga: 0.7753
[1m11/17[0m [32m━━━━━━━━━━━━[0m[37m━━━━━━━━[0m [1m8s[0m 1s/step - accuracy: 0.8271 - auc: 0.9174 - f2_macro: 0.8363 - f2_plaga: 0.8038 - loss: 0.0402 - precision: 0.6730 - recall: 0.9379 - recall_plaga: 0.7723 
[1m12/17[0m [32m━━━━━━━━━━━━━━[0m[37m━━━━━━[0m [1m7s[0m 1s/step - accuracy: 0.8246 - auc: 0.9146 - f2_macro: 0.8335 - f2_plaga: 0.8020 - loss: 0.0406 - precision: 0.6700 - recall: 0.9338 - recall_plaga: 0.7706
[1m13/17[0m [32m━━━━━━━━━━━━━━━[0m[37m━━━━━[0m [1m5s[0m 1s/step - accuracy: 0.8231 - auc: 0.9125 - f2_macro: 0.8318 - f2_plaga: 0.8011 - loss: 0.0409 - precision: 0.6686 - recall: 0.9306 - recall_plaga: 0.7699
[1m14/17[0m [32m━━━━━━━━━━━━━━━━[0m[37m━━━━[0m [1m4s[0m 1s/step - accuracy: 0.8220 - auc: 0.9107 - f2_macro: 0.8305 - f2_plaga: 0.8006 - loss: 0.0412 - precision: 0.6678 - recall: 0.9279 - recall_plaga: 0.7696
[1m15/17[0m [32m━━━━━━━━━━━━━━━━━[0m[37m━━━[0m [1m2s[0m 1s/step - accuracy: 0.8210 - auc: 0.9089 - f2_macro: 0.8292 - f2_plaga: 0.8002 - loss: 0.0414 - precision: 0.6664 - recall: 0.9255 - recall_plaga: 0.7693
[1m16/17[0m [32m━━━━━━━━━━━━━━━━━━[0m[37m━━[0m [1m1s[0m 1s/step - accuracy: 0.8200 - auc: 0.9077 - f2_macro: 0.8281 - f2_plaga: 0.7996 - loss: 0.0416 - precision: 0.6648 - recall: 0.9237 - recall_plaga: 0.7688
[1m17/17[0m [32m━━━━━━━━━━━━━━━━━━━━[0m[37m[0m [1m0s[0m 1s/step - accuracy: 0.8191 - auc: 0.9064 - f2_macro: 0.8270 - f2_plaga: 0.7991 - loss: 0.0418 - precision: 0.6634 - recall: 0.9220 - recall_plaga: 0.7683
Epoch 10: val_f2_macro did not improve from 0.35246

[1m17/17[0m [32m━━━━━━━━━━━━━━━━━━━━[0m[37m[0m [1m25s[0m 1s/step - accuracy: 0.8045 - auc: 0.8855 - f2_macro: 0.8104 - f2_plaga: 0.7910 - loss: 0.0448 - precision: 0.6417 - recall: 0.8953 - recall_plaga: 0.7611 - val_accuracy: 0.3233 - val_auc: 0.6222 - val_f2_macro: 0.3525 - val_f2_plaga: 0.0000e+00 - val_loss: 0.0697 - val_precision: 0.3233 - val_recall: 1.0000 - val_recall_plaga: 0.0000e+00 - learning_rate: 1.0000e-04
Epoch 11/80

[1m 1/17[0m [32m━[0m[37m━━━━━━━━━━━━━━━━━━━[0m [1m23s[0m 1s/step - accuracy: 0.9375 - auc: 0.9591 - f2_macro: 0.9437 - f2_plaga: 0.9259 - loss: 0.0314 - precision: 0.8333 - recall: 1.0000 - recall_plaga: 0.9091
[1m 2/17[0m [32m━━[0m[37m━━━━━━━━━━━━━━━━━━[0m [1m21s[0m 1s/step - accuracy: 0.9062 - auc: 0.9483 - f2_macro: 0.9115 - f2_plaga: 0.8968 - loss: 0.0335 - precision: 0.7767 - recall: 0.9737 - recall_plaga: 0.8768
[1m 3/17[0m [32m━━━[0m[37m━━━━━━━━━━━━━━━━━[0m [1m20s[0m 1s/step - accuracy: 0.8924 - auc: 0.9464 - f2_macro: 0.8978 - f2_plaga: 0.8811 - loss: 0.0346 - precision: 0.7638 - recall: 0.9623 - recall_plaga: 0.8596
[1m 4/17[0m [32m━━━━[0m[37m━━━━━━━━━━━━━━━━[0m [1m18s[0m 1s/step - accuracy: 0.8841 - auc: 0.9471 - f2_macro: 0.8896 - f2_plaga: 0.8712 - loss: 0.0351 - precision: 0.7582 - recall: 0.9554 - recall_plaga: 0.8490
[1m 5/17[0m [32m━━━━━[0m[37m━━━━━━━━━━━━━━━[0m [1m17s[0m 1s/step - accuracy: 0.8785 - auc: 0.9473 - f2_macro: 0.8844 - f2_plaga: 0.8636 - loss: 0.0353 - precision: 0.7525 - recall: 0.9538 - recall_plaga: 0.8404
[1m 6/17[0m [32m━━━━━━━[0m[37m━━━━━━━━━━━━━[0m [1m15s[0m 1s/step - accuracy: 0.8710 - auc: 0.9428 - f2_macro: 0.8768 - f2_plaga: 0.8558 - loss: 0.0362 - precision: 0.7445 - recall: 0.9468 - recall_plaga: 0.8320
[1m 7/17[0m [32m━━━━━━━━[0m[37m━━━━━━━━━━━━[0m [1m14s[0m 1s/step - accuracy: 0.8633 - auc: 0.9390 - f2_macro: 0.8694 - f2_plaga: 0.8477 - loss: 0.0368 - precision: 0.7320 - recall: 0.9426 - recall_plaga: 0.8229
[1m 8/17[0m [32m━━━━━━━━━[0m[37m━━━━━━━━━━━[0m [1m13s[0m 1s/step - accuracy: 0.8564 - auc: 0.9343 - f2_macro: 0.8628 - f2_plaga: 0.8404 - loss: 0.0375 - precision: 0.7210 - recall: 0.9393 - recall_plaga: 0.8147
[1m 9/17[0m [32m━━━━━━━━━━[0m[37m━━━━━━━━━━[0m [1m11s[0m 1s/step - accuracy: 0.8508 - auc: 0.9305 - f2_macro: 0.8571 - f2_plaga: 0.8346 - loss: 0.0382 - precision: 0.7136 - recall: 0.9346 - recall_plaga: 0.8085
[1m10/17[0m [32m━━━━━━━━━━━[0m[37m━━━━━━━━━[0m [1m10s[0m 1s/step - accuracy: 0.8457 - auc: 0.9265 - f2_macro: 0.8522 - f2_plaga: 0.8290 - loss: 0.0388 - precision: 0.7065 - recall: 0.9318 - recall_plaga: 0.8023
[1m11/17[0m [32m━━━━━━━━━━━━[0m[37m━━━━━━━━[0m [1m8s[0m 1s/step - accuracy: 0.8414 - auc: 0.9225 - f2_macro: 0.8482 - f2_plaga: 0.8242 - loss: 0.0394 - precision: 0.6997 - recall: 0.9301 - recall_plaga: 0.7969 
[1m12/17[0m [32m━━━━━━━━━━━━━━[0m[37m━━━━━━[0m [1m7s[0m 1s/step - accuracy: 0.8381 - auc: 0.9196 - f2_macro: 0.8451 - f2_plaga: 0.8204 - loss: 0.0398 - precision: 0.6945 - recall: 0.9293 - recall_plaga: 0.7925
[1m13/17[0m [32m━━━━━━━━━━━━━━━[0m[37m━━━━━[0m [1m5s[0m 1s/step - accuracy: 0.8356 - auc: 0.9172 - f2_macro: 0.8427 - f2_plaga: 0.8175 - loss: 0.0402 - precision: 0.6910 - recall: 0.9281 - recall_plaga: 0.7893
[1m14/17[0m [32m━━━━━━━━━━━━━━━━[0m[37m━━━━[0m [1m4s[0m 1s/step - accuracy: 0.8335 - auc: 0.9152 - f2_macro: 0.8407 - f2_plaga: 0.8151 - loss: 0.0405 - precision: 0.6880 - recall: 0.9270 - recall_plaga: 0.7866
[1m15/17[0m [32m━━━━━━━━━━━━━━━━━[0m[37m━━━[0m [1m2s[0m 1s/step - accuracy: 0.8310 - auc: 0.9133 - f2_macro: 0.8383 - f2_plaga: 0.8124 - loss: 0.0408 - precision: 0.6840 - recall: 0.9259 - recall_plaga: 0.7836
[1m16/17[0m [32m━━━━━━━━━━━━━━━━━━[0m[37m━━[0m [1m1s[0m 1s/step - accuracy: 0.8288 - auc: 0.9118 - f2_macro: 0.8363 - f2_plaga: 0.8100 - loss: 0.0410 - precision: 0.6804 - recall: 0.9252 - recall_plaga: 0.7809
[1m17/17[0m [32m━━━━━━━━━━━━━━━━━━━━[0m[37m[0m [1m0s[0m 1s/step - accuracy: 0.8270 - auc: 0.9106 - f2_macro: 0.8345 - f2_plaga: 0.8080 - loss: 0.0412 - precision: 0.6773 - recall: 0.9245 - recall_plaga: 0.7786
Epoch 11: val_f2_macro did not improve from 0.35246

[1m17/17[0m [32m━━━━━━━━━━━━━━━━━━━━[0m[37m[0m [1m26s[0m 2s/step - accuracy: 0.7970 - auc: 0.8899 - f2_macro: 0.8061 - f2_plaga: 0.7753 - loss: 0.0442 - precision: 0.6280 - recall: 0.9128 - recall_plaga: 0.7417 - val_accuracy: 0.3233 - val_auc: 0.6944 - val_f2_macro: 0.3525 - val_f2_plaga: 0.0000e+00 - val_loss: 0.0696 - val_precision: 0.3233 - val_recall: 1.0000 - val_recall_plaga: 0.0000e+00 - learning_rate: 1.0000e-04
Epoch 12/80

[1m 1/17[0m [32m━[0m[37m━━━━━━━━━━━━━━━━━━━[0m [1m22s[0m 1s/step - accuracy: 0.9062 - auc: 0.9364 - f2_macro: 0.9156 - f2_plaga: 0.8879 - loss: 0.0394 - precision: 0.7692 - recall: 1.0000 - recall_plaga: 0.8636
[1m 2/17[0m [32m━━[0m[37m━━━━━━━━━━━━━━━━━━[0m [1m22s[0m 2s/step - accuracy: 0.9141 - auc: 0.9433 - f2_macro: 0.9226 - f2_plaga: 0.8985 - loss: 0.0371 - precision: 0.7804 - recall: 1.0000 - recall_plaga: 0.8763
[1m 3/17[0m [32m━━━[0m[37m━━━━━━━━━━━━━━━━━[0m [1m22s[0m 2s/step - accuracy: 0.9080 - auc: 0.9402 - f2_macro: 0.9158 - f2_plaga: 0.8921 - loss: 0.0374 - precision: 0.7805 - recall: 0.9899 - recall_plaga: 0.8699
[1m 4/17[0m [32m━━━━[0m[37m━━━━━━━━━━━━━━━━[0m [1m20s[0m 2s/step - accuracy: 0.9036 - auc: 0.9415 - f2_macro: 0.9101 - f2_plaga: 0.8899 - loss: 0.0374 - precision: 0.7844 - recall: 0.9761 - recall_plaga: 0.8689
[1m 5/17[0m [32m━━━━━[0m[37m━━━━━━━━━━━━━━━[0m [1m18s[0m 2s/step - accuracy: 0.9004 - auc: 0.9423 - f2_macro: 0.9061 - f2_plaga: 0.8881 - loss: 0.0374 - precision: 0.7857 - recall: 0.9669 - recall_plaga: 0.8679
[1m 6/17[0m [32m━━━━━━━[0m[37m━━━━━━━━━━━━━[0m [1m16s[0m 2s/step - accuracy: 0.8944 - auc: 0.9386 - f2_macro: 0.8992 - f2_plaga: 0.8840 - loss: 0.0380 - precision: 0.7819 - recall: 0.9552 - recall_plaga: 0.8644
[1m 7/17[0m [32m━━━━━━━━[0m[37m━━━━━━━━━━━━[0m [1m15s[0m 2s/step - accuracy: 0.8872 - auc: 0.9348 - f2_macro: 0.8914 - f2_plaga: 0.8781 - loss: 0.0385 - precision: 0.7711 - recall: 0.9460 - recall_plaga: 0.8582
[1m 8/17[0m [32m━━━━━━━━━[0m[37m━━━━━━━━━━━[0m [1m13s[0m 1s/step - accuracy: 0.8808 - auc: 0.9302 - f2_macro: 0.8844 - f2_plaga: 0.8729 - loss: 0.0391 - precision: 0.7616 - recall: 0.9377 - recall_plaga: 0.8528
[1m 9/17[0m [32m━━━━━━━━━━[0m[37m━━━━━━━━━━[0m [1m11s[0m 1s/step - accuracy: 0.8744 - auc: 0.9254 - f2_macro: 0.8774 - f2_plaga: 0.8677 - loss: 0.0397 - precision: 0.7539 - recall: 0.9286 - recall_plaga: 0.8477
[1m10/17[0m [32m━━━━━━━━━━━[0m[37m━━━━━━━━━[0m [1m10s[0m 1s/step - accuracy: 0.8685 - auc: 0.9211 - f2_macro: 0.8714 - f2_plaga: 0.8621 - loss: 0.0403 - precision: 0.7459 - recall: 0.9226 - recall_plaga: 0.8418
[1m11/17[0m [32m━━━━━━━━━━━━[0m[37m━━━━━━━━[0m [1m8s[0m 1s/step - accuracy: 0.8637 - auc: 0.9173 - f2_macro: 0.8665 - f2_plaga: 0.8574 - loss: 0.0408 - precision: 0.7385 - recall: 0.9186 - recall_plaga: 0.8366 
[1m12/17[0m [32m━━━━━━━━━━━━━━[0m[37m━━━━━━[0m [1m7s[0m 1s/step - accuracy: 0.8596 - auc: 0.9144 - f2_macro: 0.8624 - f2_plaga: 0.8536 - loss: 0.0411 - precision: 0.7325 - recall: 0.9148 - recall_plaga: 0.8324
[1m13/17[0m [32m━━━━━━━━━━━━━━━[0m[37m━━━━━[0m [1m5s[0m 1s/step - accuracy: 0.8567 - auc: 0.9120 - f2_macro: 0.8593 - f2_plaga: 0.8510 - loss: 0.0414 - precision: 0.7287 - recall: 0.9114 - recall_plaga: 0.8298
[1m14/17[0m [32m━━━━━━━━━━━━━━━━[0m[37m━━━━[0m [1m4s[0m 1s/step - accuracy: 0.8545 - auc: 0.9101 - f2_macro: 0.8571 - f2_plaga: 0.8489 - loss: 0.0417 - precision: 0.7258 - recall: 0.9091 - recall_plaga: 0.8276
[1m15/17[0m [32m━━━━━━━━━━━━━━━━━[0m[37m━━━[0m [1m2s[0m 1s/step - accuracy: 0.8521 - auc: 0.9083 - f2_macro: 0.8547 - f2_plaga: 0.8465 - loss: 0.0419 - precision: 0.7218 - recall: 0.9075 - recall_plaga: 0.8249
[1m16/17[0m [32m━━━━━━━━━━━━━━━━━━[0m[37m━━[0m [1m1s[0m 1s/step - accuracy: 0.8500 - auc: 0.9070 - f2_macro: 0.8526 - f2_plaga: 0.8443 - loss: 0.0420 - precision: 0.7181 - recall: 0.9065 - recall_plaga: 0.8223
[1m17/17[0m [32m━━━━━━━━━━━━━━━━━━━━[0m[37m[0m [1m0s[0m 1s/step - accuracy: 0.8481 - auc: 0.9059 - f2_macro: 0.8508 - f2_plaga: 0.8422 - loss: 0.0421 - precision: 0.7148 - recall: 0.9055 - recall_plaga: 0.8200
Epoch 12: val_f2_macro did not improve from 0.35246

[1m17/17[0m [32m━━━━━━━━━━━━━━━━━━━━[0m[37m[0m [1m26s[0m 2s/step - accuracy: 0.8177 - auc: 0.8883 - f2_macro: 0.8212 - f2_plaga: 0.8099 - loss: 0.0439 - precision: 0.6623 - recall: 0.8895 - recall_plaga: 0.7833 - val_accuracy: 0.3233 - val_auc: 0.6699 - val_f2_macro: 0.3525 - val_f2_plaga: 0.0000e+00 - val_loss: 0.0696 - val_precision: 0.3233 - val_recall: 1.0000 - val_recall_plaga: 0.0000e+00 - learning_rate: 1.0000e-04
Epoch 13/80

[1m 1/17[0m [32m━[0m[37m━━━━━━━━━━━━━━━━━━━[0m [1m22s[0m 1s/step - accuracy: 0.8750 - auc: 0.9659 - f2_macro: 0.8875 - f2_plaga: 0.8491 - loss: 0.0339 - precision: 0.7143 - recall: 1.0000 - recall_plaga: 0.8182
[1m 2/17[0m [32m━━[0m[37m━━━━━━━━━━━━━━━━━━[0m [1m21s[0m 1s/step - accuracy: 0.8828 - auc: 0.9578 - f2_macro: 0.8903 - f2_plaga: 0.8677 - loss: 0.0349 - precision: 0.7321 - recall: 0.9737 - recall_plaga: 0.8424
[1m 3/17[0m [32m━━━[0m[37m━━━━━━━━━━━━━━━━━[0m [1m19s[0m 1s/step - accuracy: 0.8802 - auc: 0.9538 - f2_macro: 0.8867 - f2_plaga: 0.8662 - loss: 0.0354 - precision: 0.7401 - recall: 0.9623 - recall_plaga: 0.8420
[1m 4/17[0m [32m━━━━[0m[37m━━━━━━━━━━━━━━━━[0m [1m18s[0m 1s/step - accuracy: 0.8828 - auc: 0.9543 - f2_macro: 0.8890 - f2_plaga: 0.8684 - loss: 0.0355 - precision: 0.7515 - recall: 0.9608 - recall_plaga: 0.8449
[1m 5/17[0m [32m━━━━━[0m[37m━━━━━━━━━━━━━━━[0m [1m17s[0m 1s/step - accuracy: 0.8812 - auc: 0.9535 - f2_macro: 0.8877 - f2_plaga: 0.8651 - loss: 0.0357 - precision: 0.7519 - recall: 0.9616 - recall_plaga: 0.8410
[1m 6/17[0m [32m━━━━━━━[0m[37m━━━━━━━━━━━━━[0m [1m15s[0m 1s/step - accuracy: 0.8759 - auc: 0.9493 - f2_macro: 0.8825 - f2_plaga: 0.8586 - loss: 0.0362 - precision: 0.7464 - recall: 0.9582 - recall_plaga: 0.8339
[1m 7/17[0m [32m━━━━━━━━[0m[37m━━━━━━━━━━━━[0m [1m14s[0m 1s/step - accuracy: 0.8687 - auc: 0.9452 - f2_macro: 0.8759 - f2_plaga: 0.8504 - loss: 0.0367 - precision: 0.7346 - recall: 0.9564 - recall_plaga: 0.8245
[1m 8/17[0m [32m━━━━━━━━━[0m[37m━━━━━━━━━━━[0m [1m12s[0m 1s/step - accuracy: 0.8627 - auc: 0.9404 - f2_macro: 0.8700 - f2_plaga: 0.8441 - loss: 0.0373 - precision: 0.7250 - recall: 0.9528 - recall_plaga: 0.8176
[1m 9/17[0m [32m━━━━━━━━━━[0m[37m━━━━━━━━━━[0m [1m11s[0m 1s/step - accuracy: 0.8571 - auc: 0.9355 - f2_macro: 0.8643 - f2_plaga: 0.8390 - loss: 0.0380 - precision: 0.7183 - recall: 0.9466 - recall_plaga: 0.8122
[1m10/17[0m [32m━━━━━━━━━━━[0m[37m━━━━━━━━━[0m [1m10s[0m 1s/step - accuracy: 0.8517 - auc: 0.9312 - f2_macro: 0.8588 - f2_plaga: 0.8337 - loss: 0.0385 - precision: 0.7113 - recall: 0.9416 - recall_plaga: 0.8066
[1m11/17[0m [32m━━━━━━━━━━━━[0m[37m━━━━━━━━[0m [1m8s[0m 1s/step - accuracy: 0.8468 - auc: 0.9275 - f2_macro: 0.8540 - f2_plaga: 0.8288 - loss: 0.0390 - precision: 0.7043 - recall: 0.9382 - recall_plaga: 0.8012 
[1m12/17[0m [32m━━━━━━━━━━━━━━[0m[37m━━━━━━[0m [1m7s[0m 1s/step - accuracy: 0.8429 - auc: 0.9248 - f2_macro: 0.8500 - f2_plaga: 0.8249 - loss: 0.0393 - precision: 0.6988 - recall: 0.9348 - recall_plaga: 0.7971
[1m13/17[0m [32m━━━━━━━━━━━━━━━[0m[37m━━━━━[0m [1m5s[0m 1s/step - accuracy: 0.8400 - auc: 0.9226 - f2_macro: 0.8470 - f2_plaga: 0.8223 - loss: 0.0396 - precision: 0.6952 - recall: 0.9315 - recall_plaga: 0.7943
[1m14/17[0m [32m━━━━━━━━━━━━━━━━[0m[37m━━━━[0m [1m4s[0m 1s/step - accuracy: 0.8376 - auc: 0.9205 - f2_macro: 0.8445 - f2_plaga: 0.8201 - loss: 0.0398 - precision: 0.6923 - recall: 0.9288 - recall_plaga: 0.7920
[1m15/17[0m [32m━━━━━━━━━━━━━━━━━[0m[37m━━━[0m [1m2s[0m 1s/step - accuracy: 0.8352 - auc: 0.9185 - f2_macro: 0.8421 - f2_plaga: 0.8178 - loss: 0.0401 - precision: 0.6887 - recall: 0.9267 - recall_plaga: 0.7896
[1m16/17[0m [32m━━━━━━━━━━━━━━━━━━[0m[37m━━[0m [1m1s[0m 1s/step - accuracy: 0.8329 - auc: 0.9169 - f2_macro: 0.8399 - f2_plaga: 0.8156 - loss: 0.0403 - precision: 0.6852 - recall: 0.9252 - recall_plaga: 0.7871
[1m17/17[0m [32m━━━━━━━━━━━━━━━━━━━━[0m[37m[0m [1m0s[0m 1s/step - accuracy: 0.8308 - auc: 0.9156 - f2_macro: 0.8378 - f2_plaga: 0.8134 - loss: 0.0405 - precision: 0.6819 - recall: 0.9238 - recall_plaga: 0.7848
Epoch 13: val_f2_macro did not improve from 0.35246

[1m17/17[0m [32m━━━━━━━━━━━━━━━━━━━━[0m[37m[0m [1m25s[0m 1s/step - accuracy: 0.7970 - auc: 0.8937 - f2_macro: 0.8045 - f2_plaga: 0.7793 - loss: 0.0433 - precision: 0.6301 - recall: 0.9012 - recall_plaga: 0.7472 - val_accuracy: 0.3233 - val_auc: 0.8353 - val_f2_macro: 0.3525 - val_f2_plaga: 0.0000e+00 - val_loss: 0.0695 - val_precision: 0.3233 - val_recall: 1.0000 - val_recall_plaga: 0.0000e+00 - learning_rate: 1.0000e-04
Epoch 14/80

[1m 1/17[0m [32m━[0m[37m━━━━━━━━━━━━━━━━━━━[0m [1m24s[0m 2s/step - accuracy: 0.9062 - auc: 0.9841 - f2_macro: 0.9156 - f2_plaga: 0.8879 - loss: 0.0303 - precision: 0.7692 - recall: 1.0000 - recall_plaga: 0.8636
[1m 2/17[0m [32m━━[0m[37m━━━━━━━━━━━━━━━━━━[0m [1m22s[0m 1s/step - accuracy: 0.8984 - auc: 0.9689 - f2_macro: 0.9044 - f2_plaga: 0.8871 - loss: 0.0314 - precision: 0.7596 - recall: 0.9737 - recall_plaga: 0.8652
[1m 3/17[0m [32m━━━[0m[37m━━━━━━━━━━━━━━━━━[0m [1m20s[0m 1s/step - accuracy: 0.8906 - auc: 0.9610 - f2_macro: 0.8961 - f2_plaga: 0.8791 - loss: 0.0325 - precision: 0.7584 - recall: 0.9623 - recall_plaga: 0.8572
[1m 4/17[0m [32m━━━━[0m[37m━━━━━━━━━━━━━━━━[0m [1m19s[0m 2s/step - accuracy: 0.8906 - auc: 0.9591 - f2_macro: 0.8961 - f2_plaga: 0.8781 - loss: 0.0328 - precision: 0.7653 - recall: 0.9608 - recall_plaga: 0.8563
[1m 5/17[0m [32m━━━━━[0m[37m━━━━━━━━━━━━━━━[0m [1m18s[0m 2s/step - accuracy: 0.8913 - auc: 0.9578 - f2_macro: 0.8968 - f2_plaga: 0.8778 - loss: 0.0330 - precision: 0.7694 - recall: 0.9616 - recall_plaga: 0.8559
[1m 6/17[0m [32m━━━━━━━[0m[37m━━━━━━━━━━━━━[0m [1m17s[0m 2s/step - accuracy: 0.8885 - auc: 0.9542 - f2_macro: 0.8943 - f2_plaga: 0.8741 - loss: 0.0336 - precision: 0.7671 - recall: 0.9607 - recall_plaga: 0.8517
[1m 7/17[0m [32m━━━━━━━━[0m[37m━━━━━━━━━━━━[0m [1m15s[0m 2s/step - accuracy: 0.8841 - auc: 0.9511 - f2_macro: 0.8902 - f2_plaga: 0.8687 - loss: 0.0340 - precision: 0.7585 - recall: 0.9604 - recall_plaga: 0.8455
[1m 8/17[0m [32m━━━━━━━━━[0m[37m━━━━━━━━━━━[0m [1m13s[0m 2s/step - accuracy: 0.8795 - auc: 0.9474 - f2_macro: 0.8858 - f2_plaga: 0.8641 - loss: 0.0346 - precision: 0.7508 - recall: 0.9578 - recall_plaga: 0.8402
[1m 9/17[0m [32m━━━━━━━━━━[0m[37m━━━━━━━━━━[0m [1m12s[0m 2s/step - accuracy: 0.8751 - auc: 0.9439 - f2_macro: 0.8813 - f2_plaga: 0.8599 - loss: 0.0351 - precision: 0.7452 - recall: 0.9534 - recall_plaga: 0.8359
[1m10/17[0m [32m━━━━━━━━━━━[0m[37m━━━━━━━━━[0m [1m10s[0m 1s/step - accuracy: 0.8711 - auc: 0.9399 - f2_macro: 0.8773 - f2_plaga: 0.8557 - loss: 0.0357 - precision: 0.7394 - recall: 0.9506 - recall_plaga: 0.8311
[1m11/17[0m [32m━━━━━━━━━━━━[0m[37m━━━━━━━━[0m [1m8s[0m 1s/step - accuracy: 0.8668 - auc: 0.9364 - f2_macro: 0.8731 - f2_plaga: 0.8512 - loss: 0.0361 - precision: 0.7328 - recall: 0.9479 - recall_plaga: 0.8262 
[1m12/17[0m [32m━━━━━━━━━━━━━━[0m[37m━━━━━━[0m [1m7s[0m 1s/step - accuracy: 0.8633 - auc: 0.9335 - f2_macro: 0.8697 - f2_plaga: 0.8478 - loss: 0.0365 - precision: 0.7278 - recall: 0.9450 - recall_plaga: 0.8226
[1m13/17[0m [32m━━━━━━━━━━━━━━━[0m[37m━━━━━[0m [1m5s[0m 1s/step - accuracy: 0.8605 - auc: 0.9311 - f2_macro: 0.8668 - f2_plaga: 0.8452 - loss: 0.0369 - precision: 0.7242 - recall: 0.9420 - recall_plaga: 0.8198
[1m14/17[0m [32m━━━━━━━━━━━━━━━━[0m[37m━━━━[0m [1m4s[0m 1s/step - accuracy: 0.8582 - auc: 0.9290 - f2_macro: 0.8644 - f2_plaga: 0.8431 - loss: 0.0372 - precision: 0.7213 - recall: 0.9395 - recall_plaga: 0.8176
[1m15/17[0m [32m━━━━━━━━━━━━━━━━━[0m[37m━━━[0m [1m2s[0m 1s/step - accuracy: 0.8557 - auc: 0.9269 - f2_macro: 0.8618 - f2_plaga: 0.8408 - loss: 0.0375 - precision: 0.7175 - recall: 0.9371 - recall_plaga: 0.8151
[1m16/17[0m [32m━━━━━━━━━━━━━━━━━━[0m[37m━━[0m [1m1s[0m 1s/step - accuracy: 0.8535 - auc: 0.9252 - f2_macro: 0.8596 - f2_plaga: 0.8387 - loss: 0.0377 - precision: 0.7140 - recall: 0.9354 - recall_plaga: 0.8128
[1m17/17[0m [32m━━━━━━━━━━━━━━━━━━━━[0m[37m[0m [1m0s[0m 1s/step - accuracy: 0.8514 - auc: 0.9237 - f2_macro: 0.8575 - f2_plaga: 0.8367 - loss: 0.0379 - precision: 0.7107 - recall: 0.9337 - recall_plaga: 0.8106
Epoch 14: val_f2_macro did not improve from 0.35246

[1m17/17[0m [32m━━━━━━━━━━━━━━━━━━━━[0m[37m[0m [1m26s[0m 2s/step - accuracy: 0.8177 - auc: 0.8997 - f2_macro: 0.8236 - f2_plaga: 0.8040 - loss: 0.0413 - precision: 0.6582 - recall: 0.9070 - recall_plaga: 0.7750 - val_accuracy: 0.3233 - val_auc: 0.7078 - val_f2_macro: 0.3525 - val_f2_plaga: 0.0000e+00 - val_loss: 0.0693 - val_precision: 0.3233 - val_recall: 1.0000 - val_recall_plaga: 0.0000e+00 - learning_rate: 1.0000e-04
Epoch 15/80

[1m 1/17[0m [32m━[0m[37m━━━━━━━━━━━━━━━━━━━[0m [1m23s[0m 1s/step - accuracy: 0.9062 - auc: 0.9795 - f2_macro: 0.9156 - f2_plaga: 0.8879 - loss: 0.0298 - precision: 0.7692 - recall: 1.0000 - recall_plaga: 0.8636
[1m 2/17[0m [32m━━[0m[37m━━━━━━━━━━━━━━━━━━[0m [1m21s[0m 1s/step - accuracy: 0.8984 - auc: 0.9640 - f2_macro: 0.9085 - f2_plaga: 0.8797 - loss: 0.0319 - precision: 0.7500 - recall: 1.0000 - recall_plaga: 0.8540
[1m 3/17[0m [32m━━━[0m[37m━━━━━━━━━━━━━━━━━[0m [1m20s[0m 1s/step - accuracy: 0.8906 - auc: 0.9529 - f2_macro: 0.9002 - f2_plaga: 0.8706 - loss: 0.0341 - precision: 0.7481 - recall: 0.9899 - recall_plaga: 0.8445
[1m 4/17[0m [32m━━━━[0m[37m━━━━━━━━━━━━━━━━[0m [1m18s[0m 1s/step - accuracy: 0.8887 - auc: 0.9503 - f2_macro: 0.8973 - f2_plaga: 0.8691 - loss: 0.0348 - precision: 0.7540 - recall: 0.9816 - recall_plaga: 0.8437
[1m 5/17[0m [32m━━━━━[0m[37m━━━━━━━━━━━━━━━[0m [1m17s[0m 1s/step - accuracy: 0.8872 - auc: 0.9497 - f2_macro: 0.8955 - f2_plaga: 0.8673 - loss: 0.0349 - precision: 0.7560 - recall: 0.9782 - recall_plaga: 0.8420
[1m 6/17[0m [32m━━━━━━━[0m[37m━━━━━━━━━━━━━[0m [1m15s[0m 1s/step - accuracy: 0.8826 - auc: 0.9465 - f2_macro: 0.8908 - f2_plaga: 0.8619 - loss: 0.0355 - precision: 0.7517 - recall: 0.9745 - recall_plaga: 0.8361
[1m 7/17[0m [32m━━━━━━━━[0m[37m━━━━━━━━━━━━[0m [1m14s[0m 1s/step - accuracy: 0.8745 - auc: 0.9425 - f2_macro: 0.8828 - f2_plaga: 0.8539 - loss: 0.0361 - precision: 0.7396 - recall: 0.9684 - recall_plaga: 0.8273
[1m 8/17[0m [32m━━━━━━━━━[0m[37m━━━━━━━━━━━[0m [1m12s[0m 1s/step - accuracy: 0.8667 - auc: 0.9373 - f2_macro: 0.8750 - f2_plaga: 0.8464 - loss: 0.0368 - precision: 0.7283 - recall: 0.9618 - recall_plaga: 0.8193
[1m 9/17[0m [32m━━━━━━━━━━[0m[37m━━━━━━━━━━[0m [1m11s[0m 1s/step - accuracy: 0.8607 - auc: 0.9331 - f2_macro: 0.8688 - f2_plaga: 0.8406 - loss: 0.0374 - precision: 0.7209 - recall: 0.9557 - recall_plaga: 0.8132
[1m10/17[0m [32m━━━━━━━━━━━[0m[37m━━━━━━━━━[0m [1m9s[0m 1s/step - accuracy: 0.8556 - auc: 0.9293 - f2_macro: 0.8636 - f2_plaga: 0.8357 - loss: 0.0379 - precision: 0.7144 - recall: 0.9508 - recall_plaga: 0.8079 
[1m11/17[0m [32m━━━━━━━━━━━━[0m[37m━━━━━━━━[0m [1m8s[0m 1s/step - accuracy: 0.8514 - auc: 0.9257 - f2_macro: 0.8594 - f2_plaga: 0.8316 - loss: 0.0384 - precision: 0.7083 - recall: 0.9474 - recall_plaga: 0.8035
[1m12/17[0m [32m━━━━━━━━━━━━━━[0m[37m━━━━━━[0m [1m7s[0m 1s/step - accuracy: 0.8481 - auc: 0.9230 - f2_macro: 0.8561 - f2_plaga: 0.8285 - loss: 0.0388 - precision: 0.7038 - recall: 0.9445 - recall_plaga: 0.8002
[1m13/17[0m [32m━━━━━━━━━━━━━━━[0m[37m━━━━━[0m [1m5s[0m 1s/step - accuracy: 0.8456 - auc: 0.9207 - f2_macro: 0.8534 - f2_plaga: 0.8264 - loss: 0.0391 - precision: 0.7008 - recall: 0.9410 - recall_plaga: 0.7981
[1m14/17[0m [32m━━━━━━━━━━━━━━━━[0m[37m━━━━[0m [1m4s[0m 1s/step - accuracy: 0.8435 - auc: 0.9187 - f2_macro: 0.8511 - f2_plaga: 0.8247 - loss: 0.0394 - precision: 0.6985 - recall: 0.9381 - recall_plaga: 0.7964
[1m15/17[0m [32m━━━━━━━━━━━━━━━━━[0m[37m━━━[0m [1m2s[0m 1s/step - accuracy: 0.8411 - auc: 0.9165 - f2_macro: 0.8485 - f2_plaga: 0.8225 - loss: 0.0397 - precision: 0.6949 - recall: 0.9354 - recall_plaga: 0.7942
[1m16/17[0m [32m━━━━━━━━━━━━━━━━━━[0m[37m━━[0m [1m1s[0m 1s/step - accuracy: 0.8388 - auc: 0.9147 - f2_macro: 0.8462 - f2_plaga: 0.8204 - loss: 0.0399 - precision: 0.6914 - recall: 0.9333 - recall_plaga: 0.7919
[1m17/17[0m [32m━━━━━━━━━━━━━━━━━━━━[0m[37m[0m [1m0s[0m 1s/step - accuracy: 0.8369 - auc: 0.9131 - f2_macro: 0.8443 - f2_plaga: 0.8187 - loss: 0.0401 - precision: 0.6886 - recall: 0.9314 - recall_plaga: 0.7901
Epoch 15: val_f2_macro did not improve from 0.35246

[1m17/17[0m [32m━━━━━━━━━━━━━━━━━━━━[0m[37m[0m [1m25s[0m 1s/step - accuracy: 0.8064 - auc: 0.8871 - f2_macro: 0.8128 - f2_plaga: 0.7915 - loss: 0.0436 - precision: 0.6432 - recall: 0.9012 - recall_plaga: 0.7611 - val_accuracy: 0.3233 - val_auc: 0.8391 - val_f2_macro: 0.3525 - val_f2_plaga: 0.0000e+00 - val_loss: 0.0693 - val_precision: 0.3233 - val_recall: 1.0000 - val_recall_plaga: 0.0000e+00 - learning_rate: 1.0000e-04
Epoch 16/80

[1m 1/17[0m [32m━[0m[37m━━━━━━━━━━━━━━━━━━━[0m [1m22s[0m 1s/step - accuracy: 0.9375 - auc: 0.9659 - f2_macro: 0.9437 - f2_plaga: 0.9259 - loss: 0.0338 - precision: 0.8333 - recall: 1.0000 - recall_plaga: 0.9091
[1m 2/17[0m [32m━━[0m[37m━━━━━━━━━━━━━━━━━━[0m [1m21s[0m 1s/step - accuracy: 0.9219 - auc: 0.9631 - f2_macro: 0.9254 - f2_plaga: 0.9155 - loss: 0.0329 - precision: 0.8080 - recall: 0.9737 - recall_plaga: 0.8990
[1m 3/17[0m [32m━━━[0m[37m━━━━━━━━━━━━━━━━━[0m [1m19s[0m 1s/step - accuracy: 0.9097 - auc: 0.9569 - f2_macro: 0.9132 - f2_plaga: 0.9025 - loss: 0.0334 - precision: 0.7970 - recall: 0.9623 - recall_plaga: 0.8850
[1m 4/17[0m [32m━━━━[0m[37m━━━━━━━━━━━━━━━━[0m [1m18s[0m 1s/step - accuracy: 0.9030 - auc: 0.9565 - f2_macro: 0.9065 - f2_plaga: 0.8951 - loss: 0.0334 - precision: 0.7932 - recall: 0.9554 - recall_plaga: 0.8772
[1m 5/17[0m [32m━━━━━[0m[37m━━━━━━━━━━━━━━━[0m [1m17s[0m 1s/step - accuracy: 0.8986 - auc: 0.9571 - f2_macro: 0.9024 - f2_plaga: 0.8894 - loss: 0.0332 - precision: 0.7888 - recall: 0.9538 - recall_plaga: 0.8707
[1m 6/17[0m [32m━━━━━━━[0m[37m━━━━━━━━━━━━━[0m [1m15s[0m 1s/step - accuracy: 0.8938 - auc: 0.9557 - f2_macro: 0.8979 - f2_plaga: 0.8835 - loss: 0.0334 - precision: 0.7829 - recall: 0.9517 - recall_plaga: 0.8640
[1m 7/17[0m [32m━━━━━━━━[0m[37m━━━━━━━━━━━━[0m [1m14s[0m 1s/step - accuracy: 0.8880 - auc: 0.9530 - f2_macro: 0.8925 - f2_plaga: 0.8767 - loss: 0.0337 - precision: 0.7716 - recall: 0.9508 - recall_plaga: 0.8560
[1m 8/17[0m [32m━━━━━━━━━[0m[37m━━━━━━━━━━━[0m [1m13s[0m 1s/step - accuracy: 0.8824 - auc: 0.9495 - f2_macro: 0.8876 - f2_plaga: 0.8699 - loss: 0.0342 - precision: 0.7610 - recall: 0.9509 - recall_plaga: 0.8480
[1m 9/17[0m [32m━━━━━━━━━━[0m[37m━━━━━━━━━━[0m [1m11s[0m 1s/step - accuracy: 0.8766 - auc: 0.9458 - f2_macro: 0.8817 - f2_plaga: 0.8640 - loss: 0.0347 - precision: 0.7529 - recall: 0.9460 - recall_plaga: 0.8416
[1m10/17[0m [32m━━━━━━━━━━━[0m[37m━━━━━━━━━[0m [1m10s[0m 1s/step - accuracy: 0.8714 - auc: 0.9417 - f2_macro: 0.8767 - f2_plaga: 0.8584 - loss: 0.0353 - precision: 0.7452 - recall: 0.9430 - recall_plaga: 0.8354
[1m11/17[0m [32m━━━━━━━━━━━━[0m[37m━━━━━━━━[0m [1m8s[0m 1s/step - accuracy: 0.8668 - auc: 0.9380 - f2_macro: 0.8722 - f2_plaga: 0.8536 - loss: 0.0358 - precision: 0.7378 - recall: 0.9403 - recall_plaga: 0.8300 
[1m12/17[0m [32m━━━━━━━━━━━━━━[0m[37m━━━━━━[0m [1m7s[0m 1s/step - accuracy: 0.8636 - auc: 0.9353 - f2_macro: 0.8691 - f2_plaga: 0.8501 - loss: 0.0362 - precision: 0.7325 - recall: 0.9387 - recall_plaga: 0.8261
[1m13/17[0m [32m━━━━━━━━━━━━━━━[0m[37m━━━━━[0m [1m5s[0m 1s/step - accuracy: 0.8614 - auc: 0.9332 - f2_macro: 0.8669 - f2_plaga: 0.8477 - loss: 0.0364 - precision: 0.7291 - recall: 0.9373 - recall_plaga: 0.8234
[1m14/17[0m [32m━━━━━━━━━━━━━━━━[0m[37m━━━━[0m [1m4s[0m 1s/step - accuracy: 0.8593 - auc: 0.9313 - f2_macro: 0.8649 - f2_plaga: 0.8455 - loss: 0.0367 - precision: 0.7261 - recall: 0.9361 - recall_plaga: 0.8209
[1m15/17[0m [32m━━━━━━━━━━━━━━━━━[0m[37m━━━[0m [1m2s[0m 1s/step - accuracy: 0.8569 - auc: 0.9293 - f2_macro: 0.8626 - f2_plaga: 0.8429 - loss: 0.0370 - precision: 0.7220 - recall: 0.9348 - recall_plaga: 0.8180
[1m16/17[0m [32m━━━━━━━━━━━━━━━━━━[0m[37m━━[0m [1m1s[0m 1s/step - accuracy: 0.8547 - auc: 0.9277 - f2_macro: 0.8605 - f2_plaga: 0.8406 - loss: 0.0371 - precision: 0.7182 - recall: 0.9339 - recall_plaga: 0.8153
[1m17/17[0m [32m━━━━━━━━━━━━━━━━━━━━[0m[37m[0m [1m0s[0m 1s/step - accuracy: 0.8526 - auc: 0.9262 - f2_macro: 0.8585 - f2_plaga: 0.8383 - loss: 0.0373 - precision: 0.7147 - recall: 0.9330 - recall_plaga: 0.8128
Epoch 16: val_f2_macro did not improve from 0.35246

[1m17/17[0m [32m━━━━━━━━━━━━━━━━━━━━[0m[37m[0m [1m25s[0m 1s/step - accuracy: 0.8195 - auc: 0.9013 - f2_macro: 0.8269 - f2_plaga: 0.8025 - loss: 0.0405 - precision: 0.6583 - recall: 0.9186 - recall_plaga: 0.7722 - val_accuracy: 0.3233 - val_auc: 0.8251 - val_f2_macro: 0.3525 - val_f2_plaga: 0.0000e+00 - val_loss: 0.0692 - val_precision: 0.3233 - val_recall: 1.0000 - val_recall_plaga: 0.0000e+00 - learning_rate: 1.0000e-04
Epoch 17/80

[1m 1/17[0m [32m━[0m[37m━━━━━━━━━━━━━━━━━━━[0m [1m23s[0m 1s/step - accuracy: 0.9062 - auc: 0.9455 - f2_macro: 0.9156 - f2_plaga: 0.8879 - loss: 0.0309 - precision: 0.7692 - recall: 1.0000 - recall_plaga: 0.8636
[1m 2/17[0m [32m━━[0m[37m━━━━━━━━━━━━━━━━━━[0m [1m24s[0m 2s/step - accuracy: 0.9062 - auc: 0.9473 - f2_macro: 0.9156 - f2_plaga: 0.8891 - loss: 0.0311 - precision: 0.7646 - recall: 1.0000 - recall_plaga: 0.8652
[1m 3/17[0m [32m━━━[0m[37m━━━━━━━━━━━━━━━━━[0m [1m22s[0m 2s/step - accuracy: 0.8993 - auc: 0.9402 - f2_macro: 0.9080 - f2_plaga: 0.8814 - loss: 0.0325 - precision: 0.7637 - recall: 0.9899 - recall_plaga: 0.8572
[1m 4/17[0m [32m━━━━[0m[37m━━━━━━━━━━━━━━━━[0m [1m20s[0m 2s/step - accuracy: 0.8991 - auc: 0.9394 - f2_macro: 0.9067 - f2_plaga: 0.8824 - loss: 0.0332 - precision: 0.7728 - recall: 0.9816 - recall_plaga: 0.8594
[1m 5/17[0m [32m━━━━━[0m[37m━━━━━━━━━━━━━━━[0m [1m18s[0m 2s/step - accuracy: 0.8980 - auc: 0.9396 - f2_macro: 0.9053 - f2_plaga: 0.8812 - loss: 0.0334 - precision: 0.7754 - recall: 0.9782 - recall_plaga: 0.8584
[1m 6/17[0m [32m━━━━━━━[0m[37m━━━━━━━━━━━━━[0m [1m16s[0m 2s/step - accuracy: 0.8942 - auc: 0.9373 - f2_macro: 0.9011 - f2_plaga: 0.8778 - loss: 0.0341 - precision: 0.7731 - recall: 0.9721 - recall_plaga: 0.8551
[1m 7/17[0m [32m━━━━━━━━[0m[37m━━━━━━━━━━━━[0m [1m15s[0m 2s/step - accuracy: 0.8883 - auc: 0.9347 - f2_macro: 0.8952 - f2_plaga: 0.8718 - loss: 0.0346 - precision: 0.7633 - recall: 0.9682 - recall_plaga: 0.8484
[1m 8/17[0m [32m━━━━━━━━━[0m[37m━━━━━━━━━━━[0m [1m13s[0m 1s/step - accuracy: 0.8832 - auc: 0.9311 - f2_macro: 0.8902 - f2_plaga: 0.8667 - loss: 0.0352 - precision: 0.7549 - recall: 0.9647 - recall_plaga: 0.8427
[1m 9/17[0m [32m━━━━━━━━━━[0m[37m━━━━━━━━━━[0m [1m11s[0m 1s/step - accuracy: 0.8776 - auc: 0.9276 - f2_macro: 0.8842 - f2_plaga: 0.8621 - loss: 0.0359 - precision: 0.7484 - recall: 0.9571 - recall_plaga: 0.8381
[1m10/17[0m [32m━━━━━━━━━━━[0m[37m━━━━━━━━━[0m [1m10s[0m 1s/step - accuracy: 0.8724 - auc: 0.9241 - f2_macro: 0.8787 - f2_plaga: 0.8574 - loss: 0.0366 - precision: 0.7416 - recall: 0.9511 - recall_plaga: 0.8332
[1m11/17[0m [32m━━━━━━━━━━━━[0m[37m━━━━━━━━[0m [1m8s[0m 1s/step - accuracy: 0.8680 - auc: 0.9209 - f2_macro: 0.8742 - f2_plaga: 0.8533 - loss: 0.0371 - precision: 0.7352 - recall: 0.9469 - recall_plaga: 0.8288 
[1m12/17[0m [32m━━━━━━━━━━━━━━[0m[37m━━━━━━[0m [1m7s[0m 1s/step - accuracy: 0.8646 - auc: 0.9186 - f2_macro: 0.8708 - f2_plaga: 0.8501 - loss: 0.0375 - precision: 0.7303 - recall: 0.9440 - recall_plaga: 0.8253
[1m13/17[0m [32m━━━━━━━━━━━━━━━[0m[37m━━━━━[0m [1m5s[0m 1s/step - accuracy: 0.8621 - auc: 0.9168 - f2_macro: 0.8682 - f2_plaga: 0.8478 - loss: 0.0379 - precision: 0.7271 - recall: 0.9411 - recall_plaga: 0.8229
[1m14/17[0m [32m━━━━━━━━━━━━━━━━[0m[37m━━━━[0m [1m4s[0m 1s/step - accuracy: 0.8598 - auc: 0.9151 - f2_macro: 0.8658 - f2_plaga: 0.8457 - loss: 0.0382 - precision: 0.7242 - recall: 0.9387 - recall_plaga: 0.8207
[1m15/17[0m [32m━━━━━━━━━━━━━━━━━[0m[37m━━━[0m [1m3s[0m 2s/step - accuracy: 0.8575 - auc: 0.9135 - f2_macro: 0.8635 - f2_plaga: 0.8434 - loss: 0.0385 - precision: 0.7206 - recall: 0.9368 - recall_plaga: 0.8182
[1m16/17[0m [32m━━━━━━━━━━━━━━━━━━[0m[37m━━[0m [1m1s[0m 1s/step - accuracy: 0.8552 - auc: 0.9122 - f2_macro: 0.8612 - f2_plaga: 0.8410 - loss: 0.0387 - precision: 0.7168 - recall: 0.9354 - recall_plaga: 0.8155
[1m17/17[0m [32m━━━━━━━━━━━━━━━━━━━━[0m[37m[0m [1m0s[0m 1s/step - accuracy: 0.8530 - auc: 0.9112 - f2_macro: 0.8590 - f2_plaga: 0.8387 - loss: 0.0388 - precision: 0.7132 - recall: 0.9341 - recall_plaga: 0.8130
Epoch 17: val_f2_macro did not improve from 0.35246

[1m17/17[0m [32m━━━━━━━━━━━━━━━━━━━━[0m[37m[0m [1m26s[0m 2s/step - accuracy: 0.8177 - auc: 0.8941 - f2_macro: 0.8244 - f2_plaga: 0.8021 - loss: 0.0416 - precision: 0.6569 - recall: 0.9128 - recall_plaga: 0.7722 - val_accuracy: 0.3233 - val_auc: 0.8040 - val_f2_macro: 0.3525 - val_f2_plaga: 0.0000e+00 - val_loss: 0.0691 - val_precision: 0.3233 - val_recall: 1.0000 - val_recall_plaga: 0.0000e+00 - learning_rate: 1.0000e-04
Epoch 18/80

[1m 1/17[0m [32m━[0m[37m━━━━━━━━━━━━━━━━━━━[0m [1m22s[0m 1s/step - accuracy: 0.9062 - auc: 0.9818 - f2_macro: 0.9156 - f2_plaga: 0.8879 - loss: 0.0288 - precision: 0.7692 - recall: 1.0000 - recall_plaga: 0.8636
[1m 2/17[0m [32m━━[0m[37m━━━━━━━━━━━━━━━━━━[0m [1m21s[0m 1s/step - accuracy: 0.8906 - auc: 0.9672 - f2_macro: 0.8975 - f2_plaga: 0.8777 - loss: 0.0295 - precision: 0.7446 - recall: 0.9737 - recall_plaga: 0.8540
[1m 3/17[0m [32m━━━[0m[37m━━━━━━━━━━━━━━━━━[0m [1m20s[0m 1s/step - accuracy: 0.8819 - auc: 0.9594 - f2_macro: 0.8884 - f2_plaga: 0.8684 - loss: 0.0308 - precision: 0.7424 - recall: 0.9623 - recall_plaga: 0.8445
[1m 4/17[0m [32m━━━━[0m[37m━━━━━━━━━━━━━━━━[0m [1m18s[0m 1s/step - accuracy: 0.8802 - auc: 0.9578 - f2_macro: 0.8867 - f2_plaga: 0.8648 - loss: 0.0313 - precision: 0.7465 - recall: 0.9608 - recall_plaga: 0.8407
[1m 5/17[0m [32m━━━━━[0m[37m━━━━━━━━━━━━━━━[0m [1m17s[0m 1s/step - accuracy: 0.8804 - auc: 0.9563 - f2_macro: 0.8870 - f2_plaga: 0.8639 - loss: 0.0317 - precision: 0.7500 - recall: 0.9616 - recall_plaga: 0.8395
[1m 6/17[0m [32m━━━━━━━[0m[37m━━━━━━━━━━━━━[0m [1m15s[0m 1s/step - accuracy: 0.8769 - auc: 0.9524 - f2_macro: 0.8835 - f2_plaga: 0.8599 - loss: 0.0325 - precision: 0.7476 - recall: 0.9582 - recall_plaga: 0.8354
[1m 7/17[0m [32m━━━━━━━━[0m[37m━━━━━━━━━━━━[0m [1m14s[0m 1s/step - accuracy: 0.8709 - auc: 0.9495 - f2_macro: 0.8779 - f2_plaga: 0.8532 - loss: 0.0331 - precision: 0.7374 - recall: 0.9564 - recall_plaga: 0.8277
[1m 8/17[0m [32m━━━━━━━━━[0m[37m━━━━━━━━━━━[0m [1m12s[0m 1s/step - accuracy: 0.8660 - auc: 0.9452 - f2_macro: 0.8733 - f2_plaga: 0.8480 - loss: 0.0338 - precision: 0.7293 - recall: 0.9543 - recall_plaga: 0.8218
[1m 9/17[0m [32m━━━━━━━━━━[0m[37m━━━━━━━━━━[0m [1m11s[0m 1s/step - accuracy: 0.8609 - auc: 0.9410 - f2_macro: 0.8678 - f2_plaga: 0.8434 - loss: 0.0346 - precision: 0.7232 - recall: 0.9479 - recall_plaga: 0.8171
[1m10/17[0m [32m━━━━━━━━━━━[0m[37m━━━━━━━━━[0m [1m10s[0m 1s/step - accuracy: 0.8554 - auc: 0.9364 - f2_macro: 0.8622 - f2_plaga: 0.8384 - loss: 0.0353 - precision: 0.7164 - recall: 0.9419 - recall_plaga: 0.8119
[1m11/17[0m [32m━━━━━━━━━━━━[0m[37m━━━━━━━━[0m [1m8s[0m 1s/step - accuracy: 0.8510 - auc: 0.9324 - f2_macro: 0.8577 - f2_plaga: 0.8343 - loss: 0.0359 - precision: 0.7102 - recall: 0.9377 - recall_plaga: 0.8076 
[1m12/17[0m [32m━━━━━━━━━━━━━━[0m[37m━━━━━━[0m [1m7s[0m 1s/step - accuracy: 0.8473 - auc: 0.9293 - f2_macro: 0.8540 - f2_plaga: 0.8309 - loss: 0.0364 - precision: 0.7051 - recall: 0.9343 - recall_plaga: 0.8039
[1m13/17[0m [32m━━━━━━━━━━━━━━━[0m[37m━━━━━[0m [1m5s[0m 1s/step - accuracy: 0.8448 - auc: 0.9269 - f2_macro: 0.8514 - f2_plaga: 0.8286 - loss: 0.0368 - precision: 0.7020 - recall: 0.9316 - recall_plaga: 0.8015
[1m14/17[0m [32m━━━━━━━━━━━━━━━━[0m[37m━━━━[0m [1m4s[0m 1s/step - accuracy: 0.8427 - auc: 0.9246 - f2_macro: 0.8492 - f2_plaga: 0.8266 - loss: 0.0372 - precision: 0.6994 - recall: 0.9293 - recall_plaga: 0.7994
[1m15/17[0m [32m━━━━━━━━━━━━━━━━━[0m[37m━━━[0m [1m2s[0m 1s/step - accuracy: 0.8405 - auc: 0.9224 - f2_macro: 0.8470 - f2_plaga: 0.8245 - loss: 0.0375 - precision: 0.6961 - recall: 0.9276 - recall_plaga: 0.7971
[1m16/17[0m [32m━━━━━━━━━━━━━━━━━━[0m[37m━━[0m [1m1s[0m 1s/step - accuracy: 0.8385 - auc: 0.9207 - f2_macro: 0.8451 - f2_plaga: 0.8224 - loss: 0.0378 - precision: 0.6928 - recall: 0.9265 - recall_plaga: 0.7948
[1m17/17[0m [32m━━━━━━━━━━━━━━━━━━━━[0m[37m[0m [1m0s[0m 1s/step - accuracy: 0.8367 - auc: 0.9192 - f2_macro: 0.8432 - f2_plaga: 0.8205 - loss: 0.0380 - precision: 0.6898 - recall: 0.9253 - recall_plaga: 0.7927
Epoch 18: val_f2_macro did not improve from 0.35246

[1m17/17[0m [32m━━━━━━━━━━━━━━━━━━━━[0m[37m[0m [1m25s[0m 1s/step - accuracy: 0.8064 - auc: 0.8953 - f2_macro: 0.8136 - f2_plaga: 0.7895 - loss: 0.0418 - precision: 0.6420 - recall: 0.9070 - recall_plaga: 0.7583 - val_accuracy: 0.3233 - val_auc: 0.8065 - val_f2_macro: 0.3525 - val_f2_plaga: 0.0000e+00 - val_loss: 0.0689 - val_precision: 0.3233 - val_recall: 1.0000 - val_recall_plaga: 0.0000e+00 - learning_rate: 1.0000e-04
Epoch 19/80

[1m 1/17[0m [32m━[0m[37m━━━━━━━━━━━━━━━━━━━[0m [1m23s[0m 1s/step - accuracy: 0.9062 - auc: 0.9545 - f2_macro: 0.9156 - f2_plaga: 0.8879 - loss: 0.0317 - precision: 0.7692 - recall: 1.0000 - recall_plaga: 0.8636
[1m 2/17[0m [32m━━[0m[37m━━━━━━━━━━━━━━━━━━[0m [1m21s[0m 1s/step - accuracy: 0.8906 - auc: 0.9501 - f2_macro: 0.9015 - f2_plaga: 0.8702 - loss: 0.0319 - precision: 0.7365 - recall: 1.0000 - recall_plaga: 0.8429
[1m 3/17[0m [32m━━━[0m[37m━━━━━━━━━━━━━━━━━[0m [1m19s[0m 1s/step - accuracy: 0.8819 - auc: 0.9452 - f2_macro: 0.8923 - f2_plaga: 0.8597 - loss: 0.0329 - precision: 0.7334 - recall: 0.9899 - recall_plaga: 0.8318
[1m 4/17[0m [32m━━━━[0m[37m━━━━━━━━━━━━━━━━[0m [1m18s[0m 1s/step - accuracy: 0.8783 - auc: 0.9449 - f2_macro: 0.8879 - f2_plaga: 0.8558 - loss: 0.0334 - precision: 0.7365 - recall: 0.9816 - recall_plaga: 0.8281
[1m 5/17[0m [32m━━━━━[0m[37m━━━━━━━━━━━━━━━[0m [1m17s[0m 1s/step - accuracy: 0.8776 - auc: 0.9443 - f2_macro: 0.8869 - f2_plaga: 0.8549 - loss: 0.0338 - precision: 0.7399 - recall: 0.9782 - recall_plaga: 0.8275
[1m 6/17[0m [32m━━━━━━━[0m[37m━━━━━━━━━━━━━[0m [1m16s[0m 1s/step - accuracy: 0.8746 - auc: 0.9413 - f2_macro: 0.8836 - f2_plaga: 0.8516 - loss: 0.0345 - precision: 0.7383 - recall: 0.9745 - recall_plaga: 0.8240
[1m 7/17[0m [32m━━━━━━━━[0m[37m━━━━━━━━━━━━[0m [1m14s[0m 1s/step - accuracy: 0.8708 - auc: 0.9384 - f2_macro: 0.8800 - f2_plaga: 0.8478 - loss: 0.0350 - precision: 0.7318 - recall: 0.9723 - recall_plaga: 0.8198
[1m 8/17[0m [32m━━━━━━━━━[0m[37m━━━━━━━━━━━[0m [1m13s[0m 1s/step - accuracy: 0.8669 - auc: 0.9345 - f2_macro: 0.8759 - f2_plaga: 0.8445 - loss: 0.0356 - precision: 0.7259 - recall: 0.9682 - recall_plaga: 0.8163
[1m 9/17[0m [32m━━━━━━━━━━[0m[37m━━━━━━━━━━[0m [1m11s[0m 1s/step - accuracy: 0.8628 - auc: 0.9306 - f2_macro: 0.8714 - f2_plaga: 0.8415 - loss: 0.0363 - precision: 0.7216 - recall: 0.9614 - recall_plaga: 0.8135
[1m10/17[0m [32m━━━━━━━━━━━[0m[37m━━━━━━━━━[0m [1m10s[0m 1s/step - accuracy: 0.8590 - auc: 0.9268 - f2_macro: 0.8674 - f2_plaga: 0.8381 - loss: 0.0369 - precision: 0.7170 - recall: 0.9569 - recall_plaga: 0.8101
[1m11/17[0m [32m━━━━━━━━━━━━[0m[37m━━━━━━━━[0m [1m8s[0m 1s/step - accuracy: 0.8558 - auc: 0.9239 - f2_macro: 0.8641 - f2_plaga: 0.8352 - loss: 0.0374 - precision: 0.7125 - recall: 0.9537 - recall_plaga: 0.8070 
[1m12/17[0m [32m━━━━━━━━━━━━━━[0m[37m━━━━━━[0m [1m7s[0m 1s/step - accuracy: 0.8533 - auc: 0.9216 - f2_macro: 0.8614 - f2_plaga: 0.8332 - loss: 0.0377 - precision: 0.7091 - recall: 0.9503 - recall_plaga: 0.8050
[1m13/17[0m [32m━━━━━━━━━━━━━━━[0m[37m━━━━━[0m [1m5s[0m 1s/step - accuracy: 0.8515 - auc: 0.9199 - f2_macro: 0.8593 - f2_plaga: 0.8320 - loss: 0.0380 - precision: 0.7073 - recall: 0.9469 - recall_plaga: 0.8039
[1m14/17[0m [32m━━━━━━━━━━━━━━━━[0m[37m━━━━[0m [1m4s[0m 1s/step - accuracy: 0.8500 - auc: 0.9182 - f2_macro: 0.8576 - f2_plaga: 0.8310 - loss: 0.0383 - precision: 0.7058 - recall: 0.9440 - recall_plaga: 0.8030
[1m15/17[0m [32m━━━━━━━━━━━━━━━━━[0m[37m━━━[0m [1m2s[0m 1s/step - accuracy: 0.8480 - auc: 0.9166 - f2_macro: 0.8555 - f2_plaga: 0.8295 - loss: 0.0385 - precision: 0.7031 - recall: 0.9413 - recall_plaga: 0.8016
[1m16/17[0m [32m━━━━━━━━━━━━━━━━━━[0m[37m━━[0m [1m1s[0m 1s/step - accuracy: 0.8463 - auc: 0.9154 - f2_macro: 0.8537 - f2_plaga: 0.8281 - loss: 0.0387 - precision: 0.7004 - recall: 0.9393 - recall_plaga: 0.8001
[1m17/17[0m [32m━━━━━━━━━━━━━━━━━━━━[0m[37m[0m [1m0s[0m 1s/step - accuracy: 0.8447 - auc: 0.9142 - f2_macro: 0.8520 - f2_plaga: 0.8269 - loss: 0.0388 - precision: 0.6981 - recall: 0.9374 - recall_plaga: 0.7988
Epoch 19: val_f2_macro did not improve from 0.35246

[1m17/17[0m [32m━━━━━━━━━━━━━━━━━━━━[0m[37m[0m [1m25s[0m 1s/step - accuracy: 0.8195 - auc: 0.8960 - f2_macro: 0.8253 - f2_plaga: 0.8065 - loss: 0.0414 - precision: 0.6610 - recall: 0.9070 - recall_plaga: 0.7778 - val_accuracy: 0.3233 - val_auc: 0.8494 - val_f2_macro: 0.3525 - val_f2_plaga: 0.0000e+00 - val_loss: 0.0685 - val_precision: 0.3233 - val_recall: 1.0000 - val_recall_plaga: 0.0000e+00 - learning_rate: 1.0000e-04
Epoch 20/80

[1m 1/17[0m [32m━[0m[37m━━━━━━━━━━━━━━━━━━━[0m [1m23s[0m 1s/step - accuracy: 0.9375 - auc: 0.9727 - f2_macro: 0.9437 - f2_plaga: 0.9259 - loss: 0.0288 - precision: 0.8333 - recall: 1.0000 - recall_plaga: 0.9091
[1m 2/17[0m [32m━━[0m[37m━━━━━━━━━━━━━━━━━━[0m [1m20s[0m 1s/step - accuracy: 0.9297 - auc: 0.9612 - f2_macro: 0.9366 - f2_plaga: 0.9175 - loss: 0.0297 - precision: 0.8125 - recall: 1.0000 - recall_plaga: 0.8990
[1m 3/17[0m [32m━━━[0m[37m━━━━━━━━━━━━━━━━━[0m [1m19s[0m 1s/step - accuracy: 0.9184 - auc: 0.9534 - f2_macro: 0.9251 - f2_plaga: 0.9048 - loss: 0.0312 - precision: 0.8018 - recall: 0.9899 - recall_plaga: 0.8850
[1m 4/17[0m [32m━━━━[0m[37m━━━━━━━━━━━━━━━━[0m [1m18s[0m 1s/step - accuracy: 0.9154 - auc: 0.9515 - f2_macro: 0.9213 - f2_plaga: 0.9025 - loss: 0.0318 - precision: 0.8051 - recall: 0.9816 - recall_plaga: 0.8833
[1m 5/17[0m [32m━━━━━[0m[37m━━━━━━━━━━━━━━━[0m [1m16s[0m 1s/step - accuracy: 0.9135 - auc: 0.9508 - f2_macro: 0.9193 - f2_plaga: 0.9006 - loss: 0.0321 - precision: 0.8058 - recall: 0.9782 - recall_plaga: 0.8814
[1m 6/17[0m [32m━━━━━━━[0m[37m━━━━━━━━━━━━━[0m [1m15s[0m 1s/step - accuracy: 0.9089 - auc: 0.9486 - f2_macro: 0.9143 - f2_plaga: 0.8962 - loss: 0.0326 - precision: 0.8016 - recall: 0.9721 - recall_plaga: 0.8770
[1m 7/17[0m [32m━━━━━━━━[0m[37m━━━━━━━━━━━━[0m [1m14s[0m 1s/step - accuracy: 0.9027 - auc: 0.9466 - f2_macro: 0.9082 - f2_plaga: 0.8900 - loss: 0.0330 - precision: 0.7908 - recall: 0.9682 - recall_plaga: 0.8699
[1m 8/17[0m [32m━━━━━━━━━[0m[37m━━━━━━━━━━━[0m [1m12s[0m 1s/step - accuracy: 0.8968 - auc: 0.9437 - f2_macro: 0.9024 - f2_plaga: 0.8839 - loss: 0.0336 - precision: 0.7806 - recall: 0.9647 - recall_plaga: 0.8631
[1m 9/17[0m [32m━━━━━━━━━━[0m[37m━━━━━━━━━━[0m [1m11s[0m 1s/step - accuracy: 0.8913 - auc: 0.9411 - f2_macro: 0.8968 - f2_plaga: 0.8786 - loss: 0.0341 - precision: 0.7730 - recall: 0.9594 - recall_plaga: 0.8574
[1m10/17[0m [32m━━━━━━━━━━━[0m[37m━━━━━━━━━[0m [1m10s[0m 1s/step - accuracy: 0.8863 - auc: 0.9377 - f2_macro: 0.8918 - f2_plaga: 0.8733 - loss: 0.0347 - precision: 0.7654 - recall: 0.9560 - recall_plaga: 0.8514
[1m11/17[0m [32m━━━━━━━━━━━━[0m[37m━━━━━━━━[0m [1m8s[0m 1s/step - accuracy: 0.8819 - auc: 0.9343 - f2_macro: 0.8876 - f2_plaga: 0.8686 - loss: 0.0352 - precision: 0.7582 - recall: 0.9537 - recall_plaga: 0.8461 
[1m12/17[0m [32m━━━━━━━━━━━━━━[0m[37m━━━━━━[0m [1m7s[0m 1s/step - accuracy: 0.8785 - auc: 0.9317 - f2_macro: 0.8842 - f2_plaga: 0.8650 - loss: 0.0357 - precision: 0.7527 - recall: 0.9516 - recall_plaga: 0.8422
[1m13/17[0m [32m━━━━━━━━━━━━━━━[0m[37m━━━━━[0m [1m5s[0m 1s/step - accuracy: 0.8756 - auc: 0.9295 - f2_macro: 0.8813 - f2_plaga: 0.8624 - loss: 0.0360 - precision: 0.7488 - recall: 0.9487 - recall_plaga: 0.8393
[1m14/17[0m [32m━━━━━━━━━━━━━━━━[0m[37m━━━━[0m [1m4s[0m 1s/step - accuracy: 0.8730 - auc: 0.9275 - f2_macro: 0.8786 - f2_plaga: 0.8599 - loss: 0.0364 - precision: 0.7452 - recall: 0.9461 - recall_plaga: 0.8366
[1m15/17[0m [32m━━━━━━━━━━━━━━━━━[0m[37m━━━[0m [1m2s[0m 1s/step - accuracy: 0.8702 - auc: 0.9256 - f2_macro: 0.8759 - f2_plaga: 0.8571 - loss: 0.0367 - precision: 0.7407 - recall: 0.9442 - recall_plaga: 0.8335
[1m16/17[0m [32m━━━━━━━━━━━━━━━━━━[0m[37m━━[0m [1m1s[0m 1s/step - accuracy: 0.8677 - auc: 0.9242 - f2_macro: 0.8734 - f2_plaga: 0.8545 - loss: 0.0369 - precision: 0.7365 - recall: 0.9427 - recall_plaga: 0.8306
[1m17/17[0m [32m━━━━━━━━━━━━━━━━━━━━[0m[37m[0m [1m0s[0m 1s/step - accuracy: 0.8654 - auc: 0.9229 - f2_macro: 0.8712 - f2_plaga: 0.8521 - loss: 0.0371 - precision: 0.7327 - recall: 0.9413 - recall_plaga: 0.8280
Epoch 20: val_f2_macro did not improve from 0.35246

[1m17/17[0m [32m━━━━━━━━━━━━━━━━━━━━[0m[37m[0m [1m25s[0m 1s/step - accuracy: 0.8289 - auc: 0.9024 - f2_macro: 0.8353 - f2_plaga: 0.8146 - loss: 0.0401 - precision: 0.6723 - recall: 0.9186 - recall_plaga: 0.7861 - val_accuracy: 0.3233 - val_auc: 0.8519 - val_f2_macro: 0.3525 - val_f2_plaga: 0.0000e+00 - val_loss: 0.0680 - val_precision: 0.3233 - val_recall: 1.0000 - val_recall_plaga: 0.0000e+00 - learning_rate: 1.0000e-04
Epoch 21/80

[1m 1/17[0m [32m━[0m[37m━━━━━━━━━━━━━━━━━━━[0m [1m22s[0m 1s/step - accuracy: 0.9062 - auc: 0.9341 - f2_macro: 0.9156 - f2_plaga: 0.8879 - loss: 0.0328 - precision: 0.7692 - recall: 1.0000 - recall_plaga: 0.8636
[1m 2/17[0m [32m━━[0m[37m━━━━━━━━━━━━━━━━━━[0m [1m21s[0m 1s/step - accuracy: 0.8984 - auc: 0.9407 - f2_macro: 0.9085 - f2_plaga: 0.8797 - loss: 0.0322 - precision: 0.7500 - recall: 1.0000 - recall_plaga: 0.8540
[1m 3/17[0m [32m━━━[0m[37m━━━━━━━━━━━━━━━━━[0m [1m19s[0m 1s/step - accuracy: 0.8906 - auc: 0.9378 - f2_macro: 0.9013 - f2_plaga: 0.8670 - loss: 0.0332 - precision: 0.7444 - recall: 1.0000 - recall_plaga: 0.8392
[1m 4/17[0m [32m━━━━[0m[37m━━━━━━━━━━━━━━━━[0m [1m18s[0m 1s/step - accuracy: 0.8887 - auc: 0.9410 - f2_macro: 0.8994 - f2_plaga: 0.8623 - loss: 0.0331 - precision: 0.7469 - recall: 1.0000 - recall_plaga: 0.8337
[1m 5/17[0m [32m━━━━━[0m[37m━━━━━━━━━━━━━━━[0m [1m17s[0m 1s/step - accuracy: 0.8859 - auc: 0.9426 - f2_macro: 0.8968 - f2_plaga: 0.8575 - loss: 0.0332 - precision: 0.7455 - recall: 1.0000 - recall_plaga: 0.8281
[1m 6/17[0m [32m━━━━━━━[0m[37m━━━━━━━━━━━━━[0m [1m15s[0m 1s/step - accuracy: 0.8806 - auc: 0.9411 - f2_macro: 0.8914 - f2_plaga: 0.8516 - loss: 0.0336 - precision: 0.7408 - recall: 0.9951 - recall_plaga: 0.8218
[1m 7/17[0m [32m━━━━━━━━[0m[37m━━━━━━━━━━━━[0m [1m14s[0m 1s/step - accuracy: 0.8747 - auc: 0.9390 - f2_macro: 0.8857 - f2_plaga: 0.8455 - loss: 0.0340 - precision: 0.7316 - recall: 0.9919 - recall_plaga: 0.8151
[1m 8/17[0m [32m━━━━━━━━━[0m[37m━━━━━━━━━━━[0m [1m13s[0m 2s/step - accuracy: 0.8694 - auc: 0.9364 - f2_macro: 0.8807 - f2_plaga: 0.8397 - loss: 0.0346 - precision: 0.7232 - recall: 0.9899 - recall_plaga: 0.8086
[1m 9/17[0m [32m━━━━━━━━━━[0m[37m━━━━━━━━━━[0m [1m12s[0m 2s/step - accuracy: 0.8646 - auc: 0.9336 - f2_macro: 0.8758 - f2_plaga: 0.8351 - loss: 0.0351 - precision: 0.7174 - recall: 0.9853 - recall_plaga: 0.8037
[1m10/17[0m [32m━━━━━━━━━━━[0m[37m━━━━━━━━━[0m [1m10s[0m 1s/step - accuracy: 0.8603 - auc: 0.9303 - f2_macro: 0.8716 - f2_plaga: 0.8306 - loss: 0.0357 - precision: 0.7119 - recall: 0.9821 - recall_plaga: 0.7989
[1m11/17[0m [32m━━━━━━━━━━━━[0m[37m━━━━━━━━[0m [1m8s[0m 1s/step - accuracy: 0.8568 - auc: 0.9274 - f2_macro: 0.8681 - f2_plaga: 0.8270 - loss: 0.0361 - precision: 0.7067 - recall: 0.9798 - recall_plaga: 0.7949 
[1m12/17[0m [32m━━━━━━━━━━━━━━[0m[37m━━━━━━[0m [1m7s[0m 1s/step - accuracy: 0.8542 - auc: 0.9254 - f2_macro: 0.8655 - f2_plaga: 0.8245 - loss: 0.0364 - precision: 0.7031 - recall: 0.9775 - recall_plaga: 0.7923
[1m13/17[0m [32m━━━━━━━━━━━━━━━[0m[37m━━━━━[0m [1m5s[0m 1s/step - accuracy: 0.8523 - auc: 0.9236 - f2_macro: 0.8634 - f2_plaga: 0.8230 - loss: 0.0367 - precision: 0.7009 - recall: 0.9748 - recall_plaga: 0.7908
[1m14/17[0m [32m━━━━━━━━━━━━━━━━[0m[37m━━━━[0m [1m4s[0m 1s/step - accuracy: 0.8505 - auc: 0.9222 - f2_macro: 0.8616 - f2_plaga: 0.8216 - loss: 0.0369 - precision: 0.6991 - recall: 0.9723 - recall_plaga: 0.7894
[1m15/17[0m [32m━━━━━━━━━━━━━━━━━[0m[37m━━━[0m [1m2s[0m 1s/step - accuracy: 0.8490 - auc: 0.9209 - f2_macro: 0.8599 - f2_plaga: 0.8206 - loss: 0.0371 - precision: 0.6969 - recall: 0.9699 - recall_plaga: 0.7885
[1m16/17[0m [32m━━━━━━━━━━━━━━━━━━[0m[37m━━[0m [1m1s[0m 1s/step - accuracy: 0.8477 - auc: 0.9199 - f2_macro: 0.8585 - f2_plaga: 0.8197 - loss: 0.0373 - precision: 0.6949 - recall: 0.9680 - recall_plaga: 0.7876
[1m17/17[0m [32m━━━━━━━━━━━━━━━━━━━━[0m[37m[0m [1m0s[0m 1s/step - accuracy: 0.8465 - auc: 0.9188 - f2_macro: 0.8572 - f2_plaga: 0.8189 - loss: 0.0374 - precision: 0.6932 - recall: 0.9661 - recall_plaga: 0.7869
Epoch 21: val_f2_macro did not improve from 0.35246

[1m17/17[0m [32m━━━━━━━━━━━━━━━━━━━━[0m[37m[0m [1m25s[0m 1s/step - accuracy: 0.8271 - auc: 0.9021 - f2_macro: 0.8360 - f2_plaga: 0.8064 - loss: 0.0399 - precision: 0.6653 - recall: 0.9360 - recall_plaga: 0.7750 - val_accuracy: 0.3233 - val_auc: 0.8570 - val_f2_macro: 0.3525 - val_f2_plaga: 0.0000e+00 - val_loss: 0.0679 - val_precision: 0.3233 - val_recall: 1.0000 - val_recall_plaga: 0.0000e+00 - learning_rate: 1.0000e-04
Epoch 22/80

[1m 1/17[0m [32m━[0m[37m━━━━━━━━━━━━━━━━━━━[0m [1m23s[0m 1s/step - accuracy: 0.9375 - auc: 0.9591 - f2_macro: 0.9437 - f2_plaga: 0.9259 - loss: 0.0276 - precision: 0.8333 - recall: 1.0000 - recall_plaga: 0.9091
[1m 2/17[0m [32m━━[0m[37m━━━━━━━━━━━━━━━━━━[0m [1m24s[0m 2s/step - accuracy: 0.9219 - auc: 0.9588 - f2_macro: 0.9254 - f2_plaga: 0.9155 - loss: 0.0274 - precision: 0.8080 - recall: 0.9737 - recall_plaga: 0.8990
[1m 3/17[0m [32m━━━[0m[37m━━━━━━━━━━━━━━━━━[0m [1m22s[0m 2s/step - accuracy: 0.9097 - auc: 0.9566 - f2_macro: 0.9132 - f2_plaga: 0.9025 - loss: 0.0286 - precision: 0.7970 - recall: 0.9623 - recall_plaga: 0.8850
[1m 4/17[0m [32m━━━━[0m[37m━━━━━━━━━━━━━━━━[0m [1m19s[0m 2s/step - accuracy: 0.9089 - auc: 0.9578 - f2_macro: 0.9124 - f2_plaga: 0.9008 - loss: 0.0289 - precision: 0.8014 - recall: 0.9608 - recall_plaga: 0.8833
[1m 5/17[0m [32m━━━━━[0m[37m━━━━━━━━━━━━━━━[0m [1m18s[0m 2s/step - accuracy: 0.9083 - auc: 0.9577 - f2_macro: 0.9121 - f2_plaga: 0.8992 - loss: 0.0292 - precision: 0.8029 - recall: 0.9616 - recall_plaga: 0.8814
[1m 6/17[0m [32m━━━━━━━[0m[37m━━━━━━━━━━━━━[0m [1m16s[0m 1s/step - accuracy: 0.9045 - auc: 0.9555 - f2_macro: 0.9083 - f2_plaga: 0.8951 - loss: 0.0298 - precision: 0.7992 - recall: 0.9582 - recall_plaga: 0.8770
[1m 7/17[0m [32m━━━━━━━━[0m[37m━━━━━━━━━━━━[0m [1m14s[0m 1s/step - accuracy: 0.8971 - auc: 0.9528 - f2_macro: 0.9014 - f2_plaga: 0.8866 - loss: 0.0304 - precision: 0.7856 - recall: 0.9564 - recall_plaga: 0.8671
[1m 8/17[0m [32m━━━━━━━━━[0m[37m━━━━━━━━━━━[0m [1m13s[0m 1s/step - accuracy: 0.8914 - auc: 0.9493 - f2_macro: 0.8962 - f2_plaga: 0.8798 - loss: 0.0311 - precision: 0.7748 - recall: 0.9558 - recall_plaga: 0.8592
[1m 9/17[0m [32m━━━━━━━━━━[0m[37m━━━━━━━━━━[0m [1m11s[0m 1s/step - accuracy: 0.8853 - auc: 0.9454 - f2_macro: 0.8901 - f2_plaga: 0.8738 - loss: 0.0318 - precision: 0.7663 - recall: 0.9504 - recall_plaga: 0.8527
[1m10/17[0m [32m━━━━━━━━━━━[0m[37m━━━━━━━━━[0m [1m10s[0m 1s/step - accuracy: 0.8799 - auc: 0.9414 - f2_macro: 0.8848 - f2_plaga: 0.8681 - loss: 0.0325 - precision: 0.7582 - recall: 0.9469 - recall_plaga: 0.8463
[1m11/17[0m [32m━━━━━━━━━━━━[0m[37m━━━━━━━━[0m [1m8s[0m 1s/step - accuracy: 0.8754 - auc: 0.9379 - f2_macro: 0.8804 - f2_plaga: 0.8631 - loss: 0.0332 - precision: 0.7507 - recall: 0.9447 - recall_plaga: 0.8407 
[1m12/17[0m [32m━━━━━━━━━━━━━━[0m[37m━━━━━━[0m [1m7s[0m 1s/step - accuracy: 0.8716 - auc: 0.9352 - f2_macro: 0.8768 - f2_plaga: 0.8592 - loss: 0.0336 - precision: 0.7446 - recall: 0.9427 - recall_plaga: 0.8362
[1m13/17[0m [32m━━━━━━━━━━━━━━━[0m[37m━━━━━[0m [1m5s[0m 1s/step - accuracy: 0.8689 - auc: 0.9331 - f2_macro: 0.8742 - f2_plaga: 0.8563 - loss: 0.0340 - precision: 0.7406 - recall: 0.9410 - recall_plaga: 0.8330
[1m14/17[0m [32m━━━━━━━━━━━━━━━━[0m[37m━━━━[0m [1m4s[0m 1s/step - accuracy: 0.8667 - auc: 0.9312 - f2_macro: 0.8720 - f2_plaga: 0.8537 - loss: 0.0343 - precision: 0.7371 - recall: 0.9400 - recall_plaga: 0.8301
[1m15/17[0m [32m━━━━━━━━━━━━━━━━━[0m[37m━━━[0m [1m2s[0m 1s/step - accuracy: 0.8643 - auc: 0.9294 - f2_macro: 0.8698 - f2_plaga: 0.8510 - loss: 0.0346 - precision: 0.7329 - recall: 0.9393 - recall_plaga: 0.8270
[1m16/17[0m [32m━━━━━━━━━━━━━━━━━━[0m[37m━━[0m [1m1s[0m 1s/step - accuracy: 0.8620 - auc: 0.9279 - f2_macro: 0.8677 - f2_plaga: 0.8484 - loss: 0.0349 - precision: 0.7288 - recall: 0.9389 - recall_plaga: 0.8239
[1m17/17[0m [32m━━━━━━━━━━━━━━━━━━━━[0m[37m[0m [1m0s[0m 1s/step - accuracy: 0.8600 - auc: 0.9265 - f2_macro: 0.8658 - f2_plaga: 0.8460 - loss: 0.0351 - precision: 0.7251 - recall: 0.9384 - recall_plaga: 0.8212
Epoch 22: val_f2_macro did not improve from 0.35246

[1m17/17[0m [32m━━━━━━━━━━━━━━━━━━━━[0m[37m[0m [1m25s[0m 1s/step - accuracy: 0.8271 - auc: 0.9037 - f2_macro: 0.8352 - f2_plaga: 0.8083 - loss: 0.0389 - precision: 0.6667 - recall: 0.9302 - recall_plaga: 0.7778 - val_accuracy: 0.3233 - val_auc: 0.8757 - val_f2_macro: 0.3525 - val_f2_plaga: 0.0000e+00 - val_loss: 0.0674 - val_precision: 0.3233 - val_recall: 1.0000 - val_recall_plaga: 0.0000e+00 - learning_rate: 1.0000e-04
Epoch 23/80

[1m 1/17[0m [32m━[0m[37m━━━━━━━━━━━━━━━━━━━[0m [1m24s[0m 2s/step - accuracy: 0.9062 - auc: 0.9636 - f2_macro: 0.9156 - f2_plaga: 0.8879 - loss: 0.0307 - precision: 0.7692 - recall: 1.0000 - recall_plaga: 0.8636
[1m 2/17[0m [32m━━[0m[37m━━━━━━━━━━━━━━━━━━[0m [1m21s[0m 1s/step - accuracy: 0.8906 - auc: 0.9473 - f2_macro: 0.8975 - f2_plaga: 0.8777 - loss: 0.0323 - precision: 0.7446 - recall: 0.9737 - recall_plaga: 0.8540
[1m 3/17[0m [32m━━━[0m[37m━━━━━━━━━━━━━━━━━[0m [1m20s[0m 1s/step - accuracy: 0.8785 - auc: 0.9370 - f2_macro: 0.8865 - f2_plaga: 0.8602 - loss: 0.0337 - precision: 0.7334 - recall: 0.9724 - recall_plaga: 0.8339
[1m 4/17[0m [32m━━━━[0m[37m━━━━━━━━━━━━━━━━[0m [1m18s[0m 1s/step - accuracy: 0.8737 - auc: 0.9365 - f2_macro: 0.8823 - f2_plaga: 0.8513 - loss: 0.0342 - precision: 0.7315 - recall: 0.9738 - recall_plaga: 0.8236
[1m 5/17[0m [32m━━━━━[0m[37m━━━━━━━━━━━━━━━[0m [1m17s[0m 1s/step - accuracy: 0.8702 - auc: 0.9358 - f2_macro: 0.8793 - f2_plaga: 0.8450 - loss: 0.0345 - precision: 0.7288 - recall: 0.9756 - recall_plaga: 0.8162
[1m 6/17[0m [32m━━━━━━━[0m[37m━━━━━━━━━━━━━[0m [1m15s[0m 1s/step - accuracy: 0.8667 - auc: 0.9336 - f2_macro: 0.8760 - f2_plaga: 0.8401 - loss: 0.0350 - precision: 0.7256 - recall: 0.9747 - recall_plaga: 0.8105
[1m 7/17[0m [32m━━━━━━━━[0m[37m━━━━━━━━━━━━[0m [1m14s[0m 1s/step - accuracy: 0.8628 - auc: 0.9314 - f2_macro: 0.8726 - f2_plaga: 0.8356 - loss: 0.0353 - precision: 0.7186 - recall: 0.9744 - recall_plaga: 0.8054
[1m 8/17[0m [32m━━━━━━━━━[0m[37m━━━━━━━━━━━[0m [1m12s[0m 1s/step - accuracy: 0.8594 - auc: 0.9291 - f2_macro: 0.8694 - f2_plaga: 0.8322 - loss: 0.0356 - precision: 0.7128 - recall: 0.9731 - recall_plaga: 0.8016
[1m 9/17[0m [32m━━━━━━━━━━[0m[37m━━━━━━━━━━[0m [1m11s[0m 1s/step - accuracy: 0.8561 - auc: 0.9268 - f2_macro: 0.8660 - f2_plaga: 0.8293 - loss: 0.0360 - precision: 0.7090 - recall: 0.9692 - recall_plaga: 0.7986
[1m10/17[0m [32m━━━━━━━━━━━[0m[37m━━━━━━━━━[0m [1m10s[0m 1s/step - accuracy: 0.8527 - auc: 0.9241 - f2_macro: 0.8627 - f2_plaga: 0.8258 - loss: 0.0364 - precision: 0.7046 - recall: 0.9667 - recall_plaga: 0.7948
[1m11/17[0m [32m━━━━━━━━━━━━[0m[37m━━━━━━━━[0m [1m8s[0m 1s/step - accuracy: 0.8498 - auc: 0.9217 - f2_macro: 0.8599 - f2_plaga: 0.8229 - loss: 0.0367 - precision: 0.7002 - recall: 0.9650 - recall_plaga: 0.7916 
[1m12/17[0m [32m━━━━━━━━━━━━━━[0m[37m━━━━━━[0m [1m7s[0m 1s/step - accuracy: 0.8478 - auc: 0.9201 - f2_macro: 0.8579 - f2_plaga: 0.8210 - loss: 0.0369 - precision: 0.6973 - recall: 0.9633 - recall_plaga: 0.7896
[1m13/17[0m [32m━━━━━━━━━━━━━━━[0m[37m━━━━━[0m [1m5s[0m 1s/step - accuracy: 0.8462 - auc: 0.9187 - f2_macro: 0.8561 - f2_plaga: 0.8199 - loss: 0.0371 - precision: 0.6956 - recall: 0.9606 - recall_plaga: 0.7885
[1m14/17[0m [32m━━━━━━━━━━━━━━━━[0m[37m━━━━[0m [1m4s[0m 1s/step - accuracy: 0.8449 - auc: 0.9173 - f2_macro: 0.8547 - f2_plaga: 0.8189 - loss: 0.0373 - precision: 0.6942 - recall: 0.9586 - recall_plaga: 0.7876
[1m15/17[0m [32m━━━━━━━━━━━━━━━━━[0m[37m━━━[0m [1m2s[0m 1s/step - accuracy: 0.8436 - auc: 0.9159 - f2_macro: 0.8534 - f2_plaga: 0.8178 - loss: 0.0375 - precision: 0.6922 - recall: 0.9571 - recall_plaga: 0.7865
[1m16/17[0m [32m━━━━━━━━━━━━━━━━━━[0m[37m━━[0m [1m1s[0m 1s/step - accuracy: 0.8424 - auc: 0.9149 - f2_macro: 0.8521 - f2_plaga: 0.8168 - loss: 0.0376 - precision: 0.6901 - recall: 0.9560 - recall_plaga: 0.7855
[1m17/17[0m [32m━━━━━━━━━━━━━━━━━━━━[0m[37m[0m [1m0s[0m 1s/step - accuracy: 0.8414 - auc: 0.9141 - f2_macro: 0.8511 - f2_plaga: 0.8161 - loss: 0.0378 - precision: 0.6885 - recall: 0.9548 - recall_plaga: 0.7847
Epoch 23: val_f2_macro did not improve from 0.35246

[1m17/17[0m [32m━━━━━━━━━━━━━━━━━━━━[0m[37m[0m [1m25s[0m 1s/step - accuracy: 0.8252 - auc: 0.9007 - f2_macro: 0.8343 - f2_plaga: 0.8039 - loss: 0.0396 - precision: 0.6626 - recall: 0.9360 - recall_plaga: 0.7722 - val_accuracy: 0.3233 - val_auc: 0.8890 - val_f2_macro: 0.3525 - val_f2_plaga: 0.0000e+00 - val_loss: 0.0671 - val_precision: 0.3233 - val_recall: 1.0000 - val_recall_plaga: 0.0000e+00 - learning_rate: 1.0000e-04
Epoch 24/80

[1m 1/17[0m [32m━[0m[37m━━━━━━━━━━━━━━━━━━━[0m [1m22s[0m 1s/step - accuracy: 0.9375 - auc: 0.9591 - f2_macro: 0.9437 - f2_plaga: 0.9259 - loss: 0.0271 - precision: 0.8333 - recall: 1.0000 - recall_plaga: 0.9091
[1m 2/17[0m [32m━━[0m[37m━━━━━━━━━━━━━━━━━━[0m [1m21s[0m 1s/step - accuracy: 0.9297 - auc: 0.9582 - f2_macro: 0.9366 - f2_plaga: 0.9175 - loss: 0.0276 - precision: 0.8125 - recall: 1.0000 - recall_plaga: 0.8990
[1m 3/17[0m [32m━━━[0m[37m━━━━━━━━━━━━━━━━━[0m [1m20s[0m 1s/step - accuracy: 0.9184 - auc: 0.9546 - f2_macro: 0.9251 - f2_plaga: 0.9048 - loss: 0.0293 - precision: 0.8018 - recall: 0.9899 - recall_plaga: 0.8850
[1m 4/17[0m [32m━━━━[0m[37m━━━━━━━━━━━━━━━━[0m [1m19s[0m 1s/step - accuracy: 0.9134 - auc: 0.9547 - f2_macro: 0.9202 - f2_plaga: 0.8979 - loss: 0.0302 - precision: 0.7987 - recall: 0.9870 - recall_plaga: 0.8772
[1m 5/17[0m [32m━━━━━[0m[37m━━━━━━━━━━━━━━━[0m [1m18s[0m 2s/step - accuracy: 0.9095 - auc: 0.9544 - f2_macro: 0.9165 - f2_plaga: 0.8923 - loss: 0.0307 - precision: 0.7945 - recall: 0.9861 - recall_plaga: 0.8707
[1m 6/17[0m [32m━━━━━━━[0m[37m━━━━━━━━━━━━━[0m [1m16s[0m 2s/step - accuracy: 0.9029 - auc: 0.9515 - f2_macro: 0.9099 - f2_plaga: 0.8850 - loss: 0.0315 - precision: 0.7866 - recall: 0.9810 - recall_plaga: 0.8627
[1m 7/17[0m [32m━━━━━━━━[0m[37m━━━━━━━━━━━━[0m [1m14s[0m 1s/step - accuracy: 0.8957 - auc: 0.9486 - f2_macro: 0.9031 - f2_plaga: 0.8773 - loss: 0.0322 - precision: 0.7743 - recall: 0.9779 - recall_plaga: 0.8539
[1m 8/17[0m [32m━━━━━━━━━[0m[37m━━━━━━━━━━━[0m [1m13s[0m 1s/step - accuracy: 0.8892 - auc: 0.9447 - f2_macro: 0.8966 - f2_plaga: 0.8710 - loss: 0.0329 - precision: 0.7638 - recall: 0.9731 - recall_plaga: 0.8469
[1m 9/17[0m [32m━━━━━━━━━━[0m[37m━━━━━━━━━━[0m [1m11s[0m 1s/step - accuracy: 0.8834 - auc: 0.9410 - f2_macro: 0.8906 - f2_plaga: 0.8656 - loss: 0.0336 - precision: 0.7562 - recall: 0.9669 - recall_plaga: 0.8412
[1m10/17[0m [32m━━━━━━━━━━━[0m[37m━━━━━━━━━[0m [1m10s[0m 1s/step - accuracy: 0.8779 - auc: 0.9367 - f2_macro: 0.8850 - f2_plaga: 0.8602 - loss: 0.0343 - precision: 0.7486 - recall: 0.9618 - recall_plaga: 0.8355
[1m11/17[0m [32m━━━━━━━━━━━━[0m[37m━━━━━━━━[0m [1m8s[0m 1s/step - accuracy: 0.8732 - auc: 0.9327 - f2_macro: 0.8803 - f2_plaga: 0.8557 - loss: 0.0350 - precision: 0.7415 - recall: 0.9582 - recall_plaga: 0.8305 
[1m12/17[0m [32m━━━━━━━━━━━━━━[0m[37m━━━━━━[0m [1m7s[0m 1s/step - accuracy: 0.8697 - auc: 0.9299 - f2_macro: 0.8767 - f2_plaga: 0.8523 - loss: 0.0354 - precision: 0.7363 - recall: 0.9551 - recall_plaga: 0.8269
[1m13/17[0m [32m━━━━━━━━━━━━━━━[0m[37m━━━━━[0m [1m5s[0m 1s/step - accuracy: 0.8671 - auc: 0.9276 - f2_macro: 0.8741 - f2_plaga: 0.8499 - loss: 0.0358 - precision: 0.7329 - recall: 0.9524 - recall_plaga: 0.8243
[1m14/17[0m [32m━━━━━━━━━━━━━━━━[0m[37m━━━━[0m [1m4s[0m 1s/step - accuracy: 0.8648 - auc: 0.9255 - f2_macro: 0.8717 - f2_plaga: 0.8478 - loss: 0.0361 - precision: 0.7298 - recall: 0.9501 - recall_plaga: 0.8220
[1m15/17[0m [32m━━━━━━━━━━━━━━━━━[0m[37m━━━[0m [1m2s[0m 1s/step - accuracy: 0.8624 - auc: 0.9236 - f2_macro: 0.8694 - f2_plaga: 0.8454 - loss: 0.0364 - precision: 0.7260 - recall: 0.9483 - recall_plaga: 0.8195
[1m16/17[0m [32m━━━━━━━━━━━━━━━━━━[0m[37m━━[0m [1m1s[0m 1s/step - accuracy: 0.8603 - auc: 0.9221 - f2_macro: 0.8673 - f2_plaga: 0.8433 - loss: 0.0366 - precision: 0.7224 - recall: 0.9470 - recall_plaga: 0.8171
[1m17/17[0m [32m━━━━━━━━━━━━━━━━━━━━[0m[37m[0m [1m0s[0m 1s/step - accuracy: 0.8584 - auc: 0.9207 - f2_macro: 0.8654 - f2_plaga: 0.8415 - loss: 0.0368 - precision: 0.7194 - recall: 0.9457 - recall_plaga: 0.8151
Epoch 24: val_f2_macro improved from 0.35246 to 0.48600, saving model to C:\workspace\hd-image-pest-detection-cnn-and-rf\best_models\best_model_final_RGB_focal_loss.keras

[1m17/17[0m [32m━━━━━━━━━━━━━━━━━━━━[0m[37m[0m [1m26s[0m 2s/step - accuracy: 0.8289 - auc: 0.8991 - f2_macro: 0.8361 - f2_plaga: 0.8127 - loss: 0.0399 - precision: 0.6709 - recall: 0.9244 - recall_plaga: 0.7833 - val_accuracy: 0.4511 - val_auc: 0.8891 - val_f2_macro: 0.4860 - val_f2_plaga: 0.2255 - val_loss: 0.0662 - val_precision: 0.3707 - val_recall: 1.0000 - val_recall_plaga: 0.1889 - learning_rate: 1.0000e-04
Epoch 25/80

[1m 1/17[0m [32m━[0m[37m━━━━━━━━━━━━━━━━━━━[0m [1m23s[0m 1s/step - accuracy: 0.9375 - auc: 0.9545 - f2_macro: 0.9437 - f2_plaga: 0.9259 - loss: 0.0270 - precision: 0.8333 - recall: 1.0000 - recall_plaga: 0.9091
[1m 2/17[0m [32m━━[0m[37m━━━━━━━━━━━━━━━━━━[0m [1m21s[0m 1s/step - accuracy: 0.9375 - auc: 0.9553 - f2_macro: 0.9437 - f2_plaga: 0.9268 - loss: 0.0267 - precision: 0.8297 - recall: 1.0000 - recall_plaga: 0.9101
[1m 3/17[0m [32m━━━[0m[37m━━━━━━━━━━━━━━━━━[0m [1m19s[0m 1s/step - accuracy: 0.9306 - auc: 0.9502 - f2_macro: 0.9374 - f2_plaga: 0.9164 - loss: 0.0278 - precision: 0.8214 - recall: 1.0000 - recall_plaga: 0.8977
[1m 4/17[0m [32m━━━━[0m[37m━━━━━━━━━━━━━━━━[0m [1m18s[0m 1s/step - accuracy: 0.9245 - auc: 0.9506 - f2_macro: 0.9317 - f2_plaga: 0.9072 - loss: 0.0284 - precision: 0.8144 - recall: 1.0000 - recall_plaga: 0.8867
[1m 5/17[0m [32m━━━━━[0m[37m━━━━━━━━━━━━━━━[0m [1m16s[0m 1s/step - accuracy: 0.9183 - auc: 0.9508 - f2_macro: 0.9261 - f2_plaga: 0.8984 - loss: 0.0287 - precision: 0.8055 - recall: 1.0000 - recall_plaga: 0.8764
[1m 6/17[0m [32m━━━━━━━[0m[37m━━━━━━━━━━━━━[0m [1m15s[0m 1s/step - accuracy: 0.9102 - auc: 0.9494 - f2_macro: 0.9182 - f2_plaga: 0.8892 - loss: 0.0293 - precision: 0.7949 - recall: 0.9951 - recall_plaga: 0.8661
[1m 7/17[0m [32m━━━━━━━━[0m[37m━━━━━━━━━━━━[0m [1m14s[0m 1s/step - accuracy: 0.9033 - auc: 0.9477 - f2_macro: 0.9116 - f2_plaga: 0.8819 - loss: 0.0298 - precision: 0.7827 - recall: 0.9919 - recall_plaga: 0.8578
[1m 8/17[0m [32m━━━━━━━━━[0m[37m━━━━━━━━━━━[0m [1m12s[0m 1s/step - accuracy: 0.8968 - auc: 0.9449 - f2_macro: 0.9053 - f2_plaga: 0.8752 - loss: 0.0304 - precision: 0.7719 - recall: 0.9884 - recall_plaga: 0.8502
[1m 9/17[0m [32m━━━━━━━━━━[0m[37m━━━━━━━━━━[0m [1m11s[0m 1s/step - accuracy: 0.8909 - auc: 0.9425 - f2_macro: 0.8993 - f2_plaga: 0.8695 - loss: 0.0310 - precision: 0.7639 - recall: 0.9828 - recall_plaga: 0.8442
[1m10/17[0m [32m━━━━━━━━━━━[0m[37m━━━━━━━━━[0m [1m9s[0m 1s/step - accuracy: 0.8856 - auc: 0.9391 - f2_macro: 0.8940 - f2_plaga: 0.8640 - loss: 0.0316 - precision: 0.7562 - recall: 0.9789 - recall_plaga: 0.8382 
[1m11/17[0m [32m━━━━━━━━━━━━[0m[37m━━━━━━━━[0m [1m8s[0m 1s/step - accuracy: 0.8810 - auc: 0.9361 - f2_macro: 0.8896 - f2_plaga: 0.8593 - loss: 0.0321 - precision: 0.7490 - recall: 0.9761 - recall_plaga: 0.8329
[1m12/17[0m [32m━━━━━━━━━━━━━━[0m[37m━━━━━━[0m [1m7s[0m 1s/step - accuracy: 0.8777 - auc: 0.9340 - f2_macro: 0.8863 - f2_plaga: 0.8559 - loss: 0.0325 - precision: 0.7437 - recall: 0.9741 - recall_plaga: 0.8291
[1m13/17[0m [32m━━━━━━━━━━━━━━━[0m[37m━━━━━[0m [1m5s[0m 1s/step - accuracy: 0.8753 - auc: 0.9323 - f2_macro: 0.8839 - f2_plaga: 0.8534 - loss: 0.0329 - precision: 0.7402 - recall: 0.9722 - recall_plaga: 0.8264
[1m14/17[0m [32m━━━━━━━━━━━━━━━━[0m[37m━━━━[0m [1m4s[0m 1s/step - accuracy: 0.8732 - auc: 0.9308 - f2_macro: 0.8819 - f2_plaga: 0.8512 - loss: 0.0332 - precision: 0.7372 - recall: 0.9709 - recall_plaga: 0.8240
[1m15/17[0m [32m━━━━━━━━━━━━━━━━━[0m[37m━━━[0m [1m2s[0m 1s/step - accuracy: 0.8709 - auc: 0.9292 - f2_macro: 0.8797 - f2_plaga: 0.8490 - loss: 0.0334 - precision: 0.7335 - recall: 0.9694 - recall_plaga: 0.8215
[1m16/17[0m [32m━━━━━━━━━━━━━━━━━━[0m[37m━━[0m [1m1s[0m 1s/step - accuracy: 0.8689 - auc: 0.9280 - f2_macro: 0.8777 - f2_plaga: 0.8469 - loss: 0.0337 - precision: 0.7300 - recall: 0.9683 - recall_plaga: 0.8191
[1m17/17[0m [32m━━━━━━━━━━━━━━━━━━━━[0m[37m[0m [1m0s[0m 1s/step - accuracy: 0.8670 - auc: 0.9269 - f2_macro: 0.8758 - f2_plaga: 0.8450 - loss: 0.0339 - precision: 0.7268 - recall: 0.9671 - recall_plaga: 0.8170
Epoch 25: val_f2_macro did not improve from 0.48600

[1m17/17[0m [32m━━━━━━━━━━━━━━━━━━━━[0m[37m[0m [1m25s[0m 1s/step - accuracy: 0.8365 - auc: 0.9089 - f2_macro: 0.8459 - f2_plaga: 0.8146 - loss: 0.0372 - precision: 0.6763 - recall: 0.9477 - recall_plaga: 0.7833 - val_accuracy: 0.3233 - val_auc: 0.8879 - val_f2_macro: 0.3525 - val_f2_plaga: 0.0000e+00 - val_loss: 0.0667 - val_precision: 0.3233 - val_recall: 1.0000 - val_recall_plaga: 0.0000e+00 - learning_rate: 1.0000e-04
Epoch 26/80

[1m 1/17[0m [32m━[0m[37m━━━━━━━━━━━━━━━━━━━[0m [1m22s[0m 1s/step - accuracy: 0.9375 - auc: 0.9773 - f2_macro: 0.9437 - f2_plaga: 0.9259 - loss: 0.0244 - precision: 0.8333 - recall: 1.0000 - recall_plaga: 0.9091
[1m 2/17[0m [32m━━[0m[37m━━━━━━━━━━━━━━━━━━[0m [1m21s[0m 1s/step - accuracy: 0.9297 - auc: 0.9644 - f2_macro: 0.9323 - f2_plaga: 0.9247 - loss: 0.0272 - precision: 0.8258 - recall: 0.9737 - recall_plaga: 0.9101
[1m 3/17[0m [32m━━━[0m[37m━━━━━━━━━━━━━━━━━[0m [1m20s[0m 1s/step - accuracy: 0.9184 - auc: 0.9574 - f2_macro: 0.9209 - f2_plaga: 0.9131 - loss: 0.0291 - precision: 0.8155 - recall: 0.9623 - recall_plaga: 0.8977
[1m 4/17[0m [32m━━━━[0m[37m━━━━━━━━━━━━━━━━[0m [1m18s[0m 1s/step - accuracy: 0.9173 - auc: 0.9567 - f2_macro: 0.9200 - f2_plaga: 0.9113 - loss: 0.0297 - precision: 0.8191 - recall: 0.9608 - recall_plaga: 0.8959
[1m 5/17[0m [32m━━━━━[0m[37m━━━━━━━━━━━━━━━[0m [1m17s[0m 1s/step - accuracy: 0.9164 - auc: 0.9564 - f2_macro: 0.9193 - f2_plaga: 0.9092 - loss: 0.0300 - precision: 0.8195 - recall: 0.9616 - recall_plaga: 0.8934
[1m 6/17[0m [32m━━━━━━━[0m[37m━━━━━━━━━━━━━[0m [1m16s[0m 2s/step - accuracy: 0.9112 - auc: 0.9539 - f2_macro: 0.9143 - f2_plaga: 0.9034 - loss: 0.0306 - precision: 0.8130 - recall: 0.9582 - recall_plaga: 0.8870
[1m 7/17[0m [32m━━━━━━━━[0m[37m━━━━━━━━━━━━[0m [1m15s[0m 2s/step - accuracy: 0.9048 - auc: 0.9511 - f2_macro: 0.9083 - f2_plaga: 0.8962 - loss: 0.0312 - precision: 0.8006 - recall: 0.9564 - recall_plaga: 0.8785
[1m 8/17[0m [32m━━━━━━━━━[0m[37m━━━━━━━━━━━[0m [1m13s[0m 2s/step - accuracy: 0.8991 - auc: 0.9474 - f2_macro: 0.9029 - f2_plaga: 0.8899 - loss: 0.0319 - precision: 0.7900 - recall: 0.9543 - recall_plaga: 0.8713
[1m 9/17[0m [32m━━━━━━━━━━[0m[37m━━━━━━━━━━[0m [1m12s[0m 2s/step - accuracy: 0.8933 - auc: 0.9440 - f2_macro: 0.8970 - f2_plaga: 0.8843 - loss: 0.0327 - precision: 0.7817 - recall: 0.9491 - recall_plaga: 0.8652
[1m10/17[0m [32m━━━━━━━━━━━[0m[37m━━━━━━━━━[0m [1m10s[0m 1s/step - accuracy: 0.8880 - auc: 0.9403 - f2_macro: 0.8919 - f2_plaga: 0.8788 - loss: 0.0333 - precision: 0.7735 - recall: 0.9457 - recall_plaga: 0.8590
[1m11/17[0m [32m━━━━━━━━━━━━[0m[37m━━━━━━━━[0m [1m8s[0m 1s/step - accuracy: 0.8835 - auc: 0.9369 - f2_macro: 0.8875 - f2_plaga: 0.8738 - loss: 0.0339 - precision: 0.7658 - recall: 0.9436 - recall_plaga: 0.8534 
[1m12/17[0m [32m━━━━━━━━━━━━━━[0m[37m━━━━━━[0m [1m7s[0m 1s/step - accuracy: 0.8800 - auc: 0.9342 - f2_macro: 0.8841 - f2_plaga: 0.8701 - loss: 0.0343 - precision: 0.7599 - recall: 0.9417 - recall_plaga: 0.8491
[1m13/17[0m [32m━━━━━━━━━━━━━━━[0m[37m━━━━━[0m [1m5s[0m 1s/step - accuracy: 0.8774 - auc: 0.9319 - f2_macro: 0.8816 - f2_plaga: 0.8673 - loss: 0.0347 - precision: 0.7558 - recall: 0.9401 - recall_plaga: 0.8460
[1m14/17[0m [32m━━━━━━━━━━━━━━━━[0m[37m━━━━[0m [1m4s[0m 1s/step - accuracy: 0.8753 - auc: 0.9300 - f2_macro: 0.8796 - f2_plaga: 0.8650 - loss: 0.0350 - precision: 0.7525 - recall: 0.9391 - recall_plaga: 0.8434
[1m15/17[0m [32m━━━━━━━━━━━━━━━━━[0m[37m━━━[0m [1m2s[0m 1s/step - accuracy: 0.8730 - auc: 0.9282 - f2_macro: 0.8775 - f2_plaga: 0.8624 - loss: 0.0353 - precision: 0.7483 - recall: 0.9385 - recall_plaga: 0.8404
[1m16/17[0m [32m━━━━━━━━━━━━━━━━━━[0m[37m━━[0m [1m1s[0m 1s/step - accuracy: 0.8709 - auc: 0.9267 - f2_macro: 0.8755 - f2_plaga: 0.8599 - loss: 0.0355 - precision: 0.7442 - recall: 0.9381 - recall_plaga: 0.8374
[1m17/17[0m [32m━━━━━━━━━━━━━━━━━━━━[0m[37m[0m [1m0s[0m 1s/step - accuracy: 0.8687 - auc: 0.9255 - f2_macro: 0.8735 - f2_plaga: 0.8574 - loss: 0.0357 - precision: 0.7403 - recall: 0.9377 - recall_plaga: 0.8346
Epoch 26: val_f2_macro did not improve from 0.48600

[1m17/17[0m [32m━━━━━━━━━━━━━━━━━━━━[0m[37m[0m [1m25s[0m 1s/step - accuracy: 0.8346 - auc: 0.9055 - f2_macro: 0.8419 - f2_plaga: 0.8180 - loss: 0.0384 - precision: 0.6780 - recall: 0.9302 - recall_plaga: 0.7889 - val_accuracy: 0.3233 - val_auc: 0.8889 - val_f2_macro: 0.3525 - val_f2_plaga: 0.0000e+00 - val_loss: 0.0678 - val_precision: 0.3233 - val_recall: 1.0000 - val_recall_plaga: 0.0000e+00 - learning_rate: 1.0000e-04
Epoch 27/80

[1m 1/17[0m [32m━[0m[37m━━━━━━━━━━━━━━━━━━━[0m [1m25s[0m 2s/step - accuracy: 0.9375 - auc: 0.9705 - f2_macro: 0.9437 - f2_plaga: 0.9259 - loss: 0.0279 - precision: 0.8333 - recall: 1.0000 - recall_plaga: 0.9091
[1m 2/17[0m [32m━━[0m[37m━━━━━━━━━━━━━━━━━━[0m [1m23s[0m 2s/step - accuracy: 0.9219 - auc: 0.9618 - f2_macro: 0.9296 - f2_plaga: 0.9082 - loss: 0.0281 - precision: 0.7967 - recall: 1.0000 - recall_plaga: 0.8879
[1m 3/17[0m [32m━━━[0m[37m━━━━━━━━━━━━━━━━━[0m [1m21s[0m 2s/step - accuracy: 0.9097 - auc: 0.9580 - f2_macro: 0.9173 - f2_plaga: 0.8941 - loss: 0.0289 - precision: 0.7851 - recall: 0.9899 - recall_plaga: 0.8723
[1m 4/17[0m [32m━━━━[0m[37m━━━━━━━━━━━━━━━━[0m [1m19s[0m 2s/step - accuracy: 0.9049 - auc: 0.9576 - f2_macro: 0.9126 - f2_plaga: 0.8873 - loss: 0.0293 - precision: 0.7828 - recall: 0.9870 - recall_plaga: 0.8646
[1m 5/17[0m [32m━━━━━[0m[37m━━━━━━━━━━━━━━━[0m [1m17s[0m 1s/step - accuracy: 0.9015 - auc: 0.9573 - f2_macro: 0.9093 - f2_plaga: 0.8822 - loss: 0.0296 - precision: 0.7796 - recall: 0.9861 - recall_plaga: 0.8587
[1m 6/17[0m [32m━━━━━━━[0m[37m━━━━━━━━━━━━━[0m [1m16s[0m 1s/step - accuracy: 0.8962 - auc: 0.9548 - f2_macro: 0.9039 - f2_plaga: 0.8766 - loss: 0.0302 - precision: 0.7742 - recall: 0.9810 - recall_plaga: 0.8527
[1m 7/17[0m [32m━━━━━━━━[0m[37m━━━━━━━━━━━━[0m [1m14s[0m 1s/step - accuracy: 0.8900 - auc: 0.9520 - f2_macro: 0.8979 - f2_plaga: 0.8701 - loss: 0.0307 - precision: 0.7636 - recall: 0.9779 - recall_plaga: 0.8453
[1m 8/17[0m [32m━━━━━━━━━[0m[37m━━━━━━━━━━━[0m [1m13s[0m 1s/step - accuracy: 0.8847 - auc: 0.9485 - f2_macro: 0.8927 - f2_plaga: 0.8647 - loss: 0.0314 - precision: 0.7548 - recall: 0.9746 - recall_plaga: 0.8394
[1m 9/17[0m [32m━━━━━━━━━━[0m[37m━━━━━━━━━━[0m [1m11s[0m 1s/step - accuracy: 0.8801 - auc: 0.9446 - f2_macro: 0.8881 - f2_plaga: 0.8602 - loss: 0.0321 - precision: 0.7487 - recall: 0.9706 - recall_plaga: 0.8345
[1m10/17[0m [32m━━━━━━━━━━━[0m[37m━━━━━━━━━[0m [1m10s[0m 1s/step - accuracy: 0.8759 - auc: 0.9409 - f2_macro: 0.8839 - f2_plaga: 0.8557 - loss: 0.0327 - precision: 0.7425 - recall: 0.9679 - recall_plaga: 0.8295
[1m11/17[0m [32m━━━━━━━━━━━━[0m[37m━━━━━━━━[0m [1m8s[0m 1s/step - accuracy: 0.8722 - auc: 0.9376 - f2_macro: 0.8804 - f2_plaga: 0.8517 - loss: 0.0332 - precision: 0.7366 - recall: 0.9661 - recall_plaga: 0.8250 
[1m12/17[0m [32m━━━━━━━━━━━━━━[0m[37m━━━━━━[0m [1m7s[0m 1s/step - accuracy: 0.8694 - auc: 0.9351 - f2_macro: 0.8776 - f2_plaga: 0.8488 - loss: 0.0336 - precision: 0.7322 - recall: 0.9643 - recall_plaga: 0.8219
[1m13/17[0m [32m━━━━━━━━━━━━━━━[0m[37m━━━━━[0m [1m5s[0m 1s/step - accuracy: 0.8674 - auc: 0.9332 - f2_macro: 0.8757 - f2_plaga: 0.8469 - loss: 0.0339 - precision: 0.7295 - recall: 0.9626 - recall_plaga: 0.8197
[1m14/17[0m [32m━━━━━━━━━━━━━━━━[0m[37m━━━━[0m [1m4s[0m 1s/step - accuracy: 0.8657 - auc: 0.9316 - f2_macro: 0.8740 - f2_plaga: 0.8451 - loss: 0.0341 - precision: 0.7271 - recall: 0.9615 - recall_plaga: 0.8177
[1m15/17[0m [32m━━━━━━━━━━━━━━━━━[0m[37m━━━[0m [1m2s[0m 1s/step - accuracy: 0.8640 - auc: 0.9302 - f2_macro: 0.8723 - f2_plaga: 0.8433 - loss: 0.0343 - precision: 0.7241 - recall: 0.9606 - recall_plaga: 0.8157
[1m16/17[0m [32m━━━━━━━━━━━━━━━━━━[0m[37m━━[0m [1m1s[0m 1s/step - accuracy: 0.8622 - auc: 0.9292 - f2_macro: 0.8707 - f2_plaga: 0.8414 - loss: 0.0345 - precision: 0.7209 - recall: 0.9600 - recall_plaga: 0.8135
[1m17/17[0m [32m━━━━━━━━━━━━━━━━━━━━[0m[37m[0m [1m0s[0m 1s/step - accuracy: 0.8606 - auc: 0.9282 - f2_macro: 0.8691 - f2_plaga: 0.8396 - loss: 0.0346 - precision: 0.7182 - recall: 0.9593 - recall_plaga: 0.8116
Epoch 27: val_f2_macro did not improve from 0.48600

[1m17/17[0m [32m━━━━━━━━━━━━━━━━━━━━[0m[37m[0m [1m26s[0m 1s/step - accuracy: 0.8346 - auc: 0.9129 - f2_macro: 0.8442 - f2_plaga: 0.8121 - loss: 0.0368 - precision: 0.6736 - recall: 0.9477 - recall_plaga: 0.7806 - val_accuracy: 0.3233 - val_auc: 0.8871 - val_f2_macro: 0.3525 - val_f2_plaga: 0.0000e+00 - val_loss: 0.0688 - val_precision: 0.3233 - val_recall: 1.0000 - val_recall_plaga: 0.0000e+00 - learning_rate: 1.0000e-04
Epoch 28/80

[1m 1/17[0m [32m━[0m[37m━━━━━━━━━━━━━━━━━━━[0m [1m22s[0m 1s/step - accuracy: 0.9062 - auc: 0.9636 - f2_macro: 0.9156 - f2_plaga: 0.8879 - loss: 0.0299 - precision: 0.7692 - recall: 1.0000 - recall_plaga: 0.8636
[1m 2/17[0m [32m━━[0m[37m━━━━━━━━━━━━━━━━━━[0m [1m21s[0m 1s/step - accuracy: 0.8828 - auc: 0.9567 - f2_macro: 0.8906 - f2_plaga: 0.8682 - loss: 0.0304 - precision: 0.7308 - recall: 0.9737 - recall_plaga: 0.8429
[1m 3/17[0m [32m━━━[0m[37m━━━━━━━━━━━━━━━━━[0m [1m19s[0m 1s/step - accuracy: 0.8733 - auc: 0.9512 - f2_macro: 0.8807 - f2_plaga: 0.8575 - loss: 0.0314 - precision: 0.7275 - recall: 0.9623 - recall_plaga: 0.8318
[1m 4/17[0m [32m━━━━[0m[37m━━━━━━━━━━━━━━━━[0m [1m18s[0m 1s/step - accuracy: 0.8698 - auc: 0.9509 - f2_macro: 0.8774 - f2_plaga: 0.8515 - loss: 0.0317 - precision: 0.7290 - recall: 0.9608 - recall_plaga: 0.8251
[1m 5/17[0m [32m━━━━━[0m[37m━━━━━━━━━━━━━━━[0m [1m17s[0m 1s/step - accuracy: 0.8683 - auc: 0.9503 - f2_macro: 0.8762 - f2_plaga: 0.8482 - loss: 0.0319 - precision: 0.7298 - recall: 0.9616 - recall_plaga: 0.8212
[1m 6/17[0m [32m━━━━━━━[0m[37m━━━━━━━━━━━━━[0m [1m15s[0m 1s/step - accuracy: 0.8668 - auc: 0.9487 - f2_macro: 0.8750 - f2_plaga: 0.8450 - loss: 0.0322 - precision: 0.7291 - recall: 0.9631 - recall_plaga: 0.8174
[1m 7/17[0m [32m━━━━━━━━[0m[37m━━━━━━━━━━━━[0m [1m14s[0m 1s/step - accuracy: 0.8642 - auc: 0.9471 - f2_macro: 0.8728 - f2_plaga: 0.8415 - loss: 0.0325 - precision: 0.7234 - recall: 0.9645 - recall_plaga: 0.8132
[1m 8/17[0m [32m━━━━━━━━━[0m[37m━━━━━━━━━━━[0m [1m13s[0m 1s/step - accuracy: 0.8621 - auc: 0.9445 - f2_macro: 0.8712 - f2_plaga: 0.8387 - loss: 0.0329 - precision: 0.7188 - recall: 0.9659 - recall_plaga: 0.8098
[1m 9/17[0m [32m━━━━━━━━━━[0m[37m━━━━━━━━━━[0m [1m11s[0m 1s/step - accuracy: 0.8593 - auc: 0.9418 - f2_macro: 0.8683 - f2_plaga: 0.8361 - loss: 0.0333 - precision: 0.7155 - recall: 0.9628 - recall_plaga: 0.8071
[1m10/17[0m [32m━━━━━━━━━━━[0m[37m━━━━━━━━━[0m [1m10s[0m 1s/step - accuracy: 0.8559 - auc: 0.9383 - f2_macro: 0.8650 - f2_plaga: 0.8323 - loss: 0.0338 - precision: 0.7108 - recall: 0.9609 - recall_plaga: 0.8029
[1m11/17[0m [32m━━━━━━━━━━━━[0m[37m━━━━━━━━[0m [1m8s[0m 1s/step - accuracy: 0.8527 - auc: 0.9353 - f2_macro: 0.8619 - f2_plaga: 0.8291 - loss: 0.0342 - precision: 0.7061 - recall: 0.9590 - recall_plaga: 0.7994 
[1m12/17[0m [32m━━━━━━━━━━━━━━[0m[37m━━━━━━[0m [1m7s[0m 1s/step - accuracy: 0.8509 - auc: 0.9331 - f2_macro: 0.8601 - f2_plaga: 0.8273 - loss: 0.0344 - precision: 0.7033 - recall: 0.9577 - recall_plaga: 0.7973
[1m13/17[0m [32m━━━━━━━━━━━━━━━[0m[37m━━━━━[0m [1m5s[0m 1s/step - accuracy: 0.8498 - auc: 0.9313 - f2_macro: 0.8590 - f2_plaga: 0.8262 - loss: 0.0346 - precision: 0.7019 - recall: 0.9566 - recall_plaga: 0.7963
[1m14/17[0m [32m━━━━━━━━━━━━━━━━[0m[37m━━━━[0m [1m4s[0m 1s/step - accuracy: 0.8487 - auc: 0.9298 - f2_macro: 0.8579 - f2_plaga: 0.8253 - loss: 0.0348 - precision: 0.7007 - recall: 0.9554 - recall_plaga: 0.7952
[1m15/17[0m [32m━━━━━━━━━━━━━━━━━[0m[37m━━━[0m [1m2s[0m 1s/step - accuracy: 0.8475 - auc: 0.9281 - f2_macro: 0.8566 - f2_plaga: 0.8243 - loss: 0.0350 - precision: 0.6988 - recall: 0.9541 - recall_plaga: 0.7943
[1m16/17[0m [32m━━━━━━━━━━━━━━━━━━[0m[37m━━[0m [1m1s[0m 1s/step - accuracy: 0.8464 - auc: 0.9269 - f2_macro: 0.8555 - f2_plaga: 0.8234 - loss: 0.0352 - precision: 0.6969 - recall: 0.9532 - recall_plaga: 0.7933
[1m17/17[0m [32m━━━━━━━━━━━━━━━━━━━━[0m[37m[0m [1m0s[0m 1s/step - accuracy: 0.8455 - auc: 0.9258 - f2_macro: 0.8546 - f2_plaga: 0.8227 - loss: 0.0353 - precision: 0.6954 - recall: 0.9522 - recall_plaga: 0.7925
Epoch 28: val_f2_macro did not improve from 0.48600

[1m17/17[0m [32m━━━━━━━━━━━━━━━━━━━━[0m[37m[0m [1m25s[0m 1s/step - accuracy: 0.8308 - auc: 0.9082 - f2_macro: 0.8393 - f2_plaga: 0.8112 - loss: 0.0373 - precision: 0.6708 - recall: 0.9360 - recall_plaga: 0.7806 - val_accuracy: 0.3609 - val_auc: 0.8984 - val_f2_macro: 0.3926 - val_f2_plaga: 0.0685 - val_loss: 0.0638 - val_precision: 0.3359 - val_recall: 1.0000 - val_recall_plaga: 0.0556 - learning_rate: 1.0000e-04
Epoch 29/80

[1m 1/17[0m [32m━[0m[37m━━━━━━━━━━━━━━━━━━━[0m [1m23s[0m 1s/step - accuracy: 0.8750 - auc: 0.9932 - f2_macro: 0.8875 - f2_plaga: 0.8491 - loss: 0.0245 - precision: 0.7143 - recall: 1.0000 - recall_plaga: 0.8182
[1m 2/17[0m [32m━━[0m[37m━━━━━━━━━━━━━━━━━━[0m [1m21s[0m 1s/step - accuracy: 0.8750 - auc: 0.9808 - f2_macro: 0.8875 - f2_plaga: 0.8508 - loss: 0.0249 - precision: 0.7090 - recall: 1.0000 - recall_plaga: 0.8202
[1m 3/17[0m [32m━━━[0m[37m━━━━━━━━━━━━━━━━━[0m [1m21s[0m 2s/step - accuracy: 0.8715 - auc: 0.9692 - f2_macro: 0.8830 - f2_plaga: 0.8468 - loss: 0.0272 - precision: 0.7151 - recall: 0.9899 - recall_plaga: 0.8166
[1m 4/17[0m [32m━━━━[0m[37m━━━━━━━━━━━━━━━━[0m [1m20s[0m 2s/step - accuracy: 0.8763 - auc: 0.9659 - f2_macro: 0.8868 - f2_plaga: 0.8518 - loss: 0.0282 - precision: 0.7303 - recall: 0.9870 - recall_plaga: 0.8228
[1m 5/17[0m [32m━━━━━[0m[37m━━━━━━━━━━━━━━━[0m [1m18s[0m 2s/step - accuracy: 0.8798 - auc: 0.9638 - f2_macro: 0.8898 - f2_plaga: 0.8554 - loss: 0.0287 - precision: 0.7398 - recall: 0.9861 - recall_plaga: 0.8272
[1m 6/17[0m [32m━━━━━━━[0m[37m━━━━━━━━━━━━━[0m [1m16s[0m 2s/step - accuracy: 0.8799 - auc: 0.9609 - f2_macro: 0.8895 - f2_plaga: 0.8557 - loss: 0.0293 - precision: 0.7429 - recall: 0.9835 - recall_plaga: 0.8278
[1m 7/17[0m [32m━━━━━━━━[0m[37m━━━━━━━━━━━━[0m [1m14s[0m 1s/step - accuracy: 0.8773 - auc: 0.9579 - f2_macro: 0.8870 - f2_plaga: 0.8532 - loss: 0.0299 - precision: 0.7382 - recall: 0.9819 - recall_plaga: 0.8249
[1m 8/17[0m [32m━━━━━━━━━[0m[37m━━━━━━━━━━━[0m [1m13s[0m 1s/step - accuracy: 0.8745 - auc: 0.9541 - f2_macro: 0.8844 - f2_plaga: 0.8502 - loss: 0.0306 - precision: 0.7332 - recall: 0.9812 - recall_plaga: 0.8215
[1m 9/17[0m [32m━━━━━━━━━━[0m[37m━━━━━━━━━━[0m [1m11s[0m 1s/step - accuracy: 0.8719 - auc: 0.9503 - f2_macro: 0.8817 - f2_plaga: 0.8475 - loss: 0.0313 - precision: 0.7300 - recall: 0.9787 - recall_plaga: 0.8187
[1m10/17[0m [32m━━━━━━━━━━━[0m[37m━━━━━━━━━[0m [1m10s[0m 1s/step - accuracy: 0.8688 - auc: 0.9464 - f2_macro: 0.8786 - f2_plaga: 0.8443 - loss: 0.0320 - precision: 0.7260 - recall: 0.9762 - recall_plaga: 0.8152
[1m11/17[0m [32m━━━━━━━━━━━━[0m[37m━━━━━━━━[0m [1m8s[0m 1s/step - accuracy: 0.8660 - auc: 0.9431 - f2_macro: 0.8759 - f2_plaga: 0.8414 - loss: 0.0325 - precision: 0.7217 - recall: 0.9744 - recall_plaga: 0.8121 
[1m12/17[0m [32m━━━━━━━━━━━━━━[0m[37m━━━━━━[0m [1m7s[0m 1s/step - accuracy: 0.8641 - auc: 0.9406 - f2_macro: 0.8740 - f2_plaga: 0.8395 - loss: 0.0329 - precision: 0.7188 - recall: 0.9732 - recall_plaga: 0.8100
[1m13/17[0m [32m━━━━━━━━━━━━━━━[0m[37m━━━━━[0m [1m5s[0m 1s/step - accuracy: 0.8627 - auc: 0.9384 - f2_macro: 0.8726 - f2_plaga: 0.8383 - loss: 0.0333 - precision: 0.7173 - recall: 0.9714 - recall_plaga: 0.8088
[1m14/17[0m [32m━━━━━━━━━━━━━━━━[0m[37m━━━━[0m [1m4s[0m 1s/step - accuracy: 0.8614 - auc: 0.9364 - f2_macro: 0.8711 - f2_plaga: 0.8371 - loss: 0.0336 - precision: 0.7158 - recall: 0.9696 - recall_plaga: 0.8076
[1m15/17[0m [32m━━━━━━━━━━━━━━━━━[0m[37m━━━[0m [1m2s[0m 1s/step - accuracy: 0.8598 - auc: 0.9345 - f2_macro: 0.8695 - f2_plaga: 0.8357 - loss: 0.0339 - precision: 0.7133 - recall: 0.9682 - recall_plaga: 0.8060
[1m16/17[0m [32m━━━━━━━━━━━━━━━━━━[0m[37m━━[0m [1m1s[0m 1s/step - accuracy: 0.8582 - auc: 0.9329 - f2_macro: 0.8679 - f2_plaga: 0.8341 - loss: 0.0341 - precision: 0.7106 - recall: 0.9672 - recall_plaga: 0.8042
[1m17/17[0m [32m━━━━━━━━━━━━━━━━━━━━[0m[37m[0m [1m0s[0m 1s/step - accuracy: 0.8568 - auc: 0.9315 - f2_macro: 0.8666 - f2_plaga: 0.8327 - loss: 0.0343 - precision: 0.7084 - recall: 0.9664 - recall_plaga: 0.8027
Epoch 29: val_f2_macro did not improve from 0.48600

[1m17/17[0m [32m━━━━━━━━━━━━━━━━━━━━[0m[37m[0m [1m25s[0m 1s/step - accuracy: 0.8346 - auc: 0.9096 - f2_macro: 0.8450 - f2_plaga: 0.8102 - loss: 0.0373 - precision: 0.6721 - recall: 0.9535 - recall_plaga: 0.7778 - val_accuracy: 0.3233 - val_auc: 0.8994 - val_f2_macro: 0.3525 - val_f2_plaga: 0.0000e+00 - val_loss: 0.0666 - val_precision: 0.3233 - val_recall: 1.0000 - val_recall_plaga: 0.0000e+00 - learning_rate: 1.0000e-04
Epoch 30/80

[1m 1/17[0m [32m━[0m[37m━━━━━━━━━━━━━━━━━━━[0m [1m22s[0m 1s/step - accuracy: 0.9062 - auc: 0.9909 - f2_macro: 0.9156 - f2_plaga: 0.8879 - loss: 0.0244 - precision: 0.7692 - recall: 1.0000 - recall_plaga: 0.8636
[1m 2/17[0m [32m━━[0m[37m━━━━━━━━━━━━━━━━━━[0m [1m20s[0m 1s/step - accuracy: 0.8984 - auc: 0.9744 - f2_macro: 0.9085 - f2_plaga: 0.8797 - loss: 0.0262 - precision: 0.7500 - recall: 1.0000 - recall_plaga: 0.8540
[1m 3/17[0m [32m━━━[0m[37m━━━━━━━━━━━━━━━━━[0m [1m19s[0m 1s/step - accuracy: 0.8941 - auc: 0.9635 - f2_macro: 0.9045 - f2_plaga: 0.8716 - loss: 0.0279 - precision: 0.7500 - recall: 1.0000 - recall_plaga: 0.8445
[1m 4/17[0m [32m━━━━[0m[37m━━━━━━━━━━━━━━━━[0m [1m18s[0m 1s/step - accuracy: 0.8971 - auc: 0.9607 - f2_macro: 0.9071 - f2_plaga: 0.8735 - loss: 0.0285 - precision: 0.7608 - recall: 1.0000 - recall_plaga: 0.8468
[1m 5/17[0m [32m━━━━━[0m[37m━━━━━━━━━━━━━━━[0m [1m16s[0m 1s/step - accuracy: 0.8990 - auc: 0.9585 - f2_macro: 0.9087 - f2_plaga: 0.8748 - loss: 0.0289 - precision: 0.7670 - recall: 1.0000 - recall_plaga: 0.8483
[1m 6/17[0m [32m━━━━━━━[0m[37m━━━━━━━━━━━━━[0m [1m15s[0m 1s/step - accuracy: 0.8976 - auc: 0.9554 - f2_macro: 0.9071 - f2_plaga: 0.8732 - loss: 0.0295 - precision: 0.7675 - recall: 0.9975 - recall_plaga: 0.8467
[1m 7/17[0m [32m━━━━━━━━[0m[37m━━━━━━━━━━━━[0m [1m14s[0m 1s/step - accuracy: 0.8956 - auc: 0.9534 - f2_macro: 0.9052 - f2_plaga: 0.8716 - loss: 0.0298 - precision: 0.7639 - recall: 0.9959 - recall_plaga: 0.8450
[1m 8/17[0m [32m━━━━━━━━━[0m[37m━━━━━━━━━━━[0m [1m12s[0m 1s/step - accuracy: 0.8930 - auc: 0.9506 - f2_macro: 0.9026 - f2_plaga: 0.8694 - loss: 0.0303 - precision: 0.7596 - recall: 0.9934 - recall_plaga: 0.8427
[1m 9/17[0m [32m━━━━━━━━━━[0m[37m━━━━━━━━━━[0m [1m11s[0m 1s/step - accuracy: 0.8907 - auc: 0.9478 - f2_macro: 0.9001 - f2_plaga: 0.8672 - loss: 0.0308 - precision: 0.7568 - recall: 0.9907 - recall_plaga: 0.8404
[1m10/17[0m [32m━━━━━━━━━━━[0m[37m━━━━━━━━━[0m [1m9s[0m 1s/step - accuracy: 0.8875 - auc: 0.9446 - f2_macro: 0.8969 - f2_plaga: 0.8642 - loss: 0.0313 - precision: 0.7527 - recall: 0.9879 - recall_plaga: 0.8371 
[1m11/17[0m [32m━━━━━━━━━━━━[0m[37m━━━━━━━━[0m [1m8s[0m 1s/step - accuracy: 0.8846 - auc: 0.9416 - f2_macro: 0.8940 - f2_plaga: 0.8612 - loss: 0.0317 - precision: 0.7481 - recall: 0.9859 - recall_plaga: 0.8339
[1m12/17[0m [32m━━━━━━━━━━━━━━[0m[37m━━━━━━[0m [1m7s[0m 1s/step - accuracy: 0.8825 - auc: 0.9394 - f2_macro: 0.8919 - f2_plaga: 0.8593 - loss: 0.0320 - precision: 0.7451 - recall: 0.9837 - recall_plaga: 0.8319
[1m13/17[0m [32m━━━━━━━━━━━━━━━[0m[37m━━━━━[0m [1m5s[0m 1s/step - accuracy: 0.8808 - auc: 0.9375 - f2_macro: 0.8900 - f2_plaga: 0.8581 - loss: 0.0323 - precision: 0.7432 - recall: 0.9811 - recall_plaga: 0.8306
[1m14/17[0m [32m━━━━━━━━━━━━━━━━[0m[37m━━━━[0m [1m4s[0m 1s/step - accuracy: 0.8791 - auc: 0.9360 - f2_macro: 0.8882 - f2_plaga: 0.8567 - loss: 0.0325 - precision: 0.7414 - recall: 0.9786 - recall_plaga: 0.8293
[1m15/17[0m [32m━━━━━━━━━━━━━━━━━[0m[37m━━━[0m [1m2s[0m 1s/step - accuracy: 0.8773 - auc: 0.9345 - f2_macro: 0.8863 - f2_plaga: 0.8552 - loss: 0.0328 - precision: 0.7387 - recall: 0.9766 - recall_plaga: 0.8277
[1m16/17[0m [32m━━━━━━━━━━━━━━━━━━[0m[37m━━[0m [1m1s[0m 1s/step - accuracy: 0.8756 - auc: 0.9331 - f2_macro: 0.8845 - f2_plaga: 0.8536 - loss: 0.0330 - precision: 0.7360 - recall: 0.9751 - recall_plaga: 0.8261
[1m17/17[0m [32m━━━━━━━━━━━━━━━━━━━━[0m[37m[0m [1m0s[0m 1s/step - accuracy: 0.8739 - auc: 0.9320 - f2_macro: 0.8829 - f2_plaga: 0.8522 - loss: 0.0331 - precision: 0.7335 - recall: 0.9735 - recall_plaga: 0.8245
Epoch 30: val_f2_macro did not improve from 0.48600

[1m17/17[0m [32m━━━━━━━━━━━━━━━━━━━━[0m[37m[0m [1m25s[0m 1s/step - accuracy: 0.8477 - auc: 0.9135 - f2_macro: 0.8560 - f2_plaga: 0.8290 - loss: 0.0360 - precision: 0.6936 - recall: 0.9477 - recall_plaga: 0.8000 - val_accuracy: 0.3233 - val_auc: 0.8932 - val_f2_macro: 0.3525 - val_f2_plaga: 0.0000e+00 - val_loss: 0.0669 - val_precision: 0.3233 - val_recall: 1.0000 - val_recall_plaga: 0.0000e+00 - learning_rate: 1.0000e-04
Epoch 31/80

[1m 1/17[0m [32m━[0m[37m━━━━━━━━━━━━━━━━━━━[0m [1m23s[0m 1s/step - accuracy: 0.9062 - auc: 0.9864 - f2_macro: 0.9156 - f2_plaga: 0.8879 - loss: 0.0276 - precision: 0.7692 - recall: 1.0000 - recall_plaga: 0.8636
[1m 2/17[0m [32m━━[0m[37m━━━━━━━━━━━━━━━━━━[0m [1m22s[0m 1s/step - accuracy: 0.9062 - auc: 0.9689 - f2_macro: 0.9156 - f2_plaga: 0.8891 - loss: 0.0288 - precision: 0.7646 - recall: 1.0000 - recall_plaga: 0.8652
[1m 3/17[0m [32m━━━[0m[37m━━━━━━━━━━━━━━━━━[0m [1m20s[0m 1s/step - accuracy: 0.9028 - auc: 0.9612 - f2_macro: 0.9123 - f2_plaga: 0.8824 - loss: 0.0297 - precision: 0.7656 - recall: 1.0000 - recall_plaga: 0.8572
[1m 4/17[0m [32m━━━━[0m[37m━━━━━━━━━━━━━━━━[0m [1m18s[0m 1s/step - accuracy: 0.9017 - auc: 0.9606 - f2_macro: 0.9112 - f2_plaga: 0.8790 - loss: 0.0298 - precision: 0.7691 - recall: 1.0000 - recall_plaga: 0.8533
[1m 5/17[0m [32m━━━━━[0m[37m━━━━━━━━━━━━━━━[0m [1m17s[0m 1s/step - accuracy: 0.8989 - auc: 0.9607 - f2_macro: 0.9085 - f2_plaga: 0.8743 - loss: 0.0298 - precision: 0.7673 - recall: 1.0000 - recall_plaga: 0.8477
[1m 6/17[0m [32m━━━━━━━[0m[37m━━━━━━━━━━━━━[0m [1m16s[0m 1s/step - accuracy: 0.8949 - auc: 0.9591 - f2_macro: 0.9048 - f2_plaga: 0.8684 - loss: 0.0300 - precision: 0.7626 - recall: 1.0000 - recall_plaga: 0.8408
[1m 7/17[0m [32m━━━━━━━━[0m[37m━━━━━━━━━━━━[0m [1m14s[0m 1s/step - accuracy: 0.8895 - auc: 0.9566 - f2_macro: 0.9000 - f2_plaga: 0.8619 - loss: 0.0304 - precision: 0.7530 - recall: 1.0000 - recall_plaga: 0.8333
[1m 8/17[0m [32m━━━━━━━━━[0m[37m━━━━━━━━━━━[0m [1m13s[0m 1s/step - accuracy: 0.8843 - auc: 0.9532 - f2_macro: 0.8952 - f2_plaga: 0.8560 - loss: 0.0309 - precision: 0.7443 - recall: 0.9985 - recall_plaga: 0.8266
[1m 9/17[0m [32m━━━━━━━━━━[0m[37m━━━━━━━━━━[0m [1m11s[0m 1s/step - accuracy: 0.8794 - auc: 0.9500 - f2_macro: 0.8902 - f2_plaga: 0.8512 - loss: 0.0315 - precision: 0.7381 - recall: 0.9941 - recall_plaga: 0.8215
[1m10/17[0m [32m━━━━━━━━━━━[0m[37m━━━━━━━━━[0m [1m10s[0m 1s/step - accuracy: 0.8749 - auc: 0.9465 - f2_macro: 0.8858 - f2_plaga: 0.8465 - loss: 0.0320 - precision: 0.7321 - recall: 0.9909 - recall_plaga: 0.8163
[1m11/17[0m [32m━━━━━━━━━━━━[0m[37m━━━━━━━━[0m [1m8s[0m 1s/step - accuracy: 0.8710 - auc: 0.9434 - f2_macro: 0.8821 - f2_plaga: 0.8425 - loss: 0.0325 - precision: 0.7263 - recall: 0.9886 - recall_plaga: 0.8119 
[1m12/17[0m [32m━━━━━━━━━━━━━━[0m[37m━━━━━━[0m [1m7s[0m 1s/step - accuracy: 0.8681 - auc: 0.9411 - f2_macro: 0.8791 - f2_plaga: 0.8396 - loss: 0.0328 - precision: 0.7221 - recall: 0.9862 - recall_plaga: 0.8089
[1m13/17[0m [32m━━━━━━━━━━━━━━━[0m[37m━━━━━[0m [1m5s[0m 1s/step - accuracy: 0.8660 - auc: 0.9393 - f2_macro: 0.8770 - f2_plaga: 0.8378 - loss: 0.0330 - precision: 0.7196 - recall: 0.9840 - recall_plaga: 0.8069
[1m14/17[0m [32m━━━━━━━━━━━━━━━━[0m[37m━━━━[0m [1m4s[0m 1s/step - accuracy: 0.8641 - auc: 0.9374 - f2_macro: 0.8750 - f2_plaga: 0.8360 - loss: 0.0333 - precision: 0.7173 - recall: 0.9818 - recall_plaga: 0.8051
[1m15/17[0m [32m━━━━━━━━━━━━━━━━━[0m[37m━━━[0m [1m2s[0m 1s/step - accuracy: 0.8623 - auc: 0.9357 - f2_macro: 0.8732 - f2_plaga: 0.8345 - loss: 0.0335 - precision: 0.7146 - recall: 0.9800 - recall_plaga: 0.8035
[1m16/17[0m [32m━━━━━━━━━━━━━━━━━━[0m[37m━━[0m [1m1s[0m 1s/step - accuracy: 0.8607 - auc: 0.9344 - f2_macro: 0.8716 - f2_plaga: 0.8330 - loss: 0.0336 - precision: 0.7120 - recall: 0.9786 - recall_plaga: 0.8019
[1m17/17[0m [32m━━━━━━━━━━━━━━━━━━━━[0m[37m[0m [1m0s[0m 1s/step - accuracy: 0.8592 - auc: 0.9332 - f2_macro: 0.8700 - f2_plaga: 0.8317 - loss: 0.0338 - precision: 0.7096 - recall: 0.9771 - recall_plaga: 0.8005
Epoch 31: val_f2_macro did not improve from 0.48600

[1m17/17[0m [32m━━━━━━━━━━━━━━━━━━━━[0m[37m[0m [1m25s[0m 1s/step - accuracy: 0.8346 - auc: 0.9149 - f2_macro: 0.8450 - f2_plaga: 0.8102 - loss: 0.0361 - precision: 0.6721 - recall: 0.9535 - recall_plaga: 0.7778 - val_accuracy: 0.3233 - val_auc: 0.8895 - val_f2_macro: 0.3525 - val_f2_plaga: 0.0000e+00 - val_loss: 0.0725 - val_precision: 0.3233 - val_recall: 1.0000 - val_recall_plaga: 0.0000e+00 - learning_rate: 1.0000e-04
Epoch 32/80

[1m 1/17[0m [32m━[0m[37m━━━━━━━━━━━━━━━━━━━[0m [1m24s[0m 2s/step - accuracy: 0.9375 - auc: 0.9909 - f2_macro: 0.9437 - f2_plaga: 0.9259 - loss: 0.0245 - precision: 0.8333 - recall: 1.0000 - recall_plaga: 0.9091
[1m 2/17[0m [32m━━[0m[37m━━━━━━━━━━━━━━━━━━[0m [1m24s[0m 2s/step - accuracy: 0.9297 - auc: 0.9764 - f2_macro: 0.9323 - f2_plaga: 0.9247 - loss: 0.0257 - precision: 0.8258 - recall: 0.9737 - recall_plaga: 0.9101
[1m 3/17[0m [32m━━━[0m[37m━━━━━━━━━━━━━━━━━[0m [1m21s[0m 2s/step - accuracy: 0.9184 - auc: 0.9666 - f2_macro: 0.9223 - f2_plaga: 0.9096 - loss: 0.0273 - precision: 0.8107 - recall: 0.9724 - recall_plaga: 0.8924
[1m 4/17[0m [32m━━━━[0m[37m━━━━━━━━━━━━━━━━[0m [1m19s[0m 2s/step - accuracy: 0.9095 - auc: 0.9636 - f2_macro: 0.9139 - f2_plaga: 0.8984 - loss: 0.0280 - precision: 0.8010 - recall: 0.9684 - recall_plaga: 0.8797
[1m 5/17[0m [32m━━━━━[0m[37m━━━━━━━━━━━━━━━[0m [1m17s[0m 1s/step - accuracy: 0.9026 - auc: 0.9617 - f2_macro: 0.9076 - f2_plaga: 0.8890 - loss: 0.0284 - precision: 0.7915 - recall: 0.9677 - recall_plaga: 0.8688
[1m 6/17[0m [32m━━━━━━━[0m[37m━━━━━━━━━━━━━[0m [1m16s[0m 1s/step - accuracy: 0.8937 - auc: 0.9583 - f2_macro: 0.8991 - f2_plaga: 0.8786 - loss: 0.0291 - precision: 0.7794 - recall: 0.9633 - recall_plaga: 0.8571
[1m 7/17[0m [32m━━━━━━━━[0m[37m━━━━━━━━━━━━[0m [1m14s[0m 1s/step - accuracy: 0.8859 - auc: 0.9555 - f2_macro: 0.8918 - f2_plaga: 0.8700 - loss: 0.0296 - precision: 0.7657 - recall: 0.9607 - recall_plaga: 0.8472
[1m 8/17[0m [32m━━━━━━━━━[0m[37m━━━━━━━━━━━[0m [1m13s[0m 1s/step - accuracy: 0.8801 - auc: 0.9523 - f2_macro: 0.8865 - f2_plaga: 0.8634 - loss: 0.0301 - precision: 0.7551 - recall: 0.9596 - recall_plaga: 0.8396
[1m 9/17[0m [32m━━━━━━━━━━[0m[37m━━━━━━━━━━[0m [1m11s[0m 1s/step - accuracy: 0.8753 - auc: 0.9494 - f2_macro: 0.8819 - f2_plaga: 0.8581 - loss: 0.0306 - precision: 0.7478 - recall: 0.9572 - recall_plaga: 0.8336
[1m10/17[0m [32m━━━━━━━━━━━[0m[37m━━━━━━━━━[0m [1m10s[0m 1s/step - accuracy: 0.8703 - auc: 0.9456 - f2_macro: 0.8771 - f2_plaga: 0.8524 - loss: 0.0312 - precision: 0.7401 - recall: 0.9549 - recall_plaga: 0.8272
[1m11/17[0m [32m━━━━━━━━━━━━[0m[37m━━━━━━━━[0m [1m8s[0m 1s/step - accuracy: 0.8661 - auc: 0.9420 - f2_macro: 0.8732 - f2_plaga: 0.8477 - loss: 0.0317 - precision: 0.7331 - recall: 0.9535 - recall_plaga: 0.8218 
[1m12/17[0m [32m━━━━━━━━━━━━━━[0m[37m━━━━━━[0m [1m7s[0m 1s/step - accuracy: 0.8631 - auc: 0.9394 - f2_macro: 0.8705 - f2_plaga: 0.8443 - loss: 0.0321 - precision: 0.7280 - recall: 0.9527 - recall_plaga: 0.8179
[1m13/17[0m [32m━━━━━━━━━━━━━━━[0m[37m━━━━━[0m [1m5s[0m 1s/step - accuracy: 0.8611 - auc: 0.9373 - f2_macro: 0.8685 - f2_plaga: 0.8420 - loss: 0.0324 - precision: 0.7248 - recall: 0.9520 - recall_plaga: 0.8153
[1m14/17[0m [32m━━━━━━━━━━━━━━━━[0m[37m━━━━[0m [1m4s[0m 1s/step - accuracy: 0.8594 - auc: 0.9354 - f2_macro: 0.8669 - f2_plaga: 0.8399 - loss: 0.0327 - precision: 0.7220 - recall: 0.9516 - recall_plaga: 0.8129
[1m15/17[0m [32m━━━━━━━━━━━━━━━━━[0m[37m━━━[0m [1m2s[0m 1s/step - accuracy: 0.8578 - auc: 0.9337 - f2_macro: 0.8655 - f2_plaga: 0.8381 - loss: 0.0329 - precision: 0.7189 - recall: 0.9514 - recall_plaga: 0.8107
[1m16/17[0m [32m━━━━━━━━━━━━━━━━━━[0m[37m━━[0m [1m1s[0m 1s/step - accuracy: 0.8563 - auc: 0.9323 - f2_macro: 0.8642 - f2_plaga: 0.8363 - loss: 0.0330 - precision: 0.7159 - recall: 0.9514 - recall_plaga: 0.8087
[1m17/17[0m [32m━━━━━━━━━━━━━━━━━━━━[0m[37m[0m [1m0s[0m 1s/step - accuracy: 0.8549 - auc: 0.9310 - f2_macro: 0.8629 - f2_plaga: 0.8348 - loss: 0.0332 - precision: 0.7133 - recall: 0.9512 - recall_plaga: 0.8069
Epoch 32: val_f2_macro improved from 0.48600 to 0.53134, saving model to C:\workspace\hd-image-pest-detection-cnn-and-rf\best_models\best_model_final_RGB_focal_loss.keras

[1m17/17[0m [32m━━━━━━━━━━━━━━━━━━━━[0m[37m[0m [1m25s[0m 1s/step - accuracy: 0.8327 - auc: 0.9098 - f2_macro: 0.8426 - f2_plaga: 0.8097 - loss: 0.0359 - precision: 0.6708 - recall: 0.9477 - recall_plaga: 0.7778 - val_accuracy: 0.4962 - val_auc: 0.8907 - val_f2_macro: 0.5313 - val_f2_plaga: 0.3003 - val_loss: 0.0616 - val_precision: 0.3909 - val_recall: 1.0000 - val_recall_plaga: 0.2556 - learning_rate: 1.0000e-04
Epoch 33/80

[1m 1/17[0m [32m━[0m[37m━━━━━━━━━━━━━━━━━━━[0m [1m23s[0m 1s/step - accuracy: 0.9375 - auc: 0.9682 - f2_macro: 0.9437 - f2_plaga: 0.9259 - loss: 0.0235 - precision: 0.8333 - recall: 1.0000 - recall_plaga: 0.9091
[1m 2/17[0m [32m━━[0m[37m━━━━━━━━━━━━━━━━━━[0m [1m21s[0m 1s/step - accuracy: 0.9297 - auc: 0.9592 - f2_macro: 0.9366 - f2_plaga: 0.9175 - loss: 0.0249 - precision: 0.8125 - recall: 1.0000 - recall_plaga: 0.8990
[1m 3/17[0m [32m━━━[0m[37m━━━━━━━━━━━━━━━━━[0m [1m19s[0m 1s/step - accuracy: 0.9219 - auc: 0.9539 - f2_macro: 0.9295 - f2_plaga: 0.9058 - loss: 0.0265 - precision: 0.8036 - recall: 1.0000 - recall_plaga: 0.8850
[1m 4/17[0m [32m━━━━[0m[37m━━━━━━━━━━━━━━━━[0m [1m18s[0m 1s/step - accuracy: 0.9199 - auc: 0.9534 - f2_macro: 0.9277 - f2_plaga: 0.9018 - loss: 0.0272 - precision: 0.8044 - recall: 1.0000 - recall_plaga: 0.8802
[1m 5/17[0m [32m━━━━━[0m[37m━━━━━━━━━━━━━━━[0m [1m16s[0m 1s/step - accuracy: 0.9159 - auc: 0.9534 - f2_macro: 0.9240 - f2_plaga: 0.8958 - loss: 0.0276 - precision: 0.7997 - recall: 1.0000 - recall_plaga: 0.8731
[1m 6/17[0m [32m━━━━━━━[0m[37m━━━━━━━━━━━━━[0m [1m15s[0m 1s/step - accuracy: 0.9109 - auc: 0.9515 - f2_macro: 0.9193 - f2_plaga: 0.8886 - loss: 0.0283 - precision: 0.7924 - recall: 1.0000 - recall_plaga: 0.8647
[1m 7/17[0m [32m━━━━━━━━[0m[37m━━━━━━━━━━━━[0m [1m14s[0m 1s/step - accuracy: 0.9064 - auc: 0.9499 - f2_macro: 0.9153 - f2_plaga: 0.8833 - loss: 0.0288 - precision: 0.7834 - recall: 1.0000 - recall_plaga: 0.8585
[1m 8/17[0m [32m━━━━━━━━━[0m[37m━━━━━━━━━━━[0m [1m13s[0m 1s/step - accuracy: 0.9020 - auc: 0.9471 - f2_macro: 0.9112 - f2_plaga: 0.8786 - loss: 0.0294 - precision: 0.7754 - recall: 0.9985 - recall_plaga: 0.8531
[1m 9/17[0m [32m━━━━━━━━━━[0m[37m━━━━━━━━━━[0m [1m11s[0m 1s/step - accuracy: 0.8978 - auc: 0.9448 - f2_macro: 0.9071 - f2_plaga: 0.8744 - loss: 0.0300 - precision: 0.7696 - recall: 0.9952 - recall_plaga: 0.8484
[1m10/17[0m [32m━━━━━━━━━━━[0m[37m━━━━━━━━━[0m [1m10s[0m 1s/step - accuracy: 0.8936 - auc: 0.9415 - f2_macro: 0.9030 - f2_plaga: 0.8698 - loss: 0.0306 - precision: 0.7634 - recall: 0.9929 - recall_plaga: 0.8434
[1m11/17[0m [32m━━━━━━━━━━━━[0m[37m━━━━━━━━[0m [1m8s[0m 1s/step - accuracy: 0.8899 - auc: 0.9386 - f2_macro: 0.8994 - f2_plaga: 0.8658 - loss: 0.0311 - precision: 0.7572 - recall: 0.9912 - recall_plaga: 0.8388 
[1m12/17[0m [32m━━━━━━━━━━━━━━[0m[37m━━━━━━[0m [1m7s[0m 1s/step - accuracy: 0.8869 - auc: 0.9364 - f2_macro: 0.8965 - f2_plaga: 0.8628 - loss: 0.0315 - precision: 0.7526 - recall: 0.9893 - recall_plaga: 0.8355
[1m13/17[0m [32m━━━━━━━━━━━━━━━[0m[37m━━━━━[0m [1m5s[0m 1s/step - accuracy: 0.8845 - auc: 0.9345 - f2_macro: 0.8941 - f2_plaga: 0.8605 - loss: 0.0319 - precision: 0.7494 - recall: 0.9868 - recall_plaga: 0.8331
[1m14/17[0m [32m━━━━━━━━━━━━━━━━[0m[37m━━━━[0m [1m4s[0m 1s/step - accuracy: 0.8822 - auc: 0.9327 - f2_macro: 0.8917 - f2_plaga: 0.8584 - loss: 0.0323 - precision: 0.7464 - recall: 0.9844 - recall_plaga: 0.8309
[1m15/17[0m [32m━━━━━━━━━━━━━━━━━[0m[37m━━━[0m [1m2s[0m 1s/step - accuracy: 0.8802 - auc: 0.9311 - f2_macro: 0.8897 - f2_plaga: 0.8567 - loss: 0.0326 - precision: 0.7433 - recall: 0.9824 - recall_plaga: 0.8290
[1m16/17[0m [32m━━━━━━━━━━━━━━━━━━[0m[37m━━[0m [1m1s[0m 1s/step - accuracy: 0.8783 - auc: 0.9298 - f2_macro: 0.8878 - f2_plaga: 0.8549 - loss: 0.0328 - precision: 0.7402 - recall: 0.9809 - recall_plaga: 0.8271
[1m17/17[0m [32m━━━━━━━━━━━━━━━━━━━━[0m[37m[0m [1m0s[0m 1s/step - accuracy: 0.8766 - auc: 0.9288 - f2_macro: 0.8860 - f2_plaga: 0.8534 - loss: 0.0330 - precision: 0.7375 - recall: 0.9793 - recall_plaga: 0.8255
Epoch 33: val_f2_macro improved from 0.53134 to 0.53881, saving model to C:\workspace\hd-image-pest-detection-cnn-and-rf\best_models\best_model_final_RGB_focal_loss.keras

[1m17/17[0m [32m━━━━━━━━━━━━━━━━━━━━[0m[37m[0m [1m25s[0m 1s/step - accuracy: 0.8496 - auc: 0.9117 - f2_macro: 0.8585 - f2_plaga: 0.8295 - loss: 0.0364 - precision: 0.6949 - recall: 0.9535 - recall_plaga: 0.8000 - val_accuracy: 0.5038 - val_auc: 0.8921 - val_f2_macro: 0.5388 - val_f2_plaga: 0.3125 - val_loss: 0.0606 - val_precision: 0.3945 - val_recall: 1.0000 - val_recall_plaga: 0.2667 - learning_rate: 1.0000e-04
Epoch 34/80

[1m 1/17[0m [32m━[0m[37m━━━━━━━━━━━━━━━━━━━[0m [1m23s[0m 1s/step - accuracy: 0.9375 - auc: 0.9705 - f2_macro: 0.9437 - f2_plaga: 0.9259 - loss: 0.0240 - precision: 0.8333 - recall: 1.0000 - recall_plaga: 0.9091
[1m 2/17[0m [32m━━[0m[37m━━━━━━━━━━━━━━━━━━[0m [1m21s[0m 1s/step - accuracy: 0.9219 - auc: 0.9630 - f2_macro: 0.9254 - f2_plaga: 0.9155 - loss: 0.0252 - precision: 0.8080 - recall: 0.9737 - recall_plaga: 0.8990
[1m 3/17[0m [32m━━━[0m[37m━━━━━━━━━━━━━━━━━[0m [1m20s[0m 1s/step - accuracy: 0.9097 - auc: 0.9552 - f2_macro: 0.9145 - f2_plaga: 0.8990 - loss: 0.0271 - precision: 0.7926 - recall: 0.9724 - recall_plaga: 0.8797
[1m 4/17[0m [32m━━━━[0m[37m━━━━━━━━━━━━━━━━[0m [1m20s[0m 2s/step - accuracy: 0.9069 - auc: 0.9544 - f2_macro: 0.9122 - f2_plaga: 0.8935 - loss: 0.0278 - precision: 0.7918 - recall: 0.9738 - recall_plaga: 0.8732
[1m 5/17[0m [32m━━━━━[0m[37m━━━━━━━━━━━━━━━[0m [1m18s[0m 2s/step - accuracy: 0.9018 - auc: 0.9548 - f2_macro: 0.9078 - f2_plaga: 0.8855 - loss: 0.0281 - precision: 0.7848 - recall: 0.9756 - recall_plaga: 0.8636
[1m 6/17[0m [32m━━━━━━━[0m[37m━━━━━━━━━━━━━[0m [1m16s[0m 1s/step - accuracy: 0.8964 - auc: 0.9526 - f2_macro: 0.9032 - f2_plaga: 0.8775 - loss: 0.0288 - precision: 0.7767 - recall: 0.9772 - recall_plaga: 0.8541
[1m 7/17[0m [32m━━━━━━━━[0m[37m━━━━━━━━━━━━[0m [1m14s[0m 1s/step - accuracy: 0.8902 - auc: 0.9505 - f2_macro: 0.8978 - f2_plaga: 0.8696 - loss: 0.0294 - precision: 0.7647 - recall: 0.9785 - recall_plaga: 0.8447
[1m 8/17[0m [32m━━━━━━━━━[0m[37m━━━━━━━━━━━[0m [1m13s[0m 1s/step - accuracy: 0.8849 - auc: 0.9474 - f2_macro: 0.8931 - f2_plaga: 0.8633 - loss: 0.0300 - precision: 0.7549 - recall: 0.9782 - recall_plaga: 0.8374
[1m 9/17[0m [32m━━━━━━━━━━[0m[37m━━━━━━━━━━[0m [1m11s[0m 1s/step - accuracy: 0.8803 - auc: 0.9445 - f2_macro: 0.8887 - f2_plaga: 0.8581 - loss: 0.0306 - precision: 0.7481 - recall: 0.9760 - recall_plaga: 0.8316
[1m10/17[0m [32m━━━━━━━━━━━[0m[37m━━━━━━━━━[0m [1m10s[0m 1s/step - accuracy: 0.8757 - auc: 0.9412 - f2_macro: 0.8843 - f2_plaga: 0.8530 - loss: 0.0312 - precision: 0.7413 - recall: 0.9737 - recall_plaga: 0.8259
[1m11/17[0m [32m━━━━━━━━━━━━[0m[37m━━━━━━━━[0m [1m8s[0m 1s/step - accuracy: 0.8718 - auc: 0.9381 - f2_macro: 0.8806 - f2_plaga: 0.8487 - loss: 0.0318 - precision: 0.7349 - recall: 0.9722 - recall_plaga: 0.8210 
[1m12/17[0m [32m━━━━━━━━━━━━━━[0m[37m━━━━━━[0m [1m7s[0m 1s/step - accuracy: 0.8688 - auc: 0.9358 - f2_macro: 0.8777 - f2_plaga: 0.8456 - loss: 0.0321 - precision: 0.7302 - recall: 0.9705 - recall_plaga: 0.8175
[1m13/17[0m [32m━━━━━━━━━━━━━━━[0m[37m━━━━━[0m [1m5s[0m 1s/step - accuracy: 0.8667 - auc: 0.9341 - f2_macro: 0.8756 - f2_plaga: 0.8434 - loss: 0.0324 - precision: 0.7271 - recall: 0.9689 - recall_plaga: 0.8152
[1m14/17[0m [32m━━━━━━━━━━━━━━━━[0m[37m━━━━[0m [1m4s[0m 1s/step - accuracy: 0.8647 - auc: 0.9324 - f2_macro: 0.8737 - f2_plaga: 0.8415 - loss: 0.0327 - precision: 0.7244 - recall: 0.9673 - recall_plaga: 0.8130
[1m15/17[0m [32m━━━━━━━━━━━━━━━━━[0m[37m━━━[0m [1m2s[0m 1s/step - accuracy: 0.8629 - auc: 0.9308 - f2_macro: 0.8719 - f2_plaga: 0.8397 - loss: 0.0329 - precision: 0.7214 - recall: 0.9661 - recall_plaga: 0.8111
[1m16/17[0m [32m━━━━━━━━━━━━━━━━━━[0m[37m━━[0m [1m1s[0m 1s/step - accuracy: 0.8612 - auc: 0.9296 - f2_macro: 0.8703 - f2_plaga: 0.8380 - loss: 0.0331 - precision: 0.7184 - recall: 0.9652 - recall_plaga: 0.8092
[1m17/17[0m [32m━━━━━━━━━━━━━━━━━━━━[0m[37m[0m [1m0s[0m 1s/step - accuracy: 0.8597 - auc: 0.9285 - f2_macro: 0.8688 - f2_plaga: 0.8365 - loss: 0.0332 - precision: 0.7158 - recall: 0.9641 - recall_plaga: 0.8075
Epoch 34: val_f2_macro did not improve from 0.53881

[1m17/17[0m [32m━━━━━━━━━━━━━━━━━━━━[0m[37m[0m [1m25s[0m 1s/step - accuracy: 0.8346 - auc: 0.9108 - f2_macro: 0.8442 - f2_plaga: 0.8121 - loss: 0.0357 - precision: 0.6736 - recall: 0.9477 - recall_plaga: 0.7806 - val_accuracy: 0.4887 - val_auc: 0.9049 - val_f2_macro: 0.5238 - val_f2_plaga: 0.2880 - val_loss: 0.0608 - val_precision: 0.3874 - val_recall: 1.0000 - val_recall_plaga: 0.2444 - learning_rate: 1.0000e-04
Epoch 35/80

[1m 1/17[0m [32m━[0m[37m━━━━━━━━━━━━━━━━━━━[0m [1m22s[0m 1s/step - accuracy: 0.9375 - auc: 0.9727 - f2_macro: 0.9437 - f2_plaga: 0.9259 - loss: 0.0251 - precision: 0.8333 - recall: 1.0000 - recall_plaga: 0.9091
[1m 2/17[0m [32m━━[0m[37m━━━━━━━━━━━━━━━━━━[0m [1m21s[0m 1s/step - accuracy: 0.9219 - auc: 0.9723 - f2_macro: 0.9254 - f2_plaga: 0.9155 - loss: 0.0250 - precision: 0.8080 - recall: 0.9737 - recall_plaga: 0.8990
[1m 3/17[0m [32m━━━[0m[37m━━━━━━━━━━━━━━━━━[0m [1m19s[0m 1s/step - accuracy: 0.9097 - auc: 0.9638 - f2_macro: 0.9132 - f2_plaga: 0.9025 - loss: 0.0267 - precision: 0.7970 - recall: 0.9623 - recall_plaga: 0.8850
[1m 4/17[0m [32m━━━━[0m[37m━━━━━━━━━━━━━━━━[0m [1m18s[0m 1s/step - accuracy: 0.9089 - auc: 0.9630 - f2_macro: 0.9124 - f2_plaga: 0.9008 - loss: 0.0272 - precision: 0.8014 - recall: 0.9608 - recall_plaga: 0.8833
[1m 5/17[0m [32m━━━━━[0m[37m━━━━━━━━━━━━━━━[0m [1m16s[0m 1s/step - accuracy: 0.9083 - auc: 0.9627 - f2_macro: 0.9121 - f2_plaga: 0.8992 - loss: 0.0274 - precision: 0.8029 - recall: 0.9616 - recall_plaga: 0.8814
[1m 6/17[0m [32m━━━━━━━[0m[37m━━━━━━━━━━━━━[0m [1m15s[0m 1s/step - accuracy: 0.9045 - auc: 0.9604 - f2_macro: 0.9089 - f2_plaga: 0.8933 - loss: 0.0280 - precision: 0.7970 - recall: 0.9631 - recall_plaga: 0.8743
[1m 7/17[0m [32m━━━━━━━━[0m[37m━━━━━━━━━━━━[0m [1m14s[0m 1s/step - accuracy: 0.9003 - auc: 0.9584 - f2_macro: 0.9053 - f2_plaga: 0.8878 - loss: 0.0284 - precision: 0.7877 - recall: 0.9645 - recall_plaga: 0.8676
[1m 8/17[0m [32m━━━━━━━━━[0m[37m━━━━━━━━━━━[0m [1m12s[0m 1s/step - accuracy: 0.8966 - auc: 0.9552 - f2_macro: 0.9022 - f2_plaga: 0.8830 - loss: 0.0289 - precision: 0.7796 - recall: 0.9659 - recall_plaga: 0.8618
[1m 9/17[0m [32m━━━━━━━━━━[0m[37m━━━━━━━━━━[0m [1m11s[0m 1s/step - accuracy: 0.8927 - auc: 0.9519 - f2_macro: 0.8985 - f2_plaga: 0.8786 - loss: 0.0295 - precision: 0.7735 - recall: 0.9640 - recall_plaga: 0.8568
[1m10/17[0m [32m━━━━━━━━━━━[0m[37m━━━━━━━━━[0m [1m9s[0m 1s/step - accuracy: 0.8887 - auc: 0.9482 - f2_macro: 0.8948 - f2_plaga: 0.8739 - loss: 0.0302 - precision: 0.7670 - recall: 0.9629 - recall_plaga: 0.8514 
[1m11/17[0m [32m━━━━━━━━━━━━[0m[37m━━━━━━━━[0m [1m8s[0m 1s/step - accuracy: 0.8852 - auc: 0.9448 - f2_macro: 0.8915 - f2_plaga: 0.8697 - loss: 0.0307 - precision: 0.7606 - recall: 0.9623 - recall_plaga: 0.8465
[1m12/17[0m [32m━━━━━━━━━━━━━━[0m[37m━━━━━━[0m [1m7s[0m 1s/step - accuracy: 0.8826 - auc: 0.9421 - f2_macro: 0.8892 - f2_plaga: 0.8665 - loss: 0.0311 - precision: 0.7558 - recall: 0.9622 - recall_plaga: 0.8428
[1m13/17[0m [32m━━━━━━━━━━━━━━━[0m[37m━━━━━[0m [1m5s[0m 1s/step - accuracy: 0.8809 - auc: 0.9400 - f2_macro: 0.8877 - f2_plaga: 0.8643 - loss: 0.0315 - precision: 0.7528 - recall: 0.9623 - recall_plaga: 0.8402
[1m14/17[0m [32m━━━━━━━━━━━━━━━━[0m[37m━━━━[0m [1m4s[0m 1s/step - accuracy: 0.8794 - auc: 0.9381 - f2_macro: 0.8863 - f2_plaga: 0.8622 - loss: 0.0318 - precision: 0.7500 - recall: 0.9626 - recall_plaga: 0.8377
[1m15/17[0m [32m━━━━━━━━━━━━━━━━━[0m[37m━━━[0m [1m2s[0m 1s/step - accuracy: 0.8778 - auc: 0.9362 - f2_macro: 0.8850 - f2_plaga: 0.8603 - loss: 0.0321 - precision: 0.7469 - recall: 0.9630 - recall_plaga: 0.8353
[1m16/17[0m [32m━━━━━━━━━━━━━━━━━━[0m[37m━━[0m [1m1s[0m 1s/step - accuracy: 0.8763 - auc: 0.9348 - f2_macro: 0.8837 - f2_plaga: 0.8583 - loss: 0.0323 - precision: 0.7437 - recall: 0.9634 - recall_plaga: 0.8330
[1m17/17[0m [32m━━━━━━━━━━━━━━━━━━━━[0m[37m[0m [1m0s[0m 1s/step - accuracy: 0.8748 - auc: 0.9335 - f2_macro: 0.8824 - f2_plaga: 0.8566 - loss: 0.0325 - precision: 0.7408 - recall: 0.9635 - recall_plaga: 0.8309
Epoch 35: val_f2_macro did not improve from 0.53881

[1m17/17[0m [32m━━━━━━━━━━━━━━━━━━━━[0m[37m[0m [1m25s[0m 1s/step - accuracy: 0.8515 - auc: 0.9129 - f2_macro: 0.8617 - f2_plaga: 0.8280 - loss: 0.0358 - precision: 0.6946 - recall: 0.9651 - recall_plaga: 0.7972 - val_accuracy: 0.3233 - val_auc: 0.8995 - val_f2_macro: 0.3525 - val_f2_plaga: 0.0000e+00 - val_loss: 0.0664 - val_precision: 0.3233 - val_recall: 1.0000 - val_recall_plaga: 0.0000e+00 - learning_rate: 1.0000e-04
Epoch 36/80

[1m 1/17[0m [32m━[0m[37m━━━━━━━━━━━━━━━━━━━[0m [1m22s[0m 1s/step - accuracy: 0.9375 - auc: 0.9750 - f2_macro: 0.9437 - f2_plaga: 0.9259 - loss: 0.0231 - precision: 0.8333 - recall: 1.0000 - recall_plaga: 0.9091
[1m 2/17[0m [32m━━[0m[37m━━━━━━━━━━━━━━━━━━[0m [1m21s[0m 1s/step - accuracy: 0.9219 - auc: 0.9664 - f2_macro: 0.9254 - f2_plaga: 0.9155 - loss: 0.0243 - precision: 0.8080 - recall: 0.9737 - recall_plaga: 0.8990
[1m 3/17[0m [32m━━━[0m[37m━━━━━━━━━━━━━━━━━[0m [1m20s[0m 1s/step - accuracy: 0.9132 - auc: 0.9620 - f2_macro: 0.9176 - f2_plaga: 0.9035 - loss: 0.0256 - precision: 0.7988 - recall: 0.9724 - recall_plaga: 0.8850
[1m 4/17[0m [32m━━━━[0m[37m━━━━━━━━━━━━━━━━[0m [1m18s[0m 1s/step - accuracy: 0.9134 - auc: 0.9614 - f2_macro: 0.9181 - f2_plaga: 0.9020 - loss: 0.0264 - precision: 0.8037 - recall: 0.9738 - recall_plaga: 0.8833
[1m 5/17[0m [32m━━━━━[0m[37m━━━━━━━━━━━━━━━[0m [1m17s[0m 1s/step - accuracy: 0.9107 - auc: 0.9608 - f2_macro: 0.9160 - f2_plaga: 0.8973 - loss: 0.0269 - precision: 0.8007 - recall: 0.9756 - recall_plaga: 0.8775
[1m 6/17[0m [32m━━━━━━━[0m[37m━━━━━━━━━━━━━[0m [1m16s[0m 1s/step - accuracy: 0.9056 - auc: 0.9594 - f2_macro: 0.9116 - f2_plaga: 0.8896 - loss: 0.0274 - precision: 0.7927 - recall: 0.9772 - recall_plaga: 0.8684
[1m 7/17[0m [32m━━━━━━━━[0m[37m━━━━━━━━━━━━[0m [1m14s[0m 1s/step - accuracy: 0.8994 - auc: 0.9573 - f2_macro: 0.9062 - f2_plaga: 0.8816 - loss: 0.0279 - precision: 0.7803 - recall: 0.9785 - recall_plaga: 0.8588
[1m 8/17[0m [32m━━━━━━━━━[0m[37m━━━━━━━━━━━[0m [1m13s[0m 1s/step - accuracy: 0.8944 - auc: 0.9547 - f2_macro: 0.9019 - f2_plaga: 0.8752 - loss: 0.0284 - precision: 0.7704 - recall: 0.9797 - recall_plaga: 0.8511
[1m 9/17[0m [32m━━━━━━━━━━[0m[37m━━━━━━━━━━[0m [1m11s[0m 1s/step - accuracy: 0.8903 - auc: 0.9519 - f2_macro: 0.8982 - f2_plaga: 0.8699 - loss: 0.0289 - precision: 0.7635 - recall: 0.9796 - recall_plaga: 0.8450
[1m10/17[0m [32m━━━━━━━━━━━[0m[37m━━━━━━━━━[0m [1m10s[0m 1s/step - accuracy: 0.8859 - auc: 0.9482 - f2_macro: 0.8943 - f2_plaga: 0.8643 - loss: 0.0295 - precision: 0.7563 - recall: 0.9798 - recall_plaga: 0.8384
[1m11/17[0m [32m━━━━━━━━━━━━[0m[37m━━━━━━━━[0m [1m8s[0m 1s/step - accuracy: 0.8821 - auc: 0.9448 - f2_macro: 0.8909 - f2_plaga: 0.8595 - loss: 0.0301 - precision: 0.7494 - recall: 0.9801 - recall_plaga: 0.8328 
[1m12/17[0m [32m━━━━━━━━━━━━━━[0m[37m━━━━━━[0m [1m7s[0m 1s/step - accuracy: 0.8796 - auc: 0.9423 - f2_macro: 0.8887 - f2_plaga: 0.8562 - loss: 0.0304 - precision: 0.7447 - recall: 0.9804 - recall_plaga: 0.8290
[1m13/17[0m [32m━━━━━━━━━━━━━━━[0m[37m━━━━━[0m [1m5s[0m 1s/step - accuracy: 0.8779 - auc: 0.9403 - f2_macro: 0.8873 - f2_plaga: 0.8540 - loss: 0.0308 - precision: 0.7417 - recall: 0.9808 - recall_plaga: 0.8263
[1m14/17[0m [32m━━━━━━━━━━━━━━━━[0m[37m━━━━[0m [1m4s[0m 1s/step - accuracy: 0.8764 - auc: 0.9382 - f2_macro: 0.8860 - f2_plaga: 0.8519 - loss: 0.0311 - precision: 0.7391 - recall: 0.9812 - recall_plaga: 0.8238
[1m15/17[0m [32m━━━━━━━━━━━━━━━━━[0m[37m━━━[0m [1m2s[0m 1s/step - accuracy: 0.8751 - auc: 0.9363 - f2_macro: 0.8848 - f2_plaga: 0.8502 - loss: 0.0313 - precision: 0.7363 - recall: 0.9816 - recall_plaga: 0.8218
[1m16/17[0m [32m━━━━━━━━━━━━━━━━━━[0m[37m━━[0m [1m1s[0m 1s/step - accuracy: 0.8737 - auc: 0.9349 - f2_macro: 0.8837 - f2_plaga: 0.8486 - loss: 0.0315 - precision: 0.7334 - recall: 0.9820 - recall_plaga: 0.8198
[1m17/17[0m [32m━━━━━━━━━━━━━━━━━━━━[0m[37m[0m [1m0s[0m 1s/step - accuracy: 0.8724 - auc: 0.9336 - f2_macro: 0.8825 - f2_plaga: 0.8470 - loss: 0.0317 - precision: 0.7308 - recall: 0.9820 - recall_plaga: 0.8180
Epoch 36: val_f2_macro did not improve from 0.53881

[1m17/17[0m [32m━━━━━━━━━━━━━━━━━━━━[0m[37m[0m [1m25s[0m 1s/step - accuracy: 0.8515 - auc: 0.9127 - f2_macro: 0.8640 - f2_plaga: 0.8222 - loss: 0.0350 - precision: 0.6898 - recall: 0.9826 - recall_plaga: 0.7889 - val_accuracy: 0.3233 - val_auc: 0.8669 - val_f2_macro: 0.3525 - val_f2_plaga: 0.0000e+00 - val_loss: 0.0896 - val_precision: 0.3233 - val_recall: 1.0000 - val_recall_plaga: 0.0000e+00 - learning_rate: 1.0000e-04
Epoch 37/80

[1m 1/17[0m [32m━[0m[37m━━━━━━━━━━━━━━━━━━━[0m [1m26s[0m 2s/step - accuracy: 0.9375 - auc: 0.9818 - f2_macro: 0.9437 - f2_plaga: 0.9259 - loss: 0.0229 - precision: 0.8333 - recall: 1.0000 - recall_plaga: 0.9091
[1m 2/17[0m [32m━━[0m[37m━━━━━━━━━━━━━━━━━━[0m [1m22s[0m 1s/step - accuracy: 0.9297 - auc: 0.9792 - f2_macro: 0.9366 - f2_plaga: 0.9175 - loss: 0.0226 - precision: 0.8125 - recall: 1.0000 - recall_plaga: 0.8990
[1m 3/17[0m [32m━━━[0m[37m━━━━━━━━━━━━━━━━━[0m [1m20s[0m 1s/step - accuracy: 0.9184 - auc: 0.9737 - f2_macro: 0.9264 - f2_plaga: 0.9013 - loss: 0.0238 - precision: 0.7975 - recall: 1.0000 - recall_plaga: 0.8797
[1m 4/17[0m [32m━━━━[0m[37m━━━━━━━━━━━━━━━━[0m [1m18s[0m 1s/step - accuracy: 0.9154 - auc: 0.9729 - f2_macro: 0.9235 - f2_plaga: 0.8958 - loss: 0.0245 - precision: 0.7964 - recall: 1.0000 - recall_plaga: 0.8732
[1m 5/17[0m [32m━━━━━[0m[37m━━━━━━━━━━━━━━━[0m [1m17s[0m 1s/step - accuracy: 0.9110 - auc: 0.9724 - f2_macro: 0.9195 - f2_plaga: 0.8893 - loss: 0.0249 - precision: 0.7912 - recall: 1.0000 - recall_plaga: 0.8656
[1m 6/17[0m [32m━━━━━━━[0m[37m━━━━━━━━━━━━━[0m [1m15s[0m 1s/step - accuracy: 0.9059 - auc: 0.9715 - f2_macro: 0.9148 - f2_plaga: 0.8821 - loss: 0.0253 - precision: 0.7838 - recall: 1.0000 - recall_plaga: 0.8571
[1m 7/17[0m [32m━━━━━━━━[0m[37m━━━━━━━━━━━━[0m [1m14s[0m 1s/step - accuracy: 0.9002 - auc: 0.9697 - f2_macro: 0.9097 - f2_plaga: 0.8753 - loss: 0.0258 - precision: 0.7731 - recall: 1.0000 - recall_plaga: 0.8491
[1m 8/17[0m [32m━━━━━━━━━[0m[37m━━━━━━━━━━━[0m [1m12s[0m 1s/step - accuracy: 0.8956 - auc: 0.9666 - f2_macro: 0.9056 - f2_plaga: 0.8698 - loss: 0.0264 - precision: 0.7644 - recall: 1.0000 - recall_plaga: 0.8427
[1m 9/17[0m [32m━━━━━━━━━━[0m[37m━━━━━━━━━━[0m [1m11s[0m 1s/step - accuracy: 0.8914 - auc: 0.9633 - f2_macro: 0.9015 - f2_plaga: 0.8651 - loss: 0.0270 - precision: 0.7582 - recall: 0.9977 - recall_plaga: 0.8375
[1m10/17[0m [32m━━━━━━━━━━━[0m[37m━━━━━━━━━[0m [1m10s[0m 1s/step - accuracy: 0.8872 - auc: 0.9595 - f2_macro: 0.8976 - f2_plaga: 0.8604 - loss: 0.0277 - precision: 0.7520 - recall: 0.9961 - recall_plaga: 0.8321
[1m11/17[0m [32m━━━━━━━━━━━━[0m[37m━━━━━━━━[0m [1m8s[0m 1s/step - accuracy: 0.8835 - auc: 0.9558 - f2_macro: 0.8941 - f2_plaga: 0.8563 - loss: 0.0284 - precision: 0.7459 - recall: 0.9948 - recall_plaga: 0.8274 
[1m12/17[0m [32m━━━━━━━━━━━━━━[0m[37m━━━━━━[0m [1m7s[0m 1s/step - accuracy: 0.8809 - auc: 0.9527 - f2_macro: 0.8916 - f2_plaga: 0.8533 - loss: 0.0289 - precision: 0.7414 - recall: 0.9940 - recall_plaga: 0.8241
[1m13/17[0m [32m━━━━━━━━━━━━━━━[0m[37m━━━━━[0m [1m5s[0m 1s/step - accuracy: 0.8789 - auc: 0.9501 - f2_macro: 0.8898 - f2_plaga: 0.8512 - loss: 0.0293 - precision: 0.7386 - recall: 0.9928 - recall_plaga: 0.8218
[1m14/17[0m [32m━━━━━━━━━━━━━━━━[0m[37m━━━━[0m [1m4s[0m 1s/step - accuracy: 0.8771 - auc: 0.9477 - f2_macro: 0.8879 - f2_plaga: 0.8493 - loss: 0.0296 - precision: 0.7360 - recall: 0.9914 - recall_plaga: 0.8196
[1m15/17[0m [32m━━━━━━━━━━━━━━━━━[0m[37m━━━[0m [1m2s[0m 1s/step - accuracy: 0.8751 - auc: 0.9456 - f2_macro: 0.8860 - f2_plaga: 0.8473 - loss: 0.0299 - precision: 0.7328 - recall: 0.9902 - recall_plaga: 0.8175
[1m16/17[0m [32m━━━━━━━━━━━━━━━━━━[0m[37m━━[0m [1m1s[0m 1s/step - accuracy: 0.8733 - auc: 0.9438 - f2_macro: 0.8843 - f2_plaga: 0.8455 - loss: 0.0302 - precision: 0.7296 - recall: 0.9893 - recall_plaga: 0.8154
[1m17/17[0m [32m━━━━━━━━━━━━━━━━━━━━[0m[37m[0m [1m0s[0m 1s/step - accuracy: 0.8717 - auc: 0.9422 - f2_macro: 0.8827 - f2_plaga: 0.8439 - loss: 0.0304 - precision: 0.7269 - recall: 0.9882 - recall_plaga: 0.8136
Epoch 37: val_f2_macro did not improve from 0.53881

[1m17/17[0m [32m━━━━━━━━━━━━━━━━━━━━[0m[37m[0m [1m25s[0m 1s/step - accuracy: 0.8459 - auc: 0.9171 - f2_macro: 0.8574 - f2_plaga: 0.8189 - loss: 0.0342 - precision: 0.6844 - recall: 0.9709 - recall_plaga: 0.7861 - val_accuracy: 0.3233 - val_auc: 0.8442 - val_f2_macro: 0.3525 - val_f2_plaga: 0.0000e+00 - val_loss: 0.1050 - val_precision: 0.3233 - val_recall: 1.0000 - val_recall_plaga: 0.0000e+00 - learning_rate: 1.0000e-04
Epoch 38/80

[1m 1/17[0m [32m━[0m[37m━━━━━━━━━━━━━━━━━━━[0m [1m22s[0m 1s/step - accuracy: 0.9375 - auc: 0.9773 - f2_macro: 0.9437 - f2_plaga: 0.9259 - loss: 0.0220 - precision: 0.8333 - recall: 1.0000 - recall_plaga: 0.9091
[1m 2/17[0m [32m━━[0m[37m━━━━━━━━━━━━━━━━━━[0m [1m20s[0m 1s/step - accuracy: 0.9219 - auc: 0.9764 - f2_macro: 0.9254 - f2_plaga: 0.9155 - loss: 0.0225 - precision: 0.8080 - recall: 0.9737 - recall_plaga: 0.8990
[1m 3/17[0m [32m━━━[0m[37m━━━━━━━━━━━━━━━━━[0m [1m20s[0m 1s/step - accuracy: 0.9132 - auc: 0.9697 - f2_macro: 0.9176 - f2_plaga: 0.9035 - loss: 0.0240 - precision: 0.7988 - recall: 0.9724 - recall_plaga: 0.8850
[1m 4/17[0m [32m━━━━[0m[37m━━━━━━━━━━━━━━━━[0m [1m19s[0m 1s/step - accuracy: 0.9134 - auc: 0.9683 - f2_macro: 0.9181 - f2_plaga: 0.9020 - loss: 0.0247 - precision: 0.8037 - recall: 0.9738 - recall_plaga: 0.8833
[1m 5/17[0m [32m━━━━━[0m[37m━━━━━━━━━━━━━━━[0m [1m17s[0m 1s/step - accuracy: 0.9120 - auc: 0.9664 - f2_macro: 0.9171 - f2_plaga: 0.8989 - loss: 0.0254 - precision: 0.8029 - recall: 0.9756 - recall_plaga: 0.8794
[1m 6/17[0m [32m━━━━━━━[0m[37m━━━━━━━━━━━━━[0m [1m16s[0m 2s/step - accuracy: 0.9084 - auc: 0.9631 - f2_macro: 0.9138 - f2_plaga: 0.8942 - loss: 0.0262 - precision: 0.7985 - recall: 0.9747 - recall_plaga: 0.8740
[1m 7/17[0m [32m━━━━━━━━[0m[37m━━━━━━━━━━━━[0m [1m15s[0m 2s/step - accuracy: 0.9036 - auc: 0.9607 - f2_macro: 0.9093 - f2_plaga: 0.8892 - loss: 0.0268 - precision: 0.7897 - recall: 0.9725 - recall_plaga: 0.8684
[1m 8/17[0m [32m━━━━━━━━━[0m[37m━━━━━━━━━━━[0m [1m13s[0m 2s/step - accuracy: 0.8996 - auc: 0.9575 - f2_macro: 0.9055 - f2_plaga: 0.8847 - loss: 0.0274 - precision: 0.7819 - recall: 0.9714 - recall_plaga: 0.8631
[1m 9/17[0m [32m━━━━━━━━━━[0m[37m━━━━━━━━━━[0m [1m12s[0m 2s/step - accuracy: 0.8953 - auc: 0.9545 - f2_macro: 0.9012 - f2_plaga: 0.8805 - loss: 0.0280 - precision: 0.7759 - recall: 0.9677 - recall_plaga: 0.8586
[1m10/17[0m [32m━━━━━━━━━━━[0m[37m━━━━━━━━━[0m [1m10s[0m 2s/step - accuracy: 0.8911 - auc: 0.9507 - f2_macro: 0.8971 - f2_plaga: 0.8760 - loss: 0.0288 - precision: 0.7694 - recall: 0.9653 - recall_plaga: 0.8535
[1m11/17[0m [32m━━━━━━━━━━━━[0m[37m━━━━━━━━[0m [1m9s[0m 2s/step - accuracy: 0.8873 - auc: 0.9468 - f2_macro: 0.8935 - f2_plaga: 0.8718 - loss: 0.0294 - precision: 0.7630 - recall: 0.9637 - recall_plaga: 0.8487 
[1m12/17[0m [32m━━━━━━━━━━━━━━[0m[37m━━━━━━[0m [1m7s[0m 2s/step - accuracy: 0.8845 - auc: 0.9438 - f2_macro: 0.8910 - f2_plaga: 0.8687 - loss: 0.0299 - precision: 0.7583 - recall: 0.9628 - recall_plaga: 0.8452
[1m13/17[0m [32m━━━━━━━━━━━━━━━[0m[37m━━━━━[0m [1m6s[0m 2s/step - accuracy: 0.8825 - auc: 0.9413 - f2_macro: 0.8890 - f2_plaga: 0.8665 - loss: 0.0304 - precision: 0.7551 - recall: 0.9618 - recall_plaga: 0.8427
[1m14/17[0m [32m━━━━━━━━━━━━━━━━[0m[37m━━━━[0m [1m4s[0m 2s/step - accuracy: 0.8805 - auc: 0.9389 - f2_macro: 0.8871 - f2_plaga: 0.8643 - loss: 0.0308 - precision: 0.7521 - recall: 0.9607 - recall_plaga: 0.8402
[1m15/17[0m [32m━━━━━━━━━━━━━━━━━[0m[37m━━━[0m [1m3s[0m 2s/step - accuracy: 0.8786 - auc: 0.9370 - f2_macro: 0.8853 - f2_plaga: 0.8623 - loss: 0.0311 - precision: 0.7488 - recall: 0.9599 - recall_plaga: 0.8379
[1m16/17[0m [32m━━━━━━━━━━━━━━━━━━[0m[37m━━[0m [1m1s[0m 1s/step - accuracy: 0.8768 - auc: 0.9356 - f2_macro: 0.8836 - f2_plaga: 0.8603 - loss: 0.0313 - precision: 0.7454 - recall: 0.9594 - recall_plaga: 0.8356
[1m17/17[0m [32m━━━━━━━━━━━━━━━━━━━━[0m[37m[0m [1m0s[0m 1s/step - accuracy: 0.8751 - auc: 0.9343 - f2_macro: 0.8820 - f2_plaga: 0.8585 - loss: 0.0315 - precision: 0.7423 - recall: 0.9587 - recall_plaga: 0.8335
Epoch 38: ReduceLROnPlateau reducing learning rate to 4.999999873689376e-05.

Epoch 38: val_f2_macro did not improve from 0.53881

[1m17/17[0m [32m━━━━━━━━━━━━━━━━━━━━[0m[37m[0m [1m26s[0m 2s/step - accuracy: 0.8477 - auc: 0.9137 - f2_macro: 0.8560 - f2_plaga: 0.8290 - loss: 0.0350 - precision: 0.6936 - recall: 0.9477 - recall_plaga: 0.8000 - val_accuracy: 0.3233 - val_auc: 0.8165 - val_f2_macro: 0.3525 - val_f2_plaga: 0.0000e+00 - val_loss: 0.1195 - val_precision: 0.3233 - val_recall: 1.0000 - val_recall_plaga: 0.0000e+00 - learning_rate: 1.0000e-04
Epoch 39/80

[1m 1/17[0m [32m━[0m[37m━━━━━━━━━━━━━━━━━━━[0m [1m23s[0m 1s/step - accuracy: 0.9375 - auc: 0.9818 - f2_macro: 0.9437 - f2_plaga: 0.9259 - loss: 0.0231 - precision: 0.8333 - recall: 1.0000 - recall_plaga: 0.9091
[1m 2/17[0m [32m━━[0m[37m━━━━━━━━━━━━━━━━━━[0m [1m22s[0m 2s/step - accuracy: 0.9297 - auc: 0.9731 - f2_macro: 0.9366 - f2_plaga: 0.9175 - loss: 0.0234 - precision: 0.8125 - recall: 1.0000 - recall_plaga: 0.8990
[1m 3/17[0m [32m━━━[0m[37m━━━━━━━━━━━━━━━━━[0m [1m21s[0m 2s/step - accuracy: 0.9219 - auc: 0.9606 - f2_macro: 0.9295 - f2_plaga: 0.9058 - loss: 0.0257 - precision: 0.8036 - recall: 1.0000 - recall_plaga: 0.8850
[1m 4/17[0m [32m━━━━[0m[37m━━━━━━━━━━━━━━━━[0m [1m20s[0m 2s/step - accuracy: 0.9219 - auc: 0.9577 - f2_macro: 0.9294 - f2_plaga: 0.9043 - loss: 0.0267 - precision: 0.8080 - recall: 1.0000 - recall_plaga: 0.8833
[1m 5/17[0m [32m━━━━━[0m[37m━━━━━━━━━━━━━━━[0m [1m18s[0m 2s/step - accuracy: 0.9187 - auc: 0.9560 - f2_macro: 0.9266 - f2_plaga: 0.8995 - loss: 0.0272 - precision: 0.8048 - recall: 1.0000 - recall_plaga: 0.8775
[1m 6/17[0m [32m━━━━━━━[0m[37m━━━━━━━━━━━━━[0m [1m16s[0m 2s/step - accuracy: 0.9141 - auc: 0.9534 - f2_macro: 0.9223 - f2_plaga: 0.8929 - loss: 0.0279 - precision: 0.7980 - recall: 1.0000 - recall_plaga: 0.8697
[1m 7/17[0m [32m━━━━━━━━[0m[37m━━━━━━━━━━━━[0m [1m14s[0m 1s/step - accuracy: 0.9091 - auc: 0.9508 - f2_macro: 0.9178 - f2_plaga: 0.8870 - loss: 0.0284 - precision: 0.7883 - recall: 1.0000 - recall_plaga: 0.8628
[1m 8/17[0m [32m━━━━━━━━━[0m[37m━━━━━━━━━━━[0m [1m13s[0m 1s/step - accuracy: 0.9044 - auc: 0.9476 - f2_macro: 0.9136 - f2_plaga: 0.8813 - loss: 0.0290 - precision: 0.7792 - recall: 1.0000 - recall_plaga: 0.8561
[1m 9/17[0m [32m━━━━━━━━━━[0m[37m━━━━━━━━━━[0m [1m11s[0m 1s/step - accuracy: 0.9003 - auc: 0.9452 - f2_macro: 0.9100 - f2_plaga: 0.8760 - loss: 0.0295 - precision: 0.7724 - recall: 1.0000 - recall_plaga: 0.8500
[1m10/17[0m [32m━━━━━━━━━━━[0m[37m━━━━━━━━━[0m [1m10s[0m 1s/step - accuracy: 0.8962 - auc: 0.9420 - f2_macro: 0.9063 - f2_plaga: 0.8708 - loss: 0.0300 - precision: 0.7656 - recall: 1.0000 - recall_plaga: 0.8438
[1m11/17[0m [32m━━━━━━━━━━━━[0m[37m━━━━━━━━[0m [1m8s[0m 1s/step - accuracy: 0.8925 - auc: 0.9392 - f2_macro: 0.9029 - f2_plaga: 0.8662 - loss: 0.0304 - precision: 0.7590 - recall: 1.0000 - recall_plaga: 0.8385 
[1m12/17[0m [32m━━━━━━━━━━━━━━[0m[37m━━━━━━[0m [1m7s[0m 1s/step - accuracy: 0.8900 - auc: 0.9373 - f2_macro: 0.9006 - f2_plaga: 0.8631 - loss: 0.0307 - precision: 0.7544 - recall: 1.0000 - recall_plaga: 0.8348
[1m13/17[0m [32m━━━━━━━━━━━━━━━[0m[37m━━━━━[0m [1m5s[0m 1s/step - accuracy: 0.8881 - auc: 0.9358 - f2_macro: 0.8988 - f2_plaga: 0.8608 - loss: 0.0309 - precision: 0.7513 - recall: 0.9994 - recall_plaga: 0.8322
[1m14/17[0m [32m━━━━━━━━━━━━━━━━[0m[37m━━━━[0m [1m4s[0m 1s/step - accuracy: 0.8863 - auc: 0.9344 - f2_macro: 0.8972 - f2_plaga: 0.8587 - loss: 0.0311 - precision: 0.7486 - recall: 0.9990 - recall_plaga: 0.8298
[1m15/17[0m [32m━━━━━━━━━━━━━━━━━[0m[37m━━━[0m [1m2s[0m 1s/step - accuracy: 0.8846 - auc: 0.9331 - f2_macro: 0.8956 - f2_plaga: 0.8568 - loss: 0.0313 - precision: 0.7455 - recall: 0.9986 - recall_plaga: 0.8276
[1m16/17[0m [32m━━━━━━━━━━━━━━━━━━[0m[37m━━[0m [1m1s[0m 1s/step - accuracy: 0.8829 - auc: 0.9321 - f2_macro: 0.8941 - f2_plaga: 0.8549 - loss: 0.0314 - precision: 0.7423 - recall: 0.9984 - recall_plaga: 0.8254
[1m17/17[0m [32m━━━━━━━━━━━━━━━━━━━━[0m[37m[0m [1m0s[0m 1s/step - accuracy: 0.8814 - auc: 0.9313 - f2_macro: 0.8927 - f2_plaga: 0.8533 - loss: 0.0316 - precision: 0.7396 - recall: 0.9978 - recall_plaga: 0.8236
Epoch 39: val_f2_macro did not improve from 0.53881

[1m17/17[0m [32m━━━━━━━━━━━━━━━━━━━━[0m[37m[0m [1m26s[0m 2s/step - accuracy: 0.8571 - auc: 0.9186 - f2_macro: 0.8698 - f2_plaga: 0.8275 - loss: 0.0334 - precision: 0.6967 - recall: 0.9884 - recall_plaga: 0.7944 - val_accuracy: 0.3233 - val_auc: 0.8138 - val_f2_macro: 0.3525 - val_f2_plaga: 0.0000e+00 - val_loss: 0.1712 - val_precision: 0.3233 - val_recall: 1.0000 - val_recall_plaga: 0.0000e+00 - learning_rate: 5.0000e-05
Epoch 40/80

[1m 1/17[0m [32m━[0m[37m━━━━━━━━━━━━━━━━━━━[0m [1m22s[0m 1s/step - accuracy: 0.9375 - auc: 0.9864 - f2_macro: 0.9437 - f2_plaga: 0.9259 - loss: 0.0206 - precision: 0.8333 - recall: 1.0000 - recall_plaga: 0.9091
[1m 2/17[0m [32m━━[0m[37m━━━━━━━━━━━━━━━━━━[0m [1m20s[0m 1s/step - accuracy: 0.9219 - auc: 0.9797 - f2_macro: 0.9254 - f2_plaga: 0.9155 - loss: 0.0219 - precision: 0.8080 - recall: 0.9737 - recall_plaga: 0.8990
[1m 3/17[0m [32m━━━[0m[37m━━━━━━━━━━━━━━━━━[0m [1m19s[0m 1s/step - accuracy: 0.9097 - auc: 0.9730 - f2_macro: 0.9132 - f2_plaga: 0.9025 - loss: 0.0235 - precision: 0.7970 - recall: 0.9623 - recall_plaga: 0.8850
[1m 4/17[0m [32m━━━━[0m[37m━━━━━━━━━━━━━━━━[0m [1m18s[0m 1s/step - accuracy: 0.9089 - auc: 0.9707 - f2_macro: 0.9124 - f2_plaga: 0.9008 - loss: 0.0244 - precision: 0.8014 - recall: 0.9608 - recall_plaga: 0.8833
[1m 5/17[0m [32m━━━━━[0m[37m━━━━━━━━━━━━━━━[0m [1m17s[0m 1s/step - accuracy: 0.9046 - auc: 0.9693 - f2_macro: 0.9087 - f2_plaga: 0.8943 - loss: 0.0250 - precision: 0.7961 - recall: 0.9616 - recall_plaga: 0.8756
[1m 6/17[0m [32m━━━━━━━[0m[37m━━━━━━━━━━━━━[0m [1m15s[0m 1s/step - accuracy: 0.8997 - auc: 0.9676 - f2_macro: 0.9045 - f2_plaga: 0.8869 - loss: 0.0255 - precision: 0.7884 - recall: 0.9631 - recall_plaga: 0.8667
[1m 7/17[0m [32m━━━━━━━━[0m[37m━━━━━━━━━━━━[0m [1m14s[0m 1s/step - accuracy: 0.8949 - auc: 0.9654 - f2_macro: 0.9004 - f2_plaga: 0.8807 - loss: 0.0260 - precision: 0.7782 - recall: 0.9645 - recall_plaga: 0.8593
[1m 8/17[0m [32m━━━━━━━━━[0m[37m━━━━━━━━━━━[0m [1m12s[0m 1s/step - accuracy: 0.8909 - auc: 0.9622 - f2_macro: 0.8971 - f2_plaga: 0.8755 - loss: 0.0265 - precision: 0.7698 - recall: 0.9659 - recall_plaga: 0.8530
[1m 9/17[0m [32m━━━━━━━━━━[0m[37m━━━━━━━━━━[0m [1m11s[0m 1s/step - accuracy: 0.8880 - auc: 0.9590 - f2_macro: 0.8946 - f2_plaga: 0.8712 - loss: 0.0271 - precision: 0.7642 - recall: 0.9674 - recall_plaga: 0.8478
[1m10/17[0m [32m━━━━━━━━━━━[0m[37m━━━━━━━━━[0m [1m10s[0m 1s/step - accuracy: 0.8848 - auc: 0.9559 - f2_macro: 0.8920 - f2_plaga: 0.8667 - loss: 0.0277 - precision: 0.7582 - recall: 0.9688 - recall_plaga: 0.8424
[1m11/17[0m [32m━━━━━━━━━━━━[0m[37m━━━━━━━━[0m [1m8s[0m 1s/step - accuracy: 0.8819 - auc: 0.9531 - f2_macro: 0.8895 - f2_plaga: 0.8627 - loss: 0.0282 - precision: 0.7523 - recall: 0.9701 - recall_plaga: 0.8375 
[1m12/17[0m [32m━━━━━━━━━━━━━━[0m[37m━━━━━━[0m [1m7s[0m 1s/step - accuracy: 0.8800 - auc: 0.9510 - f2_macro: 0.8879 - f2_plaga: 0.8600 - loss: 0.0285 - precision: 0.7484 - recall: 0.9712 - recall_plaga: 0.8343
[1m13/17[0m [32m━━━━━━━━━━━━━━━[0m[37m━━━━━[0m [1m5s[0m 1s/step - accuracy: 0.8787 - auc: 0.9492 - f2_macro: 0.8869 - f2_plaga: 0.8582 - loss: 0.0288 - precision: 0.7459 - recall: 0.9718 - recall_plaga: 0.8320
[1m14/17[0m [32m━━━━━━━━━━━━━━━━[0m[37m━━━━[0m [1m4s[0m 1s/step - accuracy: 0.8775 - auc: 0.9476 - f2_macro: 0.8858 - f2_plaga: 0.8564 - loss: 0.0290 - precision: 0.7435 - recall: 0.9724 - recall_plaga: 0.8299
[1m15/17[0m [32m━━━━━━━━━━━━━━━━━[0m[37m━━━[0m [1m2s[0m 1s/step - accuracy: 0.8762 - auc: 0.9462 - f2_macro: 0.8848 - f2_plaga: 0.8547 - loss: 0.0292 - precision: 0.7408 - recall: 0.9729 - recall_plaga: 0.8279
[1m16/17[0m [32m━━━━━━━━━━━━━━━━━━[0m[37m━━[0m [1m1s[0m 1s/step - accuracy: 0.8749 - auc: 0.9451 - f2_macro: 0.8837 - f2_plaga: 0.8530 - loss: 0.0294 - precision: 0.7379 - recall: 0.9735 - recall_plaga: 0.8258
[1m17/17[0m [32m━━━━━━━━━━━━━━━━━━━━[0m[37m[0m [1m0s[0m 1s/step - accuracy: 0.8736 - auc: 0.9441 - f2_macro: 0.8826 - f2_plaga: 0.8515 - loss: 0.0295 - precision: 0.7354 - recall: 0.9737 - recall_plaga: 0.8240
Epoch 40: val_f2_macro did not improve from 0.53881

[1m17/17[0m [32m━━━━━━━━━━━━━━━━━━━━[0m[37m[0m [1m25s[0m 1s/step - accuracy: 0.8534 - auc: 0.9284 - f2_macro: 0.8649 - f2_plaga: 0.8266 - loss: 0.0322 - precision: 0.6942 - recall: 0.9767 - recall_plaga: 0.7944 - val_accuracy: 0.3233 - val_auc: 0.8279 - val_f2_macro: 0.3525 - val_f2_plaga: 0.0000e+00 - val_loss: 0.1796 - val_precision: 0.3233 - val_recall: 1.0000 - val_recall_plaga: 0.0000e+00 - learning_rate: 5.0000e-05
Epoch 41/80

[1m 1/17[0m [32m━[0m[37m━━━━━━━━━━━━━━━━━━━[0m [1m23s[0m 1s/step - accuracy: 0.9062 - auc: 0.9545 - f2_macro: 0.9156 - f2_plaga: 0.8879 - loss: 0.0253 - precision: 0.7692 - recall: 1.0000 - recall_plaga: 0.8636
[1m 2/17[0m [32m━━[0m[37m━━━━━━━━━━━━━━━━━━[0m [1m21s[0m 1s/step - accuracy: 0.9062 - auc: 0.9486 - f2_macro: 0.9156 - f2_plaga: 0.8891 - loss: 0.0260 - precision: 0.7646 - recall: 1.0000 - recall_plaga: 0.8652
[1m 3/17[0m [32m━━━[0m[37m━━━━━━━━━━━━━━━━━[0m [1m19s[0m 1s/step - accuracy: 0.9028 - auc: 0.9446 - f2_macro: 0.9123 - f2_plaga: 0.8824 - loss: 0.0270 - precision: 0.7656 - recall: 1.0000 - recall_plaga: 0.8572
[1m 4/17[0m [32m━━━━[0m[37m━━━━━━━━━━━━━━━━[0m [1m18s[0m 1s/step - accuracy: 0.9056 - auc: 0.9470 - f2_macro: 0.9148 - f2_plaga: 0.8842 - loss: 0.0271 - precision: 0.7759 - recall: 1.0000 - recall_plaga: 0.8594
[1m 5/17[0m [32m━━━━━[0m[37m━━━━━━━━━━━━━━━[0m [1m17s[0m 1s/step - accuracy: 0.9032 - auc: 0.9478 - f2_macro: 0.9125 - f2_plaga: 0.8801 - loss: 0.0274 - precision: 0.7748 - recall: 1.0000 - recall_plaga: 0.8545
[1m 6/17[0m [32m━━━━━━━[0m[37m━━━━━━━━━━━━━[0m [1m16s[0m 1s/step - accuracy: 0.8994 - auc: 0.9472 - f2_macro: 0.9090 - f2_plaga: 0.8744 - loss: 0.0278 - precision: 0.7702 - recall: 1.0000 - recall_plaga: 0.8478
[1m 7/17[0m [32m━━━━━━━━[0m[37m━━━━━━━━━━━━[0m [1m14s[0m 1s/step - accuracy: 0.8953 - auc: 0.9461 - f2_macro: 0.9053 - f2_plaga: 0.8695 - loss: 0.0282 - precision: 0.7624 - recall: 1.0000 - recall_plaga: 0.8421
[1m 8/17[0m [32m━━━━━━━━━[0m[37m━━━━━━━━━━━[0m [1m13s[0m 1s/step - accuracy: 0.8913 - auc: 0.9446 - f2_macro: 0.9017 - f2_plaga: 0.8647 - loss: 0.0286 - precision: 0.7550 - recall: 1.0000 - recall_plaga: 0.8366
[1m 9/17[0m [32m━━━━━━━━━━[0m[37m━━━━━━━━━━[0m [1m11s[0m 1s/step - accuracy: 0.8879 - auc: 0.9432 - f2_macro: 0.8986 - f2_plaga: 0.8607 - loss: 0.0290 - precision: 0.7502 - recall: 0.9989 - recall_plaga: 0.8320
[1m10/17[0m [32m━━━━━━━━━━━[0m[37m━━━━━━━━━[0m [1m10s[0m 1s/step - accuracy: 0.8841 - auc: 0.9404 - f2_macro: 0.8950 - f2_plaga: 0.8564 - loss: 0.0296 - precision: 0.7447 - recall: 0.9971 - recall_plaga: 0.8272
[1m11/17[0m [32m━━━━━━━━━━━━[0m[37m━━━━━━━━[0m [1m8s[0m 1s/step - accuracy: 0.8807 - auc: 0.9375 - f2_macro: 0.8917 - f2_plaga: 0.8527 - loss: 0.0301 - precision: 0.7392 - recall: 0.9958 - recall_plaga: 0.8230 
[1m12/17[0m [32m━━━━━━━━━━━━━━[0m[37m━━━━━━[0m [1m7s[0m 1s/step - accuracy: 0.8785 - auc: 0.9354 - f2_macro: 0.8896 - f2_plaga: 0.8503 - loss: 0.0305 - precision: 0.7357 - recall: 0.9948 - recall_plaga: 0.8203
[1m13/17[0m [32m━━━━━━━━━━━━━━━[0m[37m━━━━━[0m [1m5s[0m 1s/step - accuracy: 0.8771 - auc: 0.9338 - f2_macro: 0.8883 - f2_plaga: 0.8487 - loss: 0.0308 - precision: 0.7337 - recall: 0.9941 - recall_plaga: 0.8186
[1m14/17[0m [32m━━━━━━━━━━━━━━━━[0m[37m━━━━[0m [1m4s[0m 1s/step - accuracy: 0.8759 - auc: 0.9324 - f2_macro: 0.8871 - f2_plaga: 0.8473 - loss: 0.0310 - precision: 0.7319 - recall: 0.9936 - recall_plaga: 0.8169
[1m15/17[0m [32m━━━━━━━━━━━━━━━━━[0m[37m━━━[0m [1m2s[0m 1s/step - accuracy: 0.8745 - auc: 0.9310 - f2_macro: 0.8859 - f2_plaga: 0.8459 - loss: 0.0312 - precision: 0.7295 - recall: 0.9931 - recall_plaga: 0.8153
[1m16/17[0m [32m━━━━━━━━━━━━━━━━━━[0m[37m━━[0m [1m1s[0m 1s/step - accuracy: 0.8732 - auc: 0.9301 - f2_macro: 0.8847 - f2_plaga: 0.8445 - loss: 0.0314 - precision: 0.7271 - recall: 0.9928 - recall_plaga: 0.8137
[1m17/17[0m [32m━━━━━━━━━━━━━━━━━━━━[0m[37m[0m [1m0s[0m 1s/step - accuracy: 0.8721 - auc: 0.9292 - f2_macro: 0.8835 - f2_plaga: 0.8433 - loss: 0.0315 - precision: 0.7251 - recall: 0.9922 - recall_plaga: 0.8124
Epoch 41: val_f2_macro did not improve from 0.53881

[1m17/17[0m [32m━━━━━━━━━━━━━━━━━━━━[0m[37m[0m [1m25s[0m 1s/step - accuracy: 0.8534 - auc: 0.9151 - f2_macro: 0.8657 - f2_plaga: 0.8247 - loss: 0.0339 - precision: 0.6926 - recall: 0.9826 - recall_plaga: 0.7917 - val_accuracy: 0.3233 - val_auc: 0.8514 - val_f2_macro: 0.3525 - val_f2_plaga: 0.0000e+00 - val_loss: 0.1713 - val_precision: 0.3233 - val_recall: 1.0000 - val_recall_plaga: 0.0000e+00 - learning_rate: 5.0000e-05
Epoch 42/80

[1m 1/17[0m [32m━[0m[37m━━━━━━━━━━━━━━━━━━━[0m [1m25s[0m 2s/step - accuracy: 0.9375 - auc: 0.9523 - f2_macro: 0.9437 - f2_plaga: 0.9259 - loss: 0.0269 - precision: 0.8333 - recall: 1.0000 - recall_plaga: 0.9091
[1m 2/17[0m [32m━━[0m[37m━━━━━━━━━━━━━━━━━━[0m [1m21s[0m 1s/step - accuracy: 0.9219 - auc: 0.9484 - f2_macro: 0.9254 - f2_plaga: 0.9155 - loss: 0.0267 - precision: 0.8080 - recall: 0.9737 - recall_plaga: 0.8990
[1m 3/17[0m [32m━━━[0m[37m━━━━━━━━━━━━━━━━━[0m [1m19s[0m 1s/step - accuracy: 0.9132 - auc: 0.9426 - f2_macro: 0.9176 - f2_plaga: 0.9035 - loss: 0.0276 - precision: 0.7988 - recall: 0.9724 - recall_plaga: 0.8850
[1m 4/17[0m [32m━━━━[0m[37m━━━━━━━━━━━━━━━━[0m [1m18s[0m 1s/step - accuracy: 0.9134 - auc: 0.9438 - f2_macro: 0.9181 - f2_plaga: 0.9020 - loss: 0.0278 - precision: 0.8037 - recall: 0.9738 - recall_plaga: 0.8833
[1m 5/17[0m [32m━━━━━[0m[37m━━━━━━━━━━━━━━━[0m [1m17s[0m 1s/step - accuracy: 0.9107 - auc: 0.9451 - f2_macro: 0.9160 - f2_plaga: 0.8973 - loss: 0.0279 - precision: 0.8007 - recall: 0.9756 - recall_plaga: 0.8775
[1m 6/17[0m [32m━━━━━━━[0m[37m━━━━━━━━━━━━━[0m [1m15s[0m 1s/step - accuracy: 0.9065 - auc: 0.9455 - f2_macro: 0.9124 - f2_plaga: 0.8908 - loss: 0.0280 - precision: 0.7941 - recall: 0.9772 - recall_plaga: 0.8697
[1m 7/17[0m [32m━━━━━━━━[0m[37m━━━━━━━━━━━━[0m [1m14s[0m 1s/step - accuracy: 0.9026 - auc: 0.9451 - f2_macro: 0.9091 - f2_plaga: 0.8858 - loss: 0.0282 - precision: 0.7856 - recall: 0.9785 - recall_plaga: 0.8637
[1m 8/17[0m [32m━━━━━━━━━[0m[37m━━━━━━━━━━━[0m [1m12s[0m 1s/step - accuracy: 0.8987 - auc: 0.9429 - f2_macro: 0.9058 - f2_plaga: 0.8808 - loss: 0.0287 - precision: 0.7773 - recall: 0.9797 - recall_plaga: 0.8576
[1m 9/17[0m [32m━━━━━━━━━━[0m[37m━━━━━━━━━━[0m [1m11s[0m 1s/step - accuracy: 0.8953 - auc: 0.9409 - f2_macro: 0.9027 - f2_plaga: 0.8764 - loss: 0.0291 - precision: 0.7715 - recall: 0.9796 - recall_plaga: 0.8525
[1m10/17[0m [32m━━━━━━━━━━━[0m[37m━━━━━━━━━[0m [1m9s[0m 1s/step - accuracy: 0.8914 - auc: 0.9381 - f2_macro: 0.8993 - f2_plaga: 0.8714 - loss: 0.0296 - precision: 0.7649 - recall: 0.9798 - recall_plaga: 0.8466 
[1m11/17[0m [32m━━━━━━━━━━━━[0m[37m━━━━━━━━[0m [1m8s[0m 1s/step - accuracy: 0.8876 - auc: 0.9354 - f2_macro: 0.8958 - f2_plaga: 0.8668 - loss: 0.0301 - precision: 0.7582 - recall: 0.9793 - recall_plaga: 0.8414
[1m12/17[0m [32m━━━━━━━━━━━━━━[0m[37m━━━━━━[0m [1m7s[0m 1s/step - accuracy: 0.8850 - auc: 0.9334 - f2_macro: 0.8934 - f2_plaga: 0.8638 - loss: 0.0304 - precision: 0.7536 - recall: 0.9790 - recall_plaga: 0.8378
[1m13/17[0m [32m━━━━━━━━━━━━━━━[0m[37m━━━━━[0m [1m5s[0m 1s/step - accuracy: 0.8831 - auc: 0.9318 - f2_macro: 0.8917 - f2_plaga: 0.8616 - loss: 0.0306 - precision: 0.7505 - recall: 0.9784 - recall_plaga: 0.8353
[1m14/17[0m [32m━━━━━━━━━━━━━━━━[0m[37m━━━━[0m [1m4s[0m 1s/step - accuracy: 0.8814 - auc: 0.9303 - f2_macro: 0.8901 - f2_plaga: 0.8595 - loss: 0.0309 - precision: 0.7478 - recall: 0.9780 - recall_plaga: 0.8329
[1m15/17[0m [32m━━━━━━━━━━━━━━━━━[0m[37m━━━[0m [1m2s[0m 1s/step - accuracy: 0.8799 - auc: 0.9289 - f2_macro: 0.8887 - f2_plaga: 0.8578 - loss: 0.0311 - precision: 0.7449 - recall: 0.9778 - recall_plaga: 0.8309
[1m16/17[0m [32m━━━━━━━━━━━━━━━━━━[0m[37m━━[0m [1m1s[0m 1s/step - accuracy: 0.8784 - auc: 0.9279 - f2_macro: 0.8873 - f2_plaga: 0.8560 - loss: 0.0313 - precision: 0.7419 - recall: 0.9777 - recall_plaga: 0.8288
[1m17/17[0m [32m━━━━━━━━━━━━━━━━━━━━[0m[37m[0m [1m0s[0m 1s/step - accuracy: 0.8769 - auc: 0.9271 - f2_macro: 0.8860 - f2_plaga: 0.8544 - loss: 0.0314 - precision: 0.7392 - recall: 0.9773 - recall_plaga: 0.8270
Epoch 42: val_f2_macro did not improve from 0.53881

[1m17/17[0m [32m━━━━━━━━━━━━━━━━━━━━[0m[37m[0m [1m25s[0m 1s/step - accuracy: 0.8534 - auc: 0.9137 - f2_macro: 0.8642 - f2_plaga: 0.8285 - loss: 0.0338 - precision: 0.6958 - recall: 0.9709 - recall_plaga: 0.7972 - val_accuracy: 0.3233 - val_auc: 0.8757 - val_f2_macro: 0.3525 - val_f2_plaga: 0.0000e+00 - val_loss: 0.1187 - val_precision: 0.3233 - val_recall: 1.0000 - val_recall_plaga: 0.0000e+00 - learning_rate: 5.0000e-05
Epoch 43/80

[1m 1/17[0m [32m━[0m[37m━━━━━━━━━━━━━━━━━━━[0m [1m22s[0m 1s/step - accuracy: 0.9375 - auc: 0.9886 - f2_macro: 0.9437 - f2_plaga: 0.9259 - loss: 0.0190 - precision: 0.8333 - recall: 1.0000 - recall_plaga: 0.9091
[1m 2/17[0m [32m━━[0m[37m━━━━━━━━━━━━━━━━━━[0m [1m21s[0m 1s/step - accuracy: 0.9297 - auc: 0.9817 - f2_macro: 0.9366 - f2_plaga: 0.9175 - loss: 0.0199 - precision: 0.8125 - recall: 1.0000 - recall_plaga: 0.8990
[1m 3/17[0m [32m━━━[0m[37m━━━━━━━━━━━━━━━━━[0m [1m19s[0m 1s/step - accuracy: 0.9184 - auc: 0.9739 - f2_macro: 0.9251 - f2_plaga: 0.9048 - loss: 0.0222 - precision: 0.8018 - recall: 0.9899 - recall_plaga: 0.8850
[1m 4/17[0m [32m━━━━[0m[37m━━━━━━━━━━━━━━━━[0m [1m18s[0m 1s/step - accuracy: 0.9193 - auc: 0.9720 - f2_macro: 0.9255 - f2_plaga: 0.9056 - loss: 0.0233 - precision: 0.8097 - recall: 0.9870 - recall_plaga: 0.8863
[1m 5/17[0m [32m━━━━━[0m[37m━━━━━━━━━━━━━━━[0m [1m17s[0m 1s/step - accuracy: 0.9179 - auc: 0.9699 - f2_macro: 0.9242 - f2_plaga: 0.9034 - loss: 0.0240 - precision: 0.8101 - recall: 0.9861 - recall_plaga: 0.8838
[1m 6/17[0m [32m━━━━━━━[0m[37m━━━━━━━━━━━━━[0m [1m15s[0m 1s/step - accuracy: 0.9142 - auc: 0.9674 - f2_macro: 0.9208 - f2_plaga: 0.8982 - loss: 0.0247 - precision: 0.8049 - recall: 0.9860 - recall_plaga: 0.8777
[1m 7/17[0m [32m━━━━━━━━[0m[37m━━━━━━━━━━━━[0m [1m14s[0m 1s/step - accuracy: 0.9105 - auc: 0.9646 - f2_macro: 0.9175 - f2_plaga: 0.8938 - loss: 0.0252 - precision: 0.7971 - recall: 0.9860 - recall_plaga: 0.8724
[1m 8/17[0m [32m━━━━━━━━━[0m[37m━━━━━━━━━━━[0m [1m13s[0m 1s/step - accuracy: 0.9066 - auc: 0.9614 - f2_macro: 0.9140 - f2_plaga: 0.8890 - loss: 0.0259 - precision: 0.7890 - recall: 0.9862 - recall_plaga: 0.8667
[1m 9/17[0m [32m━━━━━━━━━━[0m[37m━━━━━━━━━━[0m [1m11s[0m 1s/step - accuracy: 0.9031 - auc: 0.9583 - f2_macro: 0.9107 - f2_plaga: 0.8847 - loss: 0.0265 - precision: 0.7831 - recall: 0.9855 - recall_plaga: 0.8617
[1m10/17[0m [32m━━━━━━━━━━━[0m[37m━━━━━━━━━[0m [1m10s[0m 1s/step - accuracy: 0.8990 - auc: 0.9546 - f2_macro: 0.9070 - f2_plaga: 0.8797 - loss: 0.0273 - precision: 0.7762 - recall: 0.9851 - recall_plaga: 0.8558
[1m11/17[0m [32m━━━━━━━━━━━━[0m[37m━━━━━━━━[0m [1m8s[0m 1s/step - accuracy: 0.8953 - auc: 0.9509 - f2_macro: 0.9036 - f2_plaga: 0.8751 - loss: 0.0279 - precision: 0.7695 - recall: 0.9848 - recall_plaga: 0.8505 
[1m12/17[0m [32m━━━━━━━━━━━━━━[0m[37m━━━━━━[0m [1m7s[0m 1s/step - accuracy: 0.8927 - auc: 0.9480 - f2_macro: 0.9013 - f2_plaga: 0.8720 - loss: 0.0284 - precision: 0.7647 - recall: 0.9848 - recall_plaga: 0.8468
[1m13/17[0m [32m━━━━━━━━━━━━━━━[0m[37m━━━━━[0m [1m5s[0m 1s/step - accuracy: 0.8908 - auc: 0.9457 - f2_macro: 0.8995 - f2_plaga: 0.8697 - loss: 0.0287 - precision: 0.7616 - recall: 0.9843 - recall_plaga: 0.8442
[1m14/17[0m [32m━━━━━━━━━━━━━━━━[0m[37m━━━━[0m [1m4s[0m 1s/step - accuracy: 0.8890 - auc: 0.9436 - f2_macro: 0.8979 - f2_plaga: 0.8675 - loss: 0.0291 - precision: 0.7586 - recall: 0.9840 - recall_plaga: 0.8416
[1m15/17[0m [32m━━━━━━━━━━━━━━━━━[0m[37m━━━[0m [1m2s[0m 1s/step - accuracy: 0.8873 - auc: 0.9416 - f2_macro: 0.8963 - f2_plaga: 0.8654 - loss: 0.0294 - precision: 0.7553 - recall: 0.9838 - recall_plaga: 0.8392
[1m16/17[0m [32m━━━━━━━━━━━━━━━━━━[0m[37m━━[0m [1m1s[0m 1s/step - accuracy: 0.8855 - auc: 0.9400 - f2_macro: 0.8947 - f2_plaga: 0.8634 - loss: 0.0296 - precision: 0.7519 - recall: 0.9836 - recall_plaga: 0.8369
[1m17/17[0m [32m━━━━━━━━━━━━━━━━━━━━[0m[37m[0m [1m0s[0m 1s/step - accuracy: 0.8839 - auc: 0.9385 - f2_macro: 0.8931 - f2_plaga: 0.8615 - loss: 0.0299 - precision: 0.7489 - recall: 0.9832 - recall_plaga: 0.8347
Epoch 43: ReduceLROnPlateau reducing learning rate to 2.499999936844688e-05.

Epoch 43: val_f2_macro did not improve from 0.53881

[1m17/17[0m [32m━━━━━━━━━━━━━━━━━━━━[0m[37m[0m [1m24s[0m 1s/step - accuracy: 0.8571 - auc: 0.9145 - f2_macro: 0.8683 - f2_plaga: 0.8314 - loss: 0.0337 - precision: 0.7000 - recall: 0.9767 - recall_plaga: 0.8000 - val_accuracy: 0.3233 - val_auc: 0.8677 - val_f2_macro: 0.3525 - val_f2_plaga: 0.0000e+00 - val_loss: 0.1147 - val_precision: 0.3233 - val_recall: 1.0000 - val_recall_plaga: 0.0000e+00 - learning_rate: 5.0000e-05
Epoch 43: early stopping
Restoring model weights from the end of the best epoch: 33.

--- [Fecha/hora inicio=20260716_1757] ---

--- [T=1137.38s] ---
5. Guardado y Ploteo (Usando utils_train)

Historial guardado en 'C:\workspace\hd-image-pest-detection-cnn-and-rf\history/RGB/focal_loss\history_20260716_1816_epochs_80_RGB_Focal_a0.75_g2.0.json'

[1m 1/17[0m [32m━[0m[37m━━━━━━━━━━━━━━━━━━━[0m [1m5s[0m 354ms/step
[1m 2/17[0m [32m━━[0m[37m━━━━━━━━━━━━━━━━━━[0m [1m3s[0m 233ms/step
[1m 3/17[0m [32m━━━[0m[37m━━━━━━━━━━━━━━━━━[0m [1m3s[0m 240ms/step
[1m 4/17[0m [32m━━━━[0m[37m━━━━━━━━━━━━━━━━[0m [1m3s[0m 238ms/step
[1m 5/17[0m [32m━━━━━[0m[37m━━━━━━━━━━━━━━━[0m [1m2s[0m 235ms/step
[1m 6/17[0m [32m━━━━━━━[0m[37m━━━━━━━━━━━━━[0m [1m2s[0m 231ms/step
[1m 7/17[0m [32m━━━━━━━━[0m[37m━━━━━━━━━━━━[0m [1m2s[0m 232ms/step
[1m 8/17[0m [32m━━━━━━━━━[0m[37m━━━━━━━━━━━[0m [1m2s[0m 233ms/step
[1m 9/17[0m [32m━━━━━━━━━━[0m[37m━━━━━━━━━━[0m [1m1s[0m 234ms/step
[1m10/17[0m [32m━━━━━━━━━━━[0m[37m━━━━━━━━━[0m [1m1s[0m 234ms/step
[1m11/17[0m [32m━━━━━━━━━━━━[0m[37m━━━━━━━━[0m [1m1s[0m 235ms/step
[1m12/17[0m [32m━━━━━━━━━━━━━━[0m[37m━━━━━━[0m [1m1s[0m 237ms/step
[1m13/17[0m [32m━━━━━━━━━━━━━━━[0m[37m━━━━━[0m [1m0s[0m 237ms/step
[1m14/17[0m [32m━━━━━━━━━━━━━━━━[0m[37m━━━━[0m [1m0s[0m 242ms/step
[1m15/17[0m [32m━━━━━━━━━━━━━━━━━[0m[37m━━━[0m [1m0s[0m 242ms/step
[1m16/17[0m [32m━━━━━━━━━━━━━━━━━━[0m[37m━━[0m [1m0s[0m 244ms/step
[1m17/17[0m [32m━━━━━━━━━━━━━━━━━━━━[0m[37m[0m [1m0s[0m 241ms/step
[1m17/17[0m [32m━━━━━━━━━━━━━━━━━━━━[0m[37m[0m [1m4s[0m 242ms/step

--- ANÁLISIS DE UMBRAL ÓPTIMO ---
Mejor Umbral detectado: 0.5621

Nueva Matriz de Confusión con Umbral Óptimo:
[[304  56]
 [ 26 146]]

Reporte de Clasificación:
              precision    recall  f1-score   support

           0       0.92      0.84      0.88       360
           1       0.72      0.85      0.78       172

    accuracy                           0.85       532
   macro avg       0.82      0.85      0.83       532
weighted avg       0.86      0.85      0.85       532


Auc: 0.9036014211886305
Umbral mas optimo:  0.5621233

[1m1/5[0m [32m━━━━[0m[37m━━━━━━━━━━━━━━━━[0m [1m0s[0m 246ms/step
[1m2/5[0m [32m━━━━━━━━[0m[37m━━━━━━━━━━━━[0m [1m0s[0m 219ms/step
[1m3/5[0m [32m━━━━━━━━━━━━[0m[37m━━━━━━━━[0m [1m0s[0m 218ms/step
[1m4/5[0m [32m━━━━━━━━━━━━━━━━[0m[37m━━━━[0m [1m0s[0m 218ms/step
[1m5/5[0m [32m━━━━━━━━━━━━━━━━━━━━[0m[37m[0m [1m1s[0m 173ms/step

✅ Reporte de Clasificación guardado en: C:\workspace\hd-image-pest-detection-cnn-and-rf\evaluation_results\CNN\RGB\focal_loss\post_train_val\report_post_train_RGB_focal_loss_20260716_1816_t56.json
✅ Matriz de Confusión guardada en: C:\workspace\hd-image-pest-detection-cnn-and-rf\evaluation_results\CNN\RGB\focal_loss\post_train_val\report_post_train_RGB_focal_loss_20260716_1816_t56_confusion.png
Matriz de confusión:
[[74 16]
 [ 7 36]]

--- RESUMEN DEL REPORTE DE CLASIFICACIÓN ---
              precision    recall  f1-score   support

       Plaga       0.91      0.82      0.87        90
        Sana       0.69      0.84      0.76        43

    accuracy                           0.83       133
   macro avg       0.80      0.83      0.81       133
weighted avg       0.84      0.83      0.83       133

✅ Reporte Markdown (Tabla) guardado en: C:\workspace\hd-image-pest-detection-cnn-and-rf\evaluation_results\CNN\RGB\focal_loss\post_train_val\report_table_post_train_RGB_focal_loss_20260716_1816_t56.md
✅ Curva ROC guardada en: C:\workspace\hd-image-pest-detection-cnn-and-rf\evaluation_results\CNN\RGB\focal_loss\post_train_val\ROC_post_train_RGB_focal_loss_20260716_1816_t0.5621232986450195.png
ROC guardada en C:\workspace\hd-image-pest-detection-cnn-and-rf\evaluation_results\CNN\RGB\focal_loss\post_train_val\ROC_data_post_train_RGB_focal_loss_20260716_1816_t0.5621232986450195.npz (AUC=0.8964)
