{
  "Plaga": {
    "precision": 0.5384615384615384,
    "recall": 0.875,
    "f1-score": 0.6666666666666666,
    "support": 32.0
  },
  "Sana": {
    "precision": 0.5,
    "recall": 0.14285714285714285,
    "f1-score": 0.2222222222222222,
    "support": 28.0
  },
  "accuracy": 0.5333333333333333,
  "macro avg": {
    "precision": 0.5192307692307692,
    "recall": 0.5089285714285714,
    "f1-score": 0.4444444444444444,
    "support": 60.0
  },
  "weighted avg": {
    "precision": 0.5205128205128206,
    "recall": 0.5333333333333333,
    "f1-score": 0.4592592592592592,
    "support": 60.0
  }
}