{
  "accuracy": [
    0.4947916567325592,
    0.5384615659713745,
    0.5,
    0.5384615659713745,
    0.6354166865348816,
    0.6538461446762085,
    0.6197916865348816,
    0.5384615659713745,
    0.7239583134651184,
    0.7692307829856873
  ],
  "loss": [
    0.06589380651712418,
    0.05743454396724701,
    0.05300874635577202,
    0.04018847644329071,
    0.03540140017867088,
    0.03312990441918373,
    0.02929800935089588,
    0.026703141629695892,
    0.027701815590262413,
    0.028396902605891228
  ],
  "precision": [
    0.6181818246841431,
    0.5,
    0.7142857313156128,
    0.6666666865348816,
    0.7971014380455017,
    0.6666666865348816,
    0.8260869383811951,
    1.0,
    0.8414633870124817,
    0.7692307829856873
  ],
  "recall": [
    0.30909091234207153,
    0.1666666716337204,
    0.18518517911434174,
    0.2857142984867096,
    0.4954954981803894,
    0.3636363744735718,
    0.3689320385456085,
    0.3684210479259491,
    0.6330274939537048,
    0.7692307829856873
  ],
  "val_accuracy": [
    0.5333333611488342,
    0.5333333611488342,
    0.5833333134651184,
    0.6000000238418579,
    0.6333333253860474,
    0.6333333253860474,
    0.6499999761581421,
    0.6666666865348816,
    0.75,
    0.75
  ],
  "val_loss": [
    0.038772668689489365,
    0.04132348671555519,
    0.023752760142087936,
    0.022251427173614502,
    0.019805429503321648,
    0.020032435655593872,
    0.01952647790312767,
    0.01780902035534382,
    0.01403964962810278,
    0.014055341482162476
  ],
  "val_precision": [
    0.0,
    0.0,
    1.0,
    1.0,
    1.0,
    1.0,
    1.0,
    1.0,
    1.0,
    1.0
  ],
  "val_recall": [
    0.0,
    0.0,
    0.1071428582072258,
    0.1428571492433548,
    0.2142857164144516,
    0.2142857164144516,
    0.25,
    0.2857142984867096,
    0.4642857015132904,
    0.4642857015132904
  ],
  "learning_rate": [
    0.0010000000474974513,
    0.0010000000474974513,
    0.0010000000474974513,
    0.0010000000474974513,
    0.0010000000474974513,
    0.0010000000474974513,
    0.0010000000474974513,
    0.0010000000474974513,
    0.0010000000474974513,
    0.0010000000474974513
  ]
}