{
  "Plaga": {
    "precision": 0.7840909090909091,
    "recall": 0.9928057553956835,
    "f1-score": 0.8761904761904762,
    "support": 278.0
  },
  "Sana": {
    "precision": 0.9743589743589743,
    "recall": 0.5,
    "f1-score": 0.6608695652173913,
    "support": 152.0
  },
  "accuracy": 0.8186046511627907,
  "macro avg": {
    "precision": 0.8792249417249417,
    "recall": 0.7464028776978417,
    "f1-score": 0.7685300207039337,
    "support": 430.0
  },
  "weighted avg": {
    "precision": 0.8513484577438066,
    "recall": 0.8186046511627907,
    "f1-score": 0.8000770378930137,
    "support": 430.0
  }
}