{
  "Plaga": {
    "precision": 0.9354838709677419,
    "recall": 0.9388489208633094,
    "f1-score": 0.9371633752244165,
    "support": 278.0
  },
  "Sana": {
    "precision": 0.8874172185430463,
    "recall": 0.881578947368421,
    "f1-score": 0.8844884488448845,
    "support": 152.0
  },
  "accuracy": 0.9186046511627907,
  "macro avg": {
    "precision": 0.9114505447553941,
    "recall": 0.9102139341158653,
    "f1-score": 0.9108259120346505,
    "support": 430.0
  },
  "weighted avg": {
    "precision": 0.9184928682501751,
    "recall": 0.9186046511627907,
    "f1-score": 0.918543401248396,
    "support": 430.0
  }
}