{
  "Plaga": {
    "precision": 0.995260663507109,
    "recall": 0.7553956834532374,
    "f1-score": 0.8588957055214724,
    "support": 278.0
  },
  "Sana": {
    "precision": 0.6894977168949772,
    "recall": 0.993421052631579,
    "f1-score": 0.8140161725067385,
    "support": 152.0
  },
  "accuracy": 0.8395348837209302,
  "macro avg": {
    "precision": 0.8423791902010431,
    "recall": 0.8744083680424082,
    "f1-score": 0.8364559390141055,
    "support": 430.0
  },
  "weighted avg": {
    "precision": 0.8871770172628206,
    "recall": 0.8395348837209302,
    "f1-score": 0.843031312455799,
    "support": 430.0
  }
}