{
  "Plaga": {
    "precision": 0.975669099756691,
    "recall": 1.0,
    "f1-score": 0.9876847290640394,
    "support": 401.0
  },
  "Sana": {
    "precision": 1.0,
    "recall": 0.6666666666666666,
    "f1-score": 0.8,
    "support": 30.0
  },
  "accuracy": 0.9767981438515081,
  "macro avg": {
    "precision": 0.9878345498783455,
    "recall": 0.8333333333333333,
    "f1-score": 0.8938423645320197,
    "support": 431.0
  },
  "weighted avg": {
    "precision": 0.9773626658989166,
    "recall": 0.9767981438515081,
    "f1-score": 0.9746208268090019,
    "support": 431.0
  }
}