{
  "Plaga": {
    "precision": 0.9974937343358395,
    "recall": 1.0,
    "f1-score": 0.998745294855709,
    "support": 398.0
  },
  "Sana": {
    "precision": 1.0,
    "recall": 0.9666666666666667,
    "f1-score": 0.9830508474576272,
    "support": 30.0
  },
  "accuracy": 0.9976635514018691,
  "macro avg": {
    "precision": 0.9987468671679198,
    "recall": 0.9833333333333334,
    "f1-score": 0.9908980711566681,
    "support": 428.0
  },
  "weighted avg": {
    "precision": 0.9976694071627666,
    "recall": 0.9976635514018691,
    "f1-score": 0.9976452167670584,
    "support": 428.0
  }
}