Modelo cnn binary_crossentropy | RGB? False | alpha 0.5 | gamma 3.0

--- [Fecha/hora inicio=20260716_1519] ---

--- [T=0.00s] ---
init. Iniciando entrenamiento MULTIESPECTRAL con perdida Binary Crossentropy

--- [Fecha/hora inicio=20260716_1519] ---

--- [T=0.00s] ---
1. 1. Extrayendo datos

--- [Fecha/hora inicio=20260716_1519] ---

--- [T=0.78s] ---
1. Carga de datos cnn Multiespectral

--- [Fecha/hora inicio=20260716_1519] ---

--- [T=1.54s] ---
2. Filtrado y extracción de datos

--- [Fecha/hora inicio=20260716_1519] ---

--- [T=1.54s] ---
2.1. Iniciando procesamiento de 665 imágenes etiquetadas...

--- [Fecha/hora inicio=20260716_1519] ---

--- [T=1.54s] ---
2.2. Archivos seleccionados: ['red.tif', 'red edge.tif', 'nir.tif', 'blue.tif', 'green.tif']

--- [Fecha/hora inicio=20260716_1520] ---

--- [T=0.00s] ---
7. Extracción de imágenes completada.

Datos listos para entrenamiento. Total de muestras: 665

Resumen de Datos Multiespectrales:
Total de parches extraídos: 665
X Train/Val Split: 532 / 133
Y Train/Val Split: 532 / 133
Forma X_train: (532, 224, 224, 5)
Forma Y_train: (532,)
Shape train: (532, 224, 224, 5)
Pesos de Clase Calculados: Plaga (0): 1.11, Sana (1): 1.55
------------------------------
DEBUG - Conteo: Plaga: 360, Sana: 172
RESULTADO - Pesos Finales: Plaga (0): 1.11, Sana (1): 1.55
------------------------------
Epoch 1/80

[1m 1/17[0m [32m━[0m[37m━━━━━━━━━━━━━━━━━━━[0m [1m1:02[0m 4s/step - accuracy: 0.3750 - auc: 0.4273 - loss: 0.8841 - precision: 0.3333 - recall: 1.0000
[1m 2/17[0m [32m━━[0m[37m━━━━━━━━━━━━━━━━━━[0m [1m23s[0m 2s/step - accuracy: 0.3672 - auc: 0.5101 - loss: 0.8775 - precision: 0.3250 - recall: 1.0000 
[1m 3/17[0m [32m━━━[0m[37m━━━━━━━━━━━━━━━━━[0m [1m21s[0m 2s/step - accuracy: 0.3802 - auc: 0.5703 - loss: 0.8758 - precision: 0.3389 - recall: 1.0000
[1m 4/17[0m [32m━━━━[0m[37m━━━━━━━━━━━━━━━━[0m [1m19s[0m 2s/step - accuracy: 0.3965 - auc: 0.6126 - loss: 0.8744 - precision: 0.3525 - recall: 1.0000
[1m 5/17[0m [32m━━━━━[0m[37m━━━━━━━━━━━━━━━[0m [1m18s[0m 2s/step - accuracy: 0.4122 - auc: 0.6463 - loss: 0.8726 - precision: 0.3628 - recall: 1.0000
[1m 6/17[0m [32m━━━━━━━[0m[37m━━━━━━━━━━━━━[0m [1m16s[0m 2s/step - accuracy: 0.4277 - auc: 0.6668 - loss: 0.8711 - precision: 0.3719 - recall: 1.0000
[1m 7/17[0m [32m━━━━━━━━[0m[37m━━━━━━━━━━━━[0m [1m15s[0m 2s/step - accuracy: 0.4387 - auc: 0.6834 - loss: 0.8689 - precision: 0.3754 - recall: 1.0000
[1m 8/17[0m [32m━━━━━━━━━[0m[37m━━━━━━━━━━━[0m [1m13s[0m 2s/step - accuracy: 0.4493 - auc: 0.6951 - loss: 0.8674 - precision: 0.3791 - recall: 1.0000
[1m 9/17[0m [32m━━━━━━━━━━[0m[37m━━━━━━━━━━[0m [1m12s[0m 2s/step - accuracy: 0.4595 - auc: 0.7047 - loss: 0.8662 - precision: 0.3841 - recall: 1.0000
[1m10/17[0m [32m━━━━━━━━━━━[0m[37m━━━━━━━━━[0m [1m10s[0m 2s/step - accuracy: 0.4683 - auc: 0.7120 - loss: 0.8650 - precision: 0.3880 - recall: 0.9991
[1m11/17[0m [32m━━━━━━━━━━━━[0m[37m━━━━━━━━[0m [1m9s[0m 2s/step - accuracy: 0.4771 - auc: 0.7187 - loss: 0.8638 - precision: 0.3917 - recall: 0.9984 
[1m12/17[0m [32m━━━━━━━━━━━━━━[0m[37m━━━━━━[0m [1m7s[0m 2s/step - accuracy: 0.4855 - auc: 0.7260 - loss: 0.8624 - precision: 0.3955 - recall: 0.9978
[1m13/17[0m [32m━━━━━━━━━━━━━━━[0m[37m━━━━━[0m [1m6s[0m 2s/step - accuracy: 0.4935 - auc: 0.7326 - loss: 0.8611 - precision: 0.3995 - recall: 0.9974
[1m14/17[0m [32m━━━━━━━━━━━━━━━━[0m[37m━━━━[0m [1m4s[0m 2s/step - accuracy: 0.5008 - auc: 0.7380 - loss: 0.8601 - precision: 0.4034 - recall: 0.9972
[1m15/17[0m [32m━━━━━━━━━━━━━━━━━[0m[37m━━━[0m [1m3s[0m 2s/step - accuracy: 0.5071 - auc: 0.7427 - loss: 0.8590 - precision: 0.4062 - recall: 0.9969
[1m16/17[0m [32m━━━━━━━━━━━━━━━━━━[0m[37m━━[0m [1m1s[0m 2s/step - accuracy: 0.5130 - auc: 0.7474 - loss: 0.8577 - precision: 0.4087 - recall: 0.9967
[1m17/17[0m [32m━━━━━━━━━━━━━━━━━━━━[0m[37m[0m [1m0s[0m 2s/step - accuracy: 0.5186 - auc: 0.7516 - loss: 0.8566 - precision: 0.4112 - recall: 0.9966
Epoch 1: val_recall improved from None to 0.00000, saving model to C:\workspace\hd-image-pest-detection-cnn-and-rf\best_models\best_model_final_MULTIESPECTRAL_binary_crossentropy.keras

[1m17/17[0m [32m━━━━━━━━━━━━━━━━━━━━[0m[37m[0m [1m34s[0m 2s/step - accuracy: 0.6071 - auc: 0.8197 - loss: 0.8384 - precision: 0.4512 - recall: 0.9942 - val_accuracy: 0.6767 - val_auc: 0.5000 - val_loss: 0.6918 - val_precision: 0.0000e+00 - val_recall: 0.0000e+00 - learning_rate: 1.0000e-04
Epoch 2/80

[1m 1/17[0m [32m━[0m[37m━━━━━━━━━━━━━━━━━━━[0m [1m25s[0m 2s/step - accuracy: 0.7500 - auc: 0.8477 - loss: 0.8031 - precision: 0.5556 - recall: 1.0000
[1m 2/17[0m [32m━━[0m[37m━━━━━━━━━━━━━━━━━━[0m [1m27s[0m 2s/step - accuracy: 0.7500 - auc: 0.8663 - loss: 0.7973 - precision: 0.5492 - recall: 1.0000
[1m 3/17[0m [32m━━━[0m[37m━━━━━━━━━━━━━━━━━[0m [1m25s[0m 2s/step - accuracy: 0.7569 - auc: 0.8752 - loss: 0.7965 - precision: 0.5661 - recall: 1.0000
[1m 4/17[0m [32m━━━━[0m[37m━━━━━━━━━━━━━━━━[0m [1m22s[0m 2s/step - accuracy: 0.7572 - auc: 0.8777 - loss: 0.7952 - precision: 0.5753 - recall: 0.9891
[1m 5/17[0m [32m━━━━━[0m[37m━━━━━━━━━━━━━━━[0m [1m19s[0m 2s/step - accuracy: 0.7582 - auc: 0.8791 - loss: 0.7937 - precision: 0.5811 - recall: 0.9843
[1m 6/17[0m [32m━━━━━━━[0m[37m━━━━━━━━━━━━━[0m [1m17s[0m 2s/step - accuracy: 0.7569 - auc: 0.8771 - loss: 0.7936 - precision: 0.5827 - recall: 0.9796
[1m 7/17[0m [32m━━━━━━━━[0m[37m━━━━━━━━━━━━[0m [1m16s[0m 2s/step - accuracy: 0.7540 - auc: 0.8745 - loss: 0.7934 - precision: 0.5789 - recall: 0.9766
[1m 8/17[0m [32m━━━━━━━━━[0m[37m━━━━━━━━━━━[0m [1m14s[0m 2s/step - accuracy: 0.7505 - auc: 0.8694 - loss: 0.7943 - precision: 0.5747 - recall: 0.9720
[1m 9/17[0m [32m━━━━━━━━━━[0m[37m━━━━━━━━━━[0m [1m12s[0m 2s/step - accuracy: 0.7478 - auc: 0.8658 - loss: 0.7944 - precision: 0.5725 - recall: 0.9682
[1m10/17[0m [32m━━━━━━━━━━━[0m[37m━━━━━━━━━[0m [1m10s[0m 2s/step - accuracy: 0.7452 - auc: 0.8613 - loss: 0.7949 - precision: 0.5702 - recall: 0.9639
[1m11/17[0m [32m━━━━━━━━━━━━[0m[37m━━━━━━━━[0m [1m9s[0m 2s/step - accuracy: 0.7436 - auc: 0.8576 - loss: 0.7952 - precision: 0.5683 - recall: 0.9609 
[1m12/17[0m [32m━━━━━━━━━━━━━━[0m[37m━━━━━━[0m [1m7s[0m 2s/step - accuracy: 0.7426 - auc: 0.8555 - loss: 0.7948 - precision: 0.5671 - recall: 0.9582
[1m13/17[0m [32m━━━━━━━━━━━━━━━[0m[37m━━━━━[0m [1m6s[0m 2s/step - accuracy: 0.7419 - auc: 0.8537 - loss: 0.7945 - precision: 0.5667 - recall: 0.9553
[1m14/17[0m [32m━━━━━━━━━━━━━━━━[0m[37m━━━━[0m [1m4s[0m 2s/step - accuracy: 0.7412 - auc: 0.8521 - loss: 0.7942 - precision: 0.5662 - recall: 0.9533
[1m15/17[0m [32m━━━━━━━━━━━━━━━━━[0m[37m━━━[0m [1m3s[0m 2s/step - accuracy: 0.7408 - auc: 0.8506 - loss: 0.7938 - precision: 0.5655 - recall: 0.9517
[1m16/17[0m [32m━━━━━━━━━━━━━━━━━━[0m[37m━━[0m [1m1s[0m 2s/step - accuracy: 0.7407 - auc: 0.8496 - loss: 0.7932 - precision: 0.5651 - recall: 0.9505
[1m17/17[0m [32m━━━━━━━━━━━━━━━━━━━━[0m[37m[0m [1m0s[0m 2s/step - accuracy: 0.7407 - auc: 0.8487 - loss: 0.7925 - precision: 0.5647 - recall: 0.9497
Epoch 2: val_recall did not improve from 0.00000

[1m17/17[0m [32m━━━━━━━━━━━━━━━━━━━━[0m[37m[0m [1m27s[0m 2s/step - accuracy: 0.7406 - auc: 0.8344 - loss: 0.7828 - precision: 0.5590 - recall: 0.9360 - val_accuracy: 0.6767 - val_auc: 0.5000 - val_loss: 0.6887 - val_precision: 0.0000e+00 - val_recall: 0.0000e+00 - learning_rate: 1.0000e-04
Epoch 3/80

[1m 1/17[0m [32m━[0m[37m━━━━━━━━━━━━━━━━━━━[0m [1m24s[0m 2s/step - accuracy: 0.7812 - auc: 0.9023 - loss: 0.7137 - precision: 0.5882 - recall: 1.0000
[1m 2/17[0m [32m━━[0m[37m━━━━━━━━━━━━━━━━━━[0m [1m21s[0m 1s/step - accuracy: 0.7734 - auc: 0.9029 - loss: 0.7094 - precision: 0.5754 - recall: 0.9737
[1m 3/17[0m [32m━━━[0m[37m━━━━━━━━━━━━━━━━━[0m [1m21s[0m 2s/step - accuracy: 0.7726 - auc: 0.9041 - loss: 0.7087 - precision: 0.5862 - recall: 0.9623
[1m 4/17[0m [32m━━━━[0m[37m━━━━━━━━━━━━━━━━[0m [1m19s[0m 1s/step - accuracy: 0.7708 - auc: 0.9021 - loss: 0.7081 - precision: 0.5949 - recall: 0.9445
[1m 5/17[0m [32m━━━━━[0m[37m━━━━━━━━━━━━━━━[0m [1m17s[0m 1s/step - accuracy: 0.7692 - auc: 0.9022 - loss: 0.7067 - precision: 0.5983 - recall: 0.9381
[1m 6/17[0m [32m━━━━━━━[0m[37m━━━━━━━━━━━━━[0m [1m16s[0m 1s/step - accuracy: 0.7642 - auc: 0.8987 - loss: 0.7072 - precision: 0.5966 - recall: 0.9288
[1m 7/17[0m [32m━━━━━━━━[0m[37m━━━━━━━━━━━━[0m [1m14s[0m 1s/step - accuracy: 0.7597 - auc: 0.8958 - loss: 0.7070 - precision: 0.5908 - recall: 0.9233
[1m 8/17[0m [32m━━━━━━━━━[0m[37m━━━━━━━━━━━[0m [1m13s[0m 2s/step - accuracy: 0.7560 - auc: 0.8922 - loss: 0.7078 - precision: 0.5860 - recall: 0.9178
[1m 9/17[0m [32m━━━━━━━━━━[0m[37m━━━━━━━━━━[0m [1m12s[0m 2s/step - accuracy: 0.7534 - auc: 0.8891 - loss: 0.7081 - precision: 0.5839 - recall: 0.9132
[1m10/17[0m [32m━━━━━━━━━━━[0m[37m━━━━━━━━━[0m [1m10s[0m 2s/step - accuracy: 0.7506 - auc: 0.8851 - loss: 0.7092 - precision: 0.5813 - recall: 0.9079
[1m11/17[0m [32m━━━━━━━━━━━━[0m[37m━━━━━━━━[0m [1m9s[0m 2s/step - accuracy: 0.7487 - auc: 0.8817 - loss: 0.7100 - precision: 0.5789 - recall: 0.9044 
[1m12/17[0m [32m━━━━━━━━━━━━━━[0m[37m━━━━━━[0m [1m7s[0m 2s/step - accuracy: 0.7477 - auc: 0.8794 - loss: 0.7101 - precision: 0.5777 - recall: 0.9018
[1m13/17[0m [32m━━━━━━━━━━━━━━━[0m[37m━━━━━[0m [1m6s[0m 2s/step - accuracy: 0.7472 - auc: 0.8777 - loss: 0.7100 - precision: 0.5774 - recall: 0.8988
[1m14/17[0m [32m━━━━━━━━━━━━━━━━[0m[37m━━━━[0m [1m4s[0m 2s/step - accuracy: 0.7464 - auc: 0.8759 - loss: 0.7101 - precision: 0.5770 - recall: 0.8951
[1m15/17[0m [32m━━━━━━━━━━━━━━━━━[0m[37m━━━[0m [1m3s[0m 2s/step - accuracy: 0.7462 - auc: 0.8742 - loss: 0.7100 - precision: 0.5766 - recall: 0.8923
[1m16/17[0m [32m━━━━━━━━━━━━━━━━━━[0m[37m━━[0m [1m1s[0m 2s/step - accuracy: 0.7465 - auc: 0.8731 - loss: 0.7095 - precision: 0.5765 - recall: 0.8903
[1m17/17[0m [32m━━━━━━━━━━━━━━━━━━━━[0m[37m[0m [1m0s[0m 2s/step - accuracy: 0.7469 - auc: 0.8720 - loss: 0.7092 - precision: 0.5767 - recall: 0.8889
Epoch 3: val_recall did not improve from 0.00000

[1m17/17[0m [32m━━━━━━━━━━━━━━━━━━━━[0m[37m[0m [1m27s[0m 2s/step - accuracy: 0.7538 - auc: 0.8544 - loss: 0.7049 - precision: 0.5798 - recall: 0.8663 - val_accuracy: 0.6767 - val_auc: 0.5000 - val_loss: 0.6836 - val_precision: 0.0000e+00 - val_recall: 0.0000e+00 - learning_rate: 1.0000e-04
Epoch 4/80

[1m 1/17[0m [32m━[0m[37m━━━━━━━━━━━━━━━━━━━[0m [1m24s[0m 2s/step - accuracy: 0.8438 - auc: 0.9227 - loss: 0.5983 - precision: 0.6667 - recall: 1.0000
[1m 2/17[0m [32m━━[0m[37m━━━━━━━━━━━━━━━━━━[0m [1m27s[0m 2s/step - accuracy: 0.8359 - auc: 0.9236 - loss: 0.6047 - precision: 0.6548 - recall: 0.9737
[1m 3/17[0m [32m━━━[0m[37m━━━━━━━━━━━━━━━━━[0m [1m25s[0m 2s/step - accuracy: 0.8351 - auc: 0.9251 - loss: 0.6055 - precision: 0.6661 - recall: 0.9623
[1m 4/17[0m [32m━━━━[0m[37m━━━━━━━━━━━━━━━━[0m [1m22s[0m 2s/step - accuracy: 0.8294 - auc: 0.9212 - loss: 0.6075 - precision: 0.6704 - recall: 0.9445
[1m 5/17[0m [32m━━━━━[0m[37m━━━━━━━━━━━━━━━[0m [1m20s[0m 2s/step - accuracy: 0.8273 - auc: 0.9186 - loss: 0.6099 - precision: 0.6732 - recall: 0.9381
[1m 6/17[0m [32m━━━━━━━[0m[37m━━━━━━━━━━━━━[0m [1m17s[0m 2s/step - accuracy: 0.8231 - auc: 0.9127 - loss: 0.6146 - precision: 0.6721 - recall: 0.9288
[1m 7/17[0m [32m━━━━━━━━[0m[37m━━━━━━━━━━━━[0m [1m16s[0m 2s/step - accuracy: 0.8171 - auc: 0.9076 - loss: 0.6181 - precision: 0.6640 - recall: 0.9213
[1m 8/17[0m [32m━━━━━━━━━[0m[37m━━━━━━━━━━━[0m [1m14s[0m 2s/step - accuracy: 0.8117 - auc: 0.9024 - loss: 0.6224 - precision: 0.6571 - recall: 0.9116
[1m 9/17[0m [32m━━━━━━━━━━[0m[37m━━━━━━━━━━[0m [1m12s[0m 2s/step - accuracy: 0.8071 - auc: 0.8980 - loss: 0.6254 - precision: 0.6532 - recall: 0.9008
[1m10/17[0m [32m━━━━━━━━━━━[0m[37m━━━━━━━━━[0m [1m10s[0m 2s/step - accuracy: 0.8023 - auc: 0.8928 - loss: 0.6291 - precision: 0.6484 - recall: 0.8911
[1m11/17[0m [32m━━━━━━━━━━━━[0m[37m━━━━━━━━[0m [1m9s[0m 2s/step - accuracy: 0.7989 - auc: 0.8886 - loss: 0.6322 - precision: 0.6443 - recall: 0.8844 
[1m12/17[0m [32m━━━━━━━━━━━━━━[0m[37m━━━━━━[0m [1m7s[0m 2s/step - accuracy: 0.7963 - auc: 0.8853 - loss: 0.6344 - precision: 0.6414 - recall: 0.8788
[1m13/17[0m [32m━━━━━━━━━━━━━━━[0m[37m━━━━━[0m [1m6s[0m 2s/step - accuracy: 0.7942 - auc: 0.8823 - loss: 0.6363 - precision: 0.6397 - recall: 0.8726
[1m14/17[0m [32m━━━━━━━━━━━━━━━━[0m[37m━━━━[0m [1m4s[0m 2s/step - accuracy: 0.7925 - auc: 0.8795 - loss: 0.6381 - precision: 0.6387 - recall: 0.8660
[1m15/17[0m [32m━━━━━━━━━━━━━━━━━[0m[37m━━━[0m [1m3s[0m 2s/step - accuracy: 0.7911 - auc: 0.8770 - loss: 0.6395 - precision: 0.6374 - recall: 0.8596
[1m16/17[0m [32m━━━━━━━━━━━━━━━━━━[0m[37m━━[0m [1m1s[0m 2s/step - accuracy: 0.7900 - auc: 0.8752 - loss: 0.6402 - precision: 0.6362 - recall: 0.8543
[1m17/17[0m [32m━━━━━━━━━━━━━━━━━━━━[0m[37m[0m [1m0s[0m 2s/step - accuracy: 0.7892 - auc: 0.8736 - loss: 0.6408 - precision: 0.6354 - recall: 0.8502
Epoch 4: val_recall did not improve from 0.00000

[1m17/17[0m [32m━━━━━━━━━━━━━━━━━━━━[0m[37m[0m [1m27s[0m 2s/step - accuracy: 0.7763 - auc: 0.8481 - loss: 0.6520 - precision: 0.6221 - recall: 0.7849 - val_accuracy: 0.6767 - val_auc: 0.5000 - val_loss: 0.6771 - val_precision: 0.0000e+00 - val_recall: 0.0000e+00 - learning_rate: 1.0000e-04
Epoch 5/80

[1m 1/17[0m [32m━[0m[37m━━━━━━━━━━━━━━━━━━━[0m [1m24s[0m 2s/step - accuracy: 0.8438 - auc: 0.8773 - loss: 0.5938 - precision: 0.6667 - recall: 1.0000
[1m 2/17[0m [32m━━[0m[37m━━━━━━━━━━━━━━━━━━[0m [1m21s[0m 1s/step - accuracy: 0.8516 - auc: 0.8851 - loss: 0.5839 - precision: 0.6795 - recall: 0.9737
[1m 3/17[0m [32m━━━[0m[37m━━━━━━━━━━━━━━━━━[0m [1m20s[0m 1s/step - accuracy: 0.8594 - auc: 0.8972 - loss: 0.5719 - precision: 0.7050 - recall: 0.9623
[1m 4/17[0m [32m━━━━[0m[37m━━━━━━━━━━━━━━━━[0m [1m19s[0m 1s/step - accuracy: 0.8613 - auc: 0.9013 - loss: 0.5698 - precision: 0.7222 - recall: 0.9445
[1m 5/17[0m [32m━━━━━[0m[37m━━━━━━━━━━━━━━━[0m [1m17s[0m 1s/step - accuracy: 0.8641 - auc: 0.9039 - loss: 0.5678 - precision: 0.7330 - recall: 0.9381
[1m 6/17[0m [32m━━━━━━━[0m[37m━━━━━━━━━━━━━[0m [1m16s[0m 2s/step - accuracy: 0.8589 - auc: 0.9025 - loss: 0.5698 - precision: 0.7316 - recall: 0.9239
[1m 7/17[0m [32m━━━━━━━━[0m[37m━━━━━━━━━━━━[0m [1m15s[0m 2s/step - accuracy: 0.8536 - auc: 0.9007 - loss: 0.5715 - precision: 0.7239 - recall: 0.9152
[1m 8/17[0m [32m━━━━━━━━━[0m[37m━━━━━━━━━━━[0m [1m14s[0m 2s/step - accuracy: 0.8484 - auc: 0.8978 - loss: 0.5746 - precision: 0.7167 - recall: 0.9062
[1m 9/17[0m [32m━━━━━━━━━━[0m[37m━━━━━━━━━━[0m [1m12s[0m 2s/step - accuracy: 0.8437 - auc: 0.8953 - loss: 0.5770 - precision: 0.7121 - recall: 0.8960
[1m10/17[0m [32m━━━━━━━━━━━[0m[37m━━━━━━━━━[0m [1m11s[0m 2s/step - accuracy: 0.8384 - auc: 0.8906 - loss: 0.5815 - precision: 0.7061 - recall: 0.8868
[1m11/17[0m [32m━━━━━━━━━━━━[0m[37m━━━━━━━━[0m [1m9s[0m 2s/step - accuracy: 0.8340 - auc: 0.8867 - loss: 0.5851 - precision: 0.7002 - recall: 0.8797 
[1m12/17[0m [32m━━━━━━━━━━━━━━[0m[37m━━━━━━[0m [1m7s[0m 2s/step - accuracy: 0.8309 - auc: 0.8840 - loss: 0.5873 - precision: 0.6963 - recall: 0.8738
[1m13/17[0m [32m━━━━━━━━━━━━━━━[0m[37m━━━━━[0m [1m6s[0m 2s/step - accuracy: 0.8283 - auc: 0.8817 - loss: 0.5892 - precision: 0.6939 - recall: 0.8680
[1m14/17[0m [32m━━━━━━━━━━━━━━━━[0m[37m━━━━[0m [1m4s[0m 2s/step - accuracy: 0.8258 - auc: 0.8788 - loss: 0.5917 - precision: 0.6917 - recall: 0.8613
[1m15/17[0m [32m━━━━━━━━━━━━━━━━━[0m[37m━━━[0m [1m3s[0m 2s/step - accuracy: 0.8236 - auc: 0.8762 - loss: 0.5938 - precision: 0.6893 - recall: 0.8551
[1m16/17[0m [32m━━━━━━━━━━━━━━━━━━[0m[37m━━[0m [1m1s[0m 2s/step - accuracy: 0.8217 - auc: 0.8742 - loss: 0.5952 - precision: 0.6869 - recall: 0.8498
[1m17/17[0m [32m━━━━━━━━━━━━━━━━━━━━[0m[37m[0m [1m0s[0m 2s/step - accuracy: 0.8199 - auc: 0.8723 - loss: 0.5967 - precision: 0.6847 - recall: 0.8450
Epoch 5: val_recall did not improve from 0.00000

[1m17/17[0m [32m━━━━━━━━━━━━━━━━━━━━[0m[37m[0m [1m27s[0m 2s/step - accuracy: 0.7914 - auc: 0.8424 - loss: 0.6198 - precision: 0.6502 - recall: 0.7674 - val_accuracy: 0.6767 - val_auc: 0.6444 - val_loss: 0.6717 - val_precision: 0.0000e+00 - val_recall: 0.0000e+00 - learning_rate: 1.0000e-04
Epoch 6/80

[1m 1/17[0m [32m━[0m[37m━━━━━━━━━━━━━━━━━━━[0m [1m24s[0m 2s/step - accuracy: 0.8750 - auc: 0.9045 - loss: 0.5366 - precision: 0.7500 - recall: 0.9000
[1m 2/17[0m [32m━━[0m[37m━━━━━━━━━━━━━━━━━━[0m [1m23s[0m 2s/step - accuracy: 0.8828 - auc: 0.9143 - loss: 0.5223 - precision: 0.7614 - recall: 0.8974
[1m 3/17[0m [32m━━━[0m[37m━━━━━━━━━━━━━━━━━[0m [1m24s[0m 2s/step - accuracy: 0.8872 - auc: 0.9218 - loss: 0.5127 - precision: 0.7778 - recall: 0.9013
[1m 4/17[0m [32m━━━━[0m[37m━━━━━━━━━━━━━━━━[0m [1m23s[0m 2s/step - accuracy: 0.8861 - auc: 0.9251 - loss: 0.5099 - precision: 0.7875 - recall: 0.8933
[1m 5/17[0m [32m━━━━━[0m[37m━━━━━━━━━━━━━━━[0m [1m20s[0m 2s/step - accuracy: 0.8851 - auc: 0.9270 - loss: 0.5086 - precision: 0.7893 - recall: 0.8936
[1m 6/17[0m [32m━━━━━━━[0m[37m━━━━━━━━━━━━━[0m [1m19s[0m 2s/step - accuracy: 0.8799 - auc: 0.9250 - loss: 0.5118 - precision: 0.7850 - recall: 0.8868
[1m 7/17[0m [32m━━━━━━━━[0m[37m━━━━━━━━━━━━[0m [1m16s[0m 2s/step - accuracy: 0.8741 - auc: 0.9228 - loss: 0.5149 - precision: 0.7746 - recall: 0.8815
[1m 8/17[0m [32m━━━━━━━━━[0m[37m━━━━━━━━━━━[0m [1m14s[0m 2s/step - accuracy: 0.8689 - auc: 0.9193 - loss: 0.5193 - precision: 0.7653 - recall: 0.8767
[1m 9/17[0m [32m━━━━━━━━━━[0m[37m━━━━━━━━━━[0m [1m12s[0m 2s/step - accuracy: 0.8638 - auc: 0.9154 - loss: 0.5237 - precision: 0.7587 - recall: 0.8698
[1m10/17[0m [32m━━━━━━━━━━━[0m[37m━━━━━━━━━[0m [1m11s[0m 2s/step - accuracy: 0.8580 - auc: 0.9102 - loss: 0.5297 - precision: 0.7505 - recall: 0.8632
[1m11/17[0m [32m━━━━━━━━━━━━[0m[37m━━━━━━━━[0m [1m9s[0m 2s/step - accuracy: 0.8531 - auc: 0.9059 - loss: 0.5346 - precision: 0.7427 - recall: 0.8582 
[1m12/17[0m [32m━━━━━━━━━━━━━━[0m[37m━━━━━━[0m [1m7s[0m 2s/step - accuracy: 0.8495 - auc: 0.9027 - loss: 0.5382 - precision: 0.7371 - recall: 0.8542
[1m13/17[0m [32m━━━━━━━━━━━━━━━[0m[37m━━━━━[0m [1m6s[0m 2s/step - accuracy: 0.8468 - auc: 0.9000 - loss: 0.5410 - precision: 0.7336 - recall: 0.8505
[1m14/17[0m [32m━━━━━━━━━━━━━━━━[0m[37m━━━━[0m [1m4s[0m 2s/step - accuracy: 0.8436 - auc: 0.8975 - loss: 0.5442 - precision: 0.7298 - recall: 0.8445
[1m15/17[0m [32m━━━━━━━━━━━━━━━━━[0m[37m━━━[0m [1m3s[0m 2s/step - accuracy: 0.8405 - auc: 0.8951 - loss: 0.5470 - precision: 0.7257 - recall: 0.8382
[1m16/17[0m [32m━━━━━━━━━━━━━━━━━━[0m[37m━━[0m [1m1s[0m 2s/step - accuracy: 0.8382 - auc: 0.8932 - loss: 0.5492 - precision: 0.7223 - recall: 0.8331
[1m17/17[0m [32m━━━━━━━━━━━━━━━━━━━━[0m[37m[0m [1m0s[0m 2s/step - accuracy: 0.8360 - auc: 0.8912 - loss: 0.5514 - precision: 0.7193 - recall: 0.8286
Epoch 6: val_recall did not improve from 0.00000

[1m17/17[0m [32m━━━━━━━━━━━━━━━━━━━━[0m[37m[0m [1m27s[0m 2s/step - accuracy: 0.8008 - auc: 0.8604 - loss: 0.5866 - precision: 0.6701 - recall: 0.7558 - val_accuracy: 0.6767 - val_auc: 0.5000 - val_loss: 0.6677 - val_precision: 0.0000e+00 - val_recall: 0.0000e+00 - learning_rate: 1.0000e-04
Epoch 7/80

[1m 1/17[0m [32m━[0m[37m━━━━━━━━━━━━━━━━━━━[0m [1m25s[0m 2s/step - accuracy: 0.8125 - auc: 0.9136 - loss: 0.4945 - precision: 0.7000 - recall: 0.7000
[1m 2/17[0m [32m━━[0m[37m━━━━━━━━━━━━━━━━━━[0m [1m21s[0m 1s/step - accuracy: 0.8281 - auc: 0.9258 - loss: 0.4715 - precision: 0.7071 - recall: 0.7447
[1m 3/17[0m [32m━━━[0m[37m━━━━━━━━━━━━━━━━━[0m [1m20s[0m 1s/step - accuracy: 0.8403 - auc: 0.9276 - loss: 0.4674 - precision: 0.7307 - recall: 0.7793
[1m 4/17[0m [32m━━━━[0m[37m━━━━━━━━━━━━━━━━[0m [1m18s[0m 1s/step - accuracy: 0.8451 - auc: 0.9281 - loss: 0.4701 - precision: 0.7459 - recall: 0.7910
[1m 5/17[0m [32m━━━━━[0m[37m━━━━━━━━━━━━━━━[0m [1m17s[0m 1s/step - accuracy: 0.8498 - auc: 0.9282 - loss: 0.4712 - precision: 0.7567 - recall: 0.8012
[1m 6/17[0m [32m━━━━━━━[0m[37m━━━━━━━━━━━━━[0m [1m15s[0m 1s/step - accuracy: 0.8479 - auc: 0.9227 - loss: 0.4802 - precision: 0.7562 - recall: 0.8025
[1m 7/17[0m [32m━━━━━━━━[0m[37m━━━━━━━━━━━━[0m [1m14s[0m 1s/step - accuracy: 0.8454 - auc: 0.9188 - loss: 0.4866 - precision: 0.7490 - recall: 0.8053
[1m 8/17[0m [32m━━━━━━━━━[0m[37m━━━━━━━━━━━[0m [1m13s[0m 1s/step - accuracy: 0.8418 - auc: 0.9136 - loss: 0.4947 - precision: 0.7413 - recall: 0.8040
[1m 9/17[0m [32m━━━━━━━━━━[0m[37m━━━━━━━━━━[0m [1m12s[0m 2s/step - accuracy: 0.8389 - auc: 0.9096 - loss: 0.5012 - precision: 0.7371 - recall: 0.8017
[1m10/17[0m [32m━━━━━━━━━━━[0m[37m━━━━━━━━━[0m [1m10s[0m 2s/step - accuracy: 0.8356 - auc: 0.9052 - loss: 0.5082 - precision: 0.7320 - recall: 0.7991
[1m11/17[0m [32m━━━━━━━━━━━━[0m[37m━━━━━━━━[0m [1m9s[0m 2s/step - accuracy: 0.8325 - auc: 0.9014 - loss: 0.5141 - precision: 0.7263 - recall: 0.7968 
[1m12/17[0m [32m━━━━━━━━━━━━━━[0m[37m━━━━━━[0m [1m7s[0m 2s/step - accuracy: 0.8302 - auc: 0.8987 - loss: 0.5185 - precision: 0.7221 - recall: 0.7952
[1m13/17[0m [32m━━━━━━━━━━━━━━━[0m[37m━━━━━[0m [1m6s[0m 2s/step - accuracy: 0.8281 - auc: 0.8963 - loss: 0.5225 - precision: 0.7192 - recall: 0.7927
[1m14/17[0m [32m━━━━━━━━━━━━━━━━[0m[37m━━━━[0m [1m4s[0m 2s/step - accuracy: 0.8259 - auc: 0.8940 - loss: 0.5265 - precision: 0.7166 - recall: 0.7885
[1m15/17[0m [32m━━━━━━━━━━━━━━━━━[0m[37m━━━[0m [1m3s[0m 2s/step - accuracy: 0.8237 - auc: 0.8919 - loss: 0.5299 - precision: 0.7134 - recall: 0.7842
[1m16/17[0m [32m━━━━━━━━━━━━━━━━━━[0m[37m━━[0m [1m1s[0m 2s/step - accuracy: 0.8220 - auc: 0.8905 - loss: 0.5323 - precision: 0.7106 - recall: 0.7810
[1m17/17[0m [32m━━━━━━━━━━━━━━━━━━━━[0m[37m[0m [1m0s[0m 2s/step - accuracy: 0.8205 - auc: 0.8890 - loss: 0.5347 - precision: 0.7080 - recall: 0.7782
Epoch 7: val_recall did not improve from 0.00000

[1m17/17[0m [32m━━━━━━━━━━━━━━━━━━━━[0m[37m[0m [1m27s[0m 2s/step - accuracy: 0.7951 - auc: 0.8655 - loss: 0.5734 - precision: 0.6667 - recall: 0.7326 - val_accuracy: 0.6767 - val_auc: 0.5056 - val_loss: 0.6644 - val_precision: 0.0000e+00 - val_recall: 0.0000e+00 - learning_rate: 1.0000e-04
Epoch 8/80

[1m 1/17[0m [32m━[0m[37m━━━━━━━━━━━━━━━━━━━[0m [1m26s[0m 2s/step - accuracy: 0.9062 - auc: 0.9159 - loss: 0.4527 - precision: 0.7692 - recall: 1.0000
[1m 2/17[0m [32m━━[0m[37m━━━━━━━━━━━━━━━━━━[0m [1m24s[0m 2s/step - accuracy: 0.9062 - auc: 0.9252 - loss: 0.4530 - precision: 0.7759 - recall: 0.9737
[1m 3/17[0m [32m━━━[0m[37m━━━━━━━━━━━━━━━━━[0m [1m24s[0m 2s/step - accuracy: 0.9062 - auc: 0.9303 - loss: 0.4504 - precision: 0.7892 - recall: 0.9623
[1m 4/17[0m [32m━━━━[0m[37m━━━━━━━━━━━━━━━━[0m [1m24s[0m 2s/step - accuracy: 0.9023 - auc: 0.9302 - loss: 0.4538 - precision: 0.8002 - recall: 0.9391
[1m 5/17[0m [32m━━━━━[0m[37m━━━━━━━━━━━━━━━[0m [1m21s[0m 2s/step - accuracy: 0.8994 - auc: 0.9309 - loss: 0.4541 - precision: 0.8021 - recall: 0.9302
[1m 6/17[0m [32m━━━━━━━[0m[37m━━━━━━━━━━━━━[0m [1m19s[0m 2s/step - accuracy: 0.8927 - auc: 0.9278 - loss: 0.4604 - precision: 0.7973 - recall: 0.9173
[1m 7/17[0m [32m━━━━━━━━[0m[37m━━━━━━━━━━━━[0m [1m17s[0m 2s/step - accuracy: 0.8870 - auc: 0.9255 - loss: 0.4652 - precision: 0.7888 - recall: 0.9076
[1m 8/17[0m [32m━━━━━━━━━[0m[37m━━━━━━━━━━━[0m [1m15s[0m 2s/step - accuracy: 0.8811 - auc: 0.9218 - loss: 0.4719 - precision: 0.7801 - recall: 0.8981
[1m 9/17[0m [32m━━━━━━━━━━[0m[37m━━━━━━━━━━[0m [1m13s[0m 2s/step - accuracy: 0.8754 - auc: 0.9183 - loss: 0.4781 - precision: 0.7737 - recall: 0.8876
[1m10/17[0m [32m━━━━━━━━━━━[0m[37m━━━━━━━━━[0m [1m11s[0m 2s/step - accuracy: 0.8691 - auc: 0.9134 - loss: 0.4858 - precision: 0.7654 - recall: 0.8783
[1m11/17[0m [32m━━━━━━━━━━━━[0m[37m━━━━━━━━[0m [1m10s[0m 2s/step - accuracy: 0.8637 - auc: 0.9092 - loss: 0.4923 - precision: 0.7573 - recall: 0.8712
[1m12/17[0m [32m━━━━━━━━━━━━━━[0m[37m━━━━━━[0m [1m8s[0m 2s/step - accuracy: 0.8594 - auc: 0.9060 - loss: 0.4975 - precision: 0.7511 - recall: 0.8654 
[1m13/17[0m [32m━━━━━━━━━━━━━━━[0m[37m━━━━━[0m [1m6s[0m 2s/step - accuracy: 0.8562 - auc: 0.9034 - loss: 0.5018 - precision: 0.7468 - recall: 0.8608
[1m14/17[0m [32m━━━━━━━━━━━━━━━━[0m[37m━━━━[0m [1m5s[0m 2s/step - accuracy: 0.8531 - auc: 0.9009 - loss: 0.5061 - precision: 0.7432 - recall: 0.8550
[1m15/17[0m [32m━━━━━━━━━━━━━━━━━[0m[37m━━━[0m [1m3s[0m 2s/step - accuracy: 0.8501 - auc: 0.8986 - loss: 0.5100 - precision: 0.7391 - recall: 0.8493
[1m16/17[0m [32m━━━━━━━━━━━━━━━━━━[0m[37m━━[0m [1m1s[0m 2s/step - accuracy: 0.8477 - auc: 0.8969 - loss: 0.5127 - precision: 0.7357 - recall: 0.8447
[1m17/17[0m [32m━━━━━━━━━━━━━━━━━━━━[0m[37m[0m [1m0s[0m 2s/step - accuracy: 0.8456 - auc: 0.8952 - loss: 0.5155 - precision: 0.7326 - recall: 0.8409
Epoch 8: val_recall did not improve from 0.00000

[1m17/17[0m [32m━━━━━━━━━━━━━━━━━━━━[0m[37m[0m [1m30s[0m 2s/step - accuracy: 0.8120 - auc: 0.8682 - loss: 0.5596 - precision: 0.6837 - recall: 0.7791 - val_accuracy: 0.6767 - val_auc: 0.6444 - val_loss: 0.6605 - val_precision: 0.0000e+00 - val_recall: 0.0000e+00 - learning_rate: 1.0000e-04
Epoch 9/80

[1m 1/17[0m [32m━[0m[37m━━━━━━━━━━━━━━━━━━━[0m [1m26s[0m 2s/step - accuracy: 0.8125 - auc: 0.8909 - loss: 0.4941 - precision: 0.6667 - recall: 0.8000
[1m 2/17[0m [32m━━[0m[37m━━━━━━━━━━━━━━━━━━[0m [1m24s[0m 2s/step - accuracy: 0.8359 - auc: 0.9080 - loss: 0.4727 - precision: 0.6970 - recall: 0.8211
[1m 3/17[0m [32m━━━[0m[37m━━━━━━━━━━━━━━━━━[0m [1m22s[0m 2s/step - accuracy: 0.8490 - auc: 0.9158 - loss: 0.4650 - precision: 0.7259 - recall: 0.8403
[1m 4/17[0m [32m━━━━[0m[37m━━━━━━━━━━━━━━━━[0m [1m21s[0m 2s/step - accuracy: 0.8574 - auc: 0.9184 - loss: 0.4659 - precision: 0.7519 - recall: 0.8422
[1m 5/17[0m [32m━━━━━[0m[37m━━━━━━━━━━━━━━━[0m [1m19s[0m 2s/step - accuracy: 0.8622 - auc: 0.9201 - loss: 0.4657 - precision: 0.7648 - recall: 0.8457
[1m 6/17[0m [32m━━━━━━━[0m[37m━━━━━━━━━━━━━[0m [1m17s[0m 2s/step - accuracy: 0.8617 - auc: 0.9183 - loss: 0.4711 - precision: 0.7688 - recall: 0.8420
[1m 7/17[0m [32m━━━━━━━━[0m[37m━━━━━━━━━━━━[0m [1m16s[0m 2s/step - accuracy: 0.8604 - auc: 0.9169 - loss: 0.4745 - precision: 0.7661 - recall: 0.8391
[1m 8/17[0m [32m━━━━━━━━━[0m[37m━━━━━━━━━━━[0m [1m15s[0m 2s/step - accuracy: 0.8579 - auc: 0.9140 - loss: 0.4802 - precision: 0.7614 - recall: 0.8351
[1m 9/17[0m [32m━━━━━━━━━━[0m[37m━━━━━━━━━━[0m [1m13s[0m 2s/step - accuracy: 0.8551 - auc: 0.9107 - loss: 0.4860 - precision: 0.7588 - recall: 0.8294
[1m10/17[0m [32m━━━━━━━━━━━[0m[37m━━━━━━━━━[0m [1m11s[0m 2s/step - accuracy: 0.8515 - auc: 0.9069 - loss: 0.4926 - precision: 0.7535 - recall: 0.8250
[1m11/17[0m [32m━━━━━━━━━━━━[0m[37m━━━━━━━━[0m [1m10s[0m 2s/step - accuracy: 0.8485 - auc: 0.9037 - loss: 0.4979 - precision: 0.7479 - recall: 0.8227
[1m12/17[0m [32m━━━━━━━━━━━━━━[0m[37m━━━━━━[0m [1m8s[0m 2s/step - accuracy: 0.8463 - auc: 0.9009 - loss: 0.5022 - precision: 0.7440 - recall: 0.8209 
[1m13/17[0m [32m━━━━━━━━━━━━━━━[0m[37m━━━━━[0m [1m6s[0m 2s/step - accuracy: 0.8447 - auc: 0.8989 - loss: 0.5056 - precision: 0.7415 - recall: 0.8192
[1m14/17[0m [32m━━━━━━━━━━━━━━━━[0m[37m━━━━[0m [1m4s[0m 2s/step - accuracy: 0.8428 - auc: 0.8970 - loss: 0.5090 - precision: 0.7392 - recall: 0.8164
[1m15/17[0m [32m━━━━━━━━━━━━━━━━━[0m[37m━━━[0m [1m3s[0m 2s/step - accuracy: 0.8410 - auc: 0.8952 - loss: 0.5121 - precision: 0.7362 - recall: 0.8133
[1m16/17[0m [32m━━━━━━━━━━━━━━━━━━[0m[37m━━[0m [1m1s[0m 2s/step - accuracy: 0.8394 - auc: 0.8938 - loss: 0.5142 - precision: 0.7333 - recall: 0.8113
[1m17/17[0m [32m━━━━━━━━━━━━━━━━━━━━[0m[37m[0m [1m0s[0m 2s/step - accuracy: 0.8380 - auc: 0.8926 - loss: 0.5162 - precision: 0.7305 - recall: 0.8101
Epoch 9: val_recall did not improve from 0.00000

[1m17/17[0m [32m━━━━━━━━━━━━━━━━━━━━[0m[37m[0m [1m28s[0m 2s/step - accuracy: 0.8158 - auc: 0.8730 - loss: 0.5470 - precision: 0.6869 - recall: 0.7907 - val_accuracy: 0.6767 - val_auc: 0.7379 - val_loss: 0.6592 - val_precision: 0.0000e+00 - val_recall: 0.0000e+00 - learning_rate: 1.0000e-04
Epoch 10/80

[1m 1/17[0m [32m━[0m[37m━━━━━━━━━━━━━━━━━━━[0m [1m25s[0m 2s/step - accuracy: 0.8750 - auc: 0.8955 - loss: 0.4958 - precision: 0.7143 - recall: 1.0000
[1m 2/17[0m [32m━━[0m[37m━━━━━━━━━━━━━━━━━━[0m [1m28s[0m 2s/step - accuracy: 0.8750 - auc: 0.9188 - loss: 0.4591 - precision: 0.7171 - recall: 0.9737
[1m 3/17[0m [32m━━━[0m[37m━━━━━━━━━━━━━━━━━[0m [1m27s[0m 2s/step - accuracy: 0.8785 - auc: 0.9289 - loss: 0.4445 - precision: 0.7364 - recall: 0.9623
[1m 4/17[0m [32m━━━━[0m[37m━━━━━━━━━━━━━━━━[0m [1m24s[0m 2s/step - accuracy: 0.8796 - auc: 0.9314 - loss: 0.4431 - precision: 0.7533 - recall: 0.9445
[1m 5/17[0m [32m━━━━━[0m[37m━━━━━━━━━━━━━━━[0m [1m21s[0m 2s/step - accuracy: 0.8811 - auc: 0.9321 - loss: 0.4420 - precision: 0.7626 - recall: 0.9381
[1m 6/17[0m [32m━━━━━━━[0m[37m━━━━━━━━━━━━━[0m [1m19s[0m 2s/step - accuracy: 0.8784 - auc: 0.9285 - loss: 0.4484 - precision: 0.7637 - recall: 0.9288
[1m 7/17[0m [32m━━━━━━━━[0m[37m━━━━━━━━━━━━[0m [1m17s[0m 2s/step - accuracy: 0.8754 - auc: 0.9257 - loss: 0.4531 - precision: 0.7597 - recall: 0.9213
[1m 8/17[0m [32m━━━━━━━━━[0m[37m━━━━━━━━━━━[0m [1m15s[0m 2s/step - accuracy: 0.8719 - auc: 0.9220 - loss: 0.4596 - precision: 0.7548 - recall: 0.9146
[1m 9/17[0m [32m━━━━━━━━━━[0m[37m━━━━━━━━━━[0m [1m13s[0m 2s/step - accuracy: 0.8684 - auc: 0.9180 - loss: 0.4663 - precision: 0.7515 - recall: 0.9069
[1m10/17[0m [32m━━━━━━━━━━━[0m[37m━━━━━━━━━[0m [1m11s[0m 2s/step - accuracy: 0.8637 - auc: 0.9134 - loss: 0.4741 - precision: 0.7459 - recall: 0.8994
[1m11/17[0m [32m━━━━━━━━━━━━[0m[37m━━━━━━━━[0m [1m10s[0m 2s/step - accuracy: 0.8596 - auc: 0.9095 - loss: 0.4805 - precision: 0.7400 - recall: 0.8935
[1m12/17[0m [32m━━━━━━━━━━━━━━[0m[37m━━━━━━[0m [1m8s[0m 2s/step - accuracy: 0.8565 - auc: 0.9066 - loss: 0.4854 - precision: 0.7359 - recall: 0.8885 
[1m13/17[0m [32m━━━━━━━━━━━━━━━[0m[37m━━━━━[0m [1m6s[0m 2s/step - accuracy: 0.8539 - auc: 0.9043 - loss: 0.4894 - precision: 0.7331 - recall: 0.8833
[1m14/17[0m [32m━━━━━━━━━━━━━━━━[0m[37m━━━━[0m [1m5s[0m 2s/step - accuracy: 0.8512 - auc: 0.9022 - loss: 0.4934 - precision: 0.7307 - recall: 0.8768
[1m15/17[0m [32m━━━━━━━━━━━━━━━━━[0m[37m━━━[0m [1m3s[0m 2s/step - accuracy: 0.8487 - auc: 0.9002 - loss: 0.4970 - precision: 0.7278 - recall: 0.8701
[1m16/17[0m [32m━━━━━━━━━━━━━━━━━━[0m[37m━━[0m [1m1s[0m 2s/step - accuracy: 0.8465 - auc: 0.8987 - loss: 0.4996 - precision: 0.7252 - recall: 0.8646
[1m17/17[0m [32m━━━━━━━━━━━━━━━━━━━━[0m[37m[0m [1m0s[0m 2s/step - accuracy: 0.8445 - auc: 0.8971 - loss: 0.5024 - precision: 0.7228 - recall: 0.8595
Epoch 10: val_recall did not improve from 0.00000

[1m17/17[0m [32m━━━━━━━━━━━━━━━━━━━━[0m[37m[0m [1m29s[0m 2s/step - accuracy: 0.8120 - auc: 0.8721 - loss: 0.5462 - precision: 0.6837 - recall: 0.7791 - val_accuracy: 0.6767 - val_auc: 0.6444 - val_loss: 0.6555 - val_precision: 0.0000e+00 - val_recall: 0.0000e+00 - learning_rate: 1.0000e-04
Epoch 11/80

[1m 1/17[0m [32m━[0m[37m━━━━━━━━━━━━━━━━━━━[0m [1m26s[0m 2s/step - accuracy: 0.9375 - auc: 0.9318 - loss: 0.4096 - precision: 0.8333 - recall: 1.0000
[1m 2/17[0m [32m━━[0m[37m━━━━━━━━━━━━━━━━━━[0m [1m23s[0m 2s/step - accuracy: 0.9297 - auc: 0.9358 - loss: 0.4150 - precision: 0.8258 - recall: 0.9737
[1m 3/17[0m [32m━━━[0m[37m━━━━━━━━━━━━━━━━━[0m [1m22s[0m 2s/step - accuracy: 0.9219 - auc: 0.9401 - loss: 0.4183 - precision: 0.8283 - recall: 0.9522
[1m 4/17[0m [32m━━━━[0m[37m━━━━━━━━━━━━━━━━[0m [1m20s[0m 2s/step - accuracy: 0.9160 - auc: 0.9386 - loss: 0.4261 - precision: 0.8340 - recall: 0.9315
[1m 5/17[0m [32m━━━━━[0m[37m━━━━━━━━━━━━━━━[0m [1m18s[0m 2s/step - accuracy: 0.9141 - auc: 0.9372 - loss: 0.4287 - precision: 0.8372 - recall: 0.9242
[1m 6/17[0m [32m━━━━━━━[0m[37m━━━━━━━━━━━━━[0m [1m17s[0m 2s/step - accuracy: 0.9084 - auc: 0.9329 - loss: 0.4366 - precision: 0.8324 - recall: 0.9147
[1m 7/17[0m [32m━━━━━━━━[0m[37m━━━━━━━━━━━━[0m [1m15s[0m 2s/step - accuracy: 0.9030 - auc: 0.9293 - loss: 0.4423 - precision: 0.8232 - recall: 0.9073
[1m 8/17[0m [32m━━━━━━━━━[0m[37m━━━━━━━━━━━[0m [1m14s[0m 2s/step - accuracy: 0.8971 - auc: 0.9246 - loss: 0.4502 - precision: 0.8128 - recall: 0.9009
[1m 9/17[0m [32m━━━━━━━━━━[0m[37m━━━━━━━━━━[0m [1m12s[0m 2s/step - accuracy: 0.8915 - auc: 0.9211 - loss: 0.4565 - precision: 0.8050 - recall: 0.8935
[1m10/17[0m [32m━━━━━━━━━━━[0m[37m━━━━━━━━━[0m [1m11s[0m 2s/step - accuracy: 0.8852 - auc: 0.9163 - loss: 0.4649 - precision: 0.7955 - recall: 0.8864
[1m11/17[0m [32m━━━━━━━━━━━━[0m[37m━━━━━━━━[0m [1m9s[0m 2s/step - accuracy: 0.8799 - auc: 0.9117 - loss: 0.4725 - precision: 0.7864 - recall: 0.8817 
[1m12/17[0m [32m━━━━━━━━━━━━━━[0m[37m━━━━━━[0m [1m8s[0m 2s/step - accuracy: 0.8758 - auc: 0.9081 - loss: 0.4785 - precision: 0.7796 - recall: 0.8777
[1m13/17[0m [32m━━━━━━━━━━━━━━━[0m[37m━━━━━[0m [1m6s[0m 2s/step - accuracy: 0.8724 - auc: 0.9052 - loss: 0.4834 - precision: 0.7746 - recall: 0.8738
[1m14/17[0m [32m━━━━━━━━━━━━━━━━[0m[37m━━━━[0m [1m4s[0m 2s/step - accuracy: 0.8692 - auc: 0.9027 - loss: 0.4878 - precision: 0.7702 - recall: 0.8695
[1m15/17[0m [32m━━━━━━━━━━━━━━━━━[0m[37m━━━[0m [1m3s[0m 2s/step - accuracy: 0.8661 - auc: 0.9006 - loss: 0.4915 - precision: 0.7654 - recall: 0.8650
[1m16/17[0m [32m━━━━━━━━━━━━━━━━━━[0m[37m━━[0m [1m1s[0m 2s/step - accuracy: 0.8638 - auc: 0.8992 - loss: 0.4941 - precision: 0.7614 - recall: 0.8617
[1m17/17[0m [32m━━━━━━━━━━━━━━━━━━━━[0m[37m[0m [1m0s[0m 2s/step - accuracy: 0.8615 - auc: 0.8977 - loss: 0.4966 - precision: 0.7576 - recall: 0.8589
Epoch 11: val_recall did not improve from 0.00000

[1m17/17[0m [32m━━━━━━━━━━━━━━━━━━━━[0m[37m[0m [1m28s[0m 2s/step - accuracy: 0.8252 - auc: 0.8753 - loss: 0.5365 - precision: 0.6965 - recall: 0.8140 - val_accuracy: 0.6767 - val_auc: 0.6667 - val_loss: 0.6543 - val_precision: 0.0000e+00 - val_recall: 0.0000e+00 - learning_rate: 1.0000e-04
Epoch 12/80

[1m 1/17[0m [32m━[0m[37m━━━━━━━━━━━━━━━━━━━[0m [1m29s[0m 2s/step - accuracy: 0.9062 - auc: 0.9182 - loss: 0.4494 - precision: 0.7692 - recall: 1.0000
[1m 2/17[0m [32m━━[0m[37m━━━━━━━━━━━━━━━━━━[0m [1m28s[0m 2s/step - accuracy: 0.9141 - auc: 0.9331 - loss: 0.4274 - precision: 0.7937 - recall: 0.9737
[1m 3/17[0m [32m━━━[0m[37m━━━━━━━━━━━━━━━━━[0m [1m24s[0m 2s/step - accuracy: 0.9149 - auc: 0.9401 - loss: 0.4215 - precision: 0.8084 - recall: 0.9623
[1m 4/17[0m [32m━━━━[0m[37m━━━━━━━━━━━━━━━━[0m [1m21s[0m 2s/step - accuracy: 0.9128 - auc: 0.9421 - loss: 0.4232 - precision: 0.8237 - recall: 0.9391
[1m 5/17[0m [32m━━━━━[0m[37m━━━━━━━━━━━━━━━[0m [1m19s[0m 2s/step - accuracy: 0.9115 - auc: 0.9427 - loss: 0.4244 - precision: 0.8314 - recall: 0.9267
[1m 6/17[0m [32m━━━━━━━[0m[37m━━━━━━━━━━━━━[0m [1m17s[0m 2s/step - accuracy: 0.9062 - auc: 0.9392 - loss: 0.4314 - precision: 0.8305 - recall: 0.9120
[1m 7/17[0m [32m━━━━━━━━[0m[37m━━━━━━━━━━━━[0m [1m16s[0m 2s/step - accuracy: 0.9018 - auc: 0.9362 - loss: 0.4367 - precision: 0.8250 - recall: 0.9011
[1m 8/17[0m [32m━━━━━━━━━[0m[37m━━━━━━━━━━━[0m [1m14s[0m 2s/step - accuracy: 0.8970 - auc: 0.9323 - loss: 0.4436 - precision: 0.8177 - recall: 0.8923
[1m 9/17[0m [32m━━━━━━━━━━[0m[37m━━━━━━━━━━[0m [1m12s[0m 2s/step - accuracy: 0.8922 - auc: 0.9279 - loss: 0.4510 - precision: 0.8121 - recall: 0.8837
[1m10/17[0m [32m━━━━━━━━━━━[0m[37m━━━━━━━━━[0m [1m11s[0m 2s/step - accuracy: 0.8864 - auc: 0.9232 - loss: 0.4588 - precision: 0.8038 - recall: 0.8757
[1m11/17[0m [32m━━━━━━━━━━━━[0m[37m━━━━━━━━[0m [1m9s[0m 2s/step - accuracy: 0.8815 - auc: 0.9191 - loss: 0.4652 - precision: 0.7954 - recall: 0.8704 
[1m12/17[0m [32m━━━━━━━━━━━━━━[0m[37m━━━━━━[0m [1m8s[0m 2s/step - accuracy: 0.8777 - auc: 0.9157 - loss: 0.4704 - precision: 0.7892 - recall: 0.8660
[1m13/17[0m [32m━━━━━━━━━━━━━━━[0m[37m━━━━━[0m [1m6s[0m 2s/step - accuracy: 0.8747 - auc: 0.9130 - loss: 0.4747 - precision: 0.7847 - recall: 0.8625
[1m14/17[0m [32m━━━━━━━━━━━━━━━━[0m[37m━━━━[0m [1m5s[0m 2s/step - accuracy: 0.8716 - auc: 0.9106 - loss: 0.4788 - precision: 0.7803 - recall: 0.8580
[1m15/17[0m [32m━━━━━━━━━━━━━━━━━[0m[37m━━━[0m [1m3s[0m 2s/step - accuracy: 0.8686 - auc: 0.9084 - loss: 0.4823 - precision: 0.7755 - recall: 0.8538
[1m16/17[0m [32m━━━━━━━━━━━━━━━━━━[0m[37m━━[0m [1m1s[0m 2s/step - accuracy: 0.8663 - auc: 0.9069 - loss: 0.4846 - precision: 0.7715 - recall: 0.8508
[1m17/17[0m [32m━━━━━━━━━━━━━━━━━━━━[0m[37m[0m [1m0s[0m 2s/step - accuracy: 0.8641 - auc: 0.9054 - loss: 0.4868 - precision: 0.7676 - recall: 0.8483
Epoch 12: val_recall did not improve from 0.00000

[1m17/17[0m [32m━━━━━━━━━━━━━━━━━━━━[0m[37m[0m [1m29s[0m 2s/step - accuracy: 0.8289 - auc: 0.8825 - loss: 0.5226 - precision: 0.7056 - recall: 0.8081 - val_accuracy: 0.6767 - val_auc: 0.7599 - val_loss: 0.6502 - val_precision: 0.0000e+00 - val_recall: 0.0000e+00 - learning_rate: 1.0000e-04
Epoch 13/80

[1m 1/17[0m [32m━[0m[37m━━━━━━━━━━━━━━━━━━━[0m [1m23s[0m 1s/step - accuracy: 0.9062 - auc: 0.9591 - loss: 0.3675 - precision: 0.7692 - recall: 1.0000
[1m 2/17[0m [32m━━[0m[37m━━━━━━━━━━━━━━━━━━[0m [1m21s[0m 1s/step - accuracy: 0.8984 - auc: 0.9576 - loss: 0.3774 - precision: 0.7596 - recall: 0.9737
[1m 3/17[0m [32m━━━[0m[37m━━━━━━━━━━━━━━━━━[0m [1m20s[0m 1s/step - accuracy: 0.8976 - auc: 0.9592 - loss: 0.3778 - precision: 0.7714 - recall: 0.9623
[1m 4/17[0m [32m━━━━[0m[37m━━━━━━━━━━━━━━━━[0m [1m19s[0m 1s/step - accuracy: 0.8997 - auc: 0.9585 - loss: 0.3814 - precision: 0.7885 - recall: 0.9500
[1m 5/17[0m [32m━━━━━[0m[37m━━━━━━━━━━━━━━━[0m [1m17s[0m 1s/step - accuracy: 0.9023 - auc: 0.9570 - loss: 0.3845 - precision: 0.7991 - recall: 0.9459
[1m 6/17[0m [32m━━━━━━━[0m[37m━━━━━━━━━━━━━[0m [1m16s[0m 1s/step - accuracy: 0.9003 - auc: 0.9527 - loss: 0.3925 - precision: 0.8015 - recall: 0.9378
[1m 7/17[0m [32m━━━━━━━━[0m[37m━━━━━━━━━━━━[0m [1m15s[0m 2s/step - accuracy: 0.8967 - auc: 0.9493 - loss: 0.3993 - precision: 0.7962 - recall: 0.9310
[1m 8/17[0m [32m━━━━━━━━━[0m[37m━━━━━━━━━━━[0m [1m13s[0m 2s/step - accuracy: 0.8921 - auc: 0.9448 - loss: 0.4078 - precision: 0.7888 - recall: 0.9246
[1m 9/17[0m [32m━━━━━━━━━━[0m[37m━━━━━━━━━━[0m [1m12s[0m 2s/step - accuracy: 0.8878 - auc: 0.9403 - loss: 0.4162 - precision: 0.7843 - recall: 0.9169
[1m10/17[0m [32m━━━━━━━━━━━[0m[37m━━━━━━━━━[0m [1m10s[0m 2s/step - accuracy: 0.8825 - auc: 0.9353 - loss: 0.4256 - precision: 0.7773 - recall: 0.9093
[1m11/17[0m [32m━━━━━━━━━━━━[0m[37m━━━━━━━━[0m [1m9s[0m 2s/step - accuracy: 0.8779 - auc: 0.9309 - loss: 0.4335 - precision: 0.7703 - recall: 0.9041 
[1m12/17[0m [32m━━━━━━━━━━━━━━[0m[37m━━━━━━[0m [1m7s[0m 2s/step - accuracy: 0.8744 - auc: 0.9274 - loss: 0.4397 - precision: 0.7651 - recall: 0.8996
[1m13/17[0m [32m━━━━━━━━━━━━━━━[0m[37m━━━━━[0m [1m6s[0m 2s/step - accuracy: 0.8717 - auc: 0.9243 - loss: 0.4451 - precision: 0.7616 - recall: 0.8957
[1m14/17[0m [32m━━━━━━━━━━━━━━━━[0m[37m━━━━[0m [1m4s[0m 2s/step - accuracy: 0.8692 - auc: 0.9216 - loss: 0.4500 - precision: 0.7585 - recall: 0.8922
[1m15/17[0m [32m━━━━━━━━━━━━━━━━━[0m[37m━━━[0m [1m3s[0m 2s/step - accuracy: 0.8668 - auc: 0.9190 - loss: 0.4547 - precision: 0.7547 - recall: 0.8891
[1m16/17[0m [32m━━━━━━━━━━━━━━━━━━[0m[37m━━[0m [1m1s[0m 2s/step - accuracy: 0.8650 - auc: 0.9172 - loss: 0.4581 - precision: 0.7516 - recall: 0.8869
[1m17/17[0m [32m━━━━━━━━━━━━━━━━━━━━[0m[37m[0m [1m0s[0m 1s/step - accuracy: 0.8632 - auc: 0.9155 - loss: 0.4612 - precision: 0.7486 - recall: 0.8850
Epoch 13: val_recall did not improve from 0.00000

[1m17/17[0m [32m━━━━━━━━━━━━━━━━━━━━[0m[37m[0m [1m26s[0m 2s/step - accuracy: 0.8346 - auc: 0.8883 - loss: 0.5109 - precision: 0.7000 - recall: 0.8547 - val_accuracy: 0.6767 - val_auc: 0.6944 - val_loss: 0.6461 - val_precision: 0.0000e+00 - val_recall: 0.0000e+00 - learning_rate: 1.0000e-04
Epoch 14/80

[1m 1/17[0m [32m━[0m[37m━━━━━━━━━━━━━━━━━━━[0m [1m28s[0m 2s/step - accuracy: 0.9062 - auc: 0.9636 - loss: 0.3557 - precision: 0.7692 - recall: 1.0000
[1m 2/17[0m [32m━━[0m[37m━━━━━━━━━━━━━━━━━━[0m [1m28s[0m 2s/step - accuracy: 0.9062 - auc: 0.9584 - loss: 0.3654 - precision: 0.7759 - recall: 0.9737
[1m 3/17[0m [32m━━━[0m[37m━━━━━━━━━━━━━━━━━[0m [1m24s[0m 2s/step - accuracy: 0.9062 - auc: 0.9580 - loss: 0.3690 - precision: 0.7892 - recall: 0.9623
[1m 4/17[0m [32m━━━━[0m[37m━━━━━━━━━━━━━━━━[0m [1m21s[0m 2s/step - accuracy: 0.9062 - auc: 0.9593 - loss: 0.3699 - precision: 0.8054 - recall: 0.9445
[1m 5/17[0m [32m━━━━━[0m[37m━━━━━━━━━━━━━━━[0m [1m19s[0m 2s/step - accuracy: 0.9075 - auc: 0.9586 - loss: 0.3709 - precision: 0.8149 - recall: 0.9381
[1m 6/17[0m [32m━━━━━━━[0m[37m━━━━━━━━━━━━━[0m [1m17s[0m 2s/step - accuracy: 0.9047 - auc: 0.9546 - loss: 0.3786 - precision: 0.8160 - recall: 0.9288
[1m 7/17[0m [32m━━━━━━━━[0m[37m━━━━━━━━━━━━[0m [1m15s[0m 2s/step - accuracy: 0.9011 - auc: 0.9517 - loss: 0.3841 - precision: 0.8110 - recall: 0.9213
[1m 8/17[0m [32m━━━━━━━━━[0m[37m━━━━━━━━━━━[0m [1m13s[0m 2s/step - accuracy: 0.8968 - auc: 0.9481 - loss: 0.3912 - precision: 0.8043 - recall: 0.9146
[1m 9/17[0m [32m━━━━━━━━━━[0m[37m━━━━━━━━━━[0m [1m12s[0m 2s/step - accuracy: 0.8929 - auc: 0.9446 - loss: 0.3981 - precision: 0.8001 - recall: 0.9069
[1m10/17[0m [32m━━━━━━━━━━━[0m[37m━━━━━━━━━[0m [1m10s[0m 2s/step - accuracy: 0.8880 - auc: 0.9398 - loss: 0.4070 - precision: 0.7936 - recall: 0.8994
[1m11/17[0m [32m━━━━━━━━━━━━[0m[37m━━━━━━━━[0m [1m9s[0m 2s/step - accuracy: 0.8837 - auc: 0.9356 - loss: 0.4144 - precision: 0.7868 - recall: 0.8943 
[1m12/17[0m [32m━━━━━━━━━━━━━━[0m[37m━━━━━━[0m [1m7s[0m 2s/step - accuracy: 0.8804 - auc: 0.9322 - loss: 0.4207 - precision: 0.7817 - recall: 0.8899
[1m13/17[0m [32m━━━━━━━━━━━━━━━[0m[37m━━━━━[0m [1m6s[0m 2s/step - accuracy: 0.8777 - auc: 0.9293 - loss: 0.4260 - precision: 0.7782 - recall: 0.8862
[1m14/17[0m [32m━━━━━━━━━━━━━━━━[0m[37m━━━━[0m [1m4s[0m 2s/step - accuracy: 0.8751 - auc: 0.9268 - loss: 0.4309 - precision: 0.7748 - recall: 0.8824
[1m15/17[0m [32m━━━━━━━━━━━━━━━━━[0m[37m━━━[0m [1m3s[0m 2s/step - accuracy: 0.8726 - auc: 0.9245 - loss: 0.4354 - precision: 0.7710 - recall: 0.8787
[1m16/17[0m [32m━━━━━━━━━━━━━━━━━━[0m[37m━━[0m [1m1s[0m 2s/step - accuracy: 0.8706 - auc: 0.9227 - loss: 0.4387 - precision: 0.7676 - recall: 0.8757
[1m17/17[0m [32m━━━━━━━━━━━━━━━━━━━━[0m[37m[0m [1m0s[0m 2s/step - accuracy: 0.8686 - auc: 0.9210 - loss: 0.4420 - precision: 0.7643 - recall: 0.8731
Epoch 14: val_recall did not improve from 0.00000

[1m17/17[0m [32m━━━━━━━━━━━━━━━━━━━━[0m[37m[0m [1m27s[0m 2s/step - accuracy: 0.8365 - auc: 0.8934 - loss: 0.4940 - precision: 0.7114 - recall: 0.8314 - val_accuracy: 0.6767 - val_auc: 0.8142 - val_loss: 0.6405 - val_precision: 0.0000e+00 - val_recall: 0.0000e+00 - learning_rate: 1.0000e-04
Epoch 15/80

[1m 1/17[0m [32m━[0m[37m━━━━━━━━━━━━━━━━━━━[0m [1m28s[0m 2s/step - accuracy: 0.9062 - auc: 0.9568 - loss: 0.3794 - precision: 0.7692 - recall: 1.0000
[1m 2/17[0m [32m━━[0m[37m━━━━━━━━━━━━━━━━━━[0m [1m22s[0m 1s/step - accuracy: 0.9062 - auc: 0.9544 - loss: 0.3797 - precision: 0.7759 - recall: 0.9737
[1m 3/17[0m [32m━━━[0m[37m━━━━━━━━━━━━━━━━━[0m [1m20s[0m 1s/step - accuracy: 0.9097 - auc: 0.9525 - loss: 0.3838 - precision: 0.7966 - recall: 0.9623
[1m 4/17[0m [32m━━━━[0m[37m━━━━━━━━━━━━━━━━[0m [1m18s[0m 1s/step - accuracy: 0.9108 - auc: 0.9519 - loss: 0.3859 - precision: 0.8155 - recall: 0.9445
[1m 5/17[0m [32m━━━━━[0m[37m━━━━━━━━━━━━━━━[0m [1m17s[0m 1s/step - accuracy: 0.9124 - auc: 0.9520 - loss: 0.3846 - precision: 0.8257 - recall: 0.9381
[1m 6/17[0m [32m━━━━━━━[0m[37m━━━━━━━━━━━━━[0m [1m16s[0m 1s/step - accuracy: 0.9096 - auc: 0.9490 - loss: 0.3901 - precision: 0.8270 - recall: 0.9288
[1m 7/17[0m [32m━━━━━━━━[0m[37m━━━━━━━━━━━━[0m [1m14s[0m 1s/step - accuracy: 0.9060 - auc: 0.9465 - loss: 0.3945 - precision: 0.8217 - recall: 0.9213
[1m 8/17[0m [32m━━━━━━━━━[0m[37m━━━━━━━━━━━[0m [1m13s[0m 2s/step - accuracy: 0.9006 - auc: 0.9428 - loss: 0.4019 - precision: 0.8134 - recall: 0.9131
[1m 9/17[0m [32m━━━━━━━━━━[0m[37m━━━━━━━━━━[0m [1m12s[0m 2s/step - accuracy: 0.8955 - auc: 0.9395 - loss: 0.4089 - precision: 0.8072 - recall: 0.9044
[1m10/17[0m [32m━━━━━━━━━━━[0m[37m━━━━━━━━━[0m [1m10s[0m 2s/step - accuracy: 0.8897 - auc: 0.9353 - loss: 0.4174 - precision: 0.7992 - recall: 0.8962
[1m11/17[0m [32m━━━━━━━━━━━━[0m[37m━━━━━━━━[0m [1m9s[0m 2s/step - accuracy: 0.8847 - auc: 0.9313 - loss: 0.4248 - precision: 0.7912 - recall: 0.8906 
[1m12/17[0m [32m━━━━━━━━━━━━━━[0m[37m━━━━━━[0m [1m7s[0m 2s/step - accuracy: 0.8809 - auc: 0.9280 - loss: 0.4308 - precision: 0.7852 - recall: 0.8859
[1m13/17[0m [32m━━━━━━━━━━━━━━━[0m[37m━━━━━[0m [1m6s[0m 2s/step - accuracy: 0.8776 - auc: 0.9253 - loss: 0.4358 - precision: 0.7808 - recall: 0.8814
[1m14/17[0m [32m━━━━━━━━━━━━━━━━[0m[37m━━━━[0m [1m4s[0m 2s/step - accuracy: 0.8746 - auc: 0.9228 - loss: 0.4406 - precision: 0.7767 - recall: 0.8770
[1m15/17[0m [32m━━━━━━━━━━━━━━━━━[0m[37m━━━[0m [1m3s[0m 2s/step - accuracy: 0.8717 - auc: 0.9203 - loss: 0.4451 - precision: 0.7722 - recall: 0.8728
[1m16/17[0m [32m━━━━━━━━━━━━━━━━━━[0m[37m━━[0m [1m1s[0m 2s/step - accuracy: 0.8693 - auc: 0.9185 - loss: 0.4485 - precision: 0.7683 - recall: 0.8694
[1m17/17[0m [32m━━━━━━━━━━━━━━━━━━━━[0m[37m[0m [1m0s[0m 1s/step - accuracy: 0.8670 - auc: 0.9168 - loss: 0.4517 - precision: 0.7645 - recall: 0.8661
Epoch 15: val_recall did not improve from 0.00000

[1m17/17[0m [32m━━━━━━━━━━━━━━━━━━━━[0m[37m[0m [1m27s[0m 2s/step - accuracy: 0.8289 - auc: 0.8893 - loss: 0.5028 - precision: 0.7035 - recall: 0.8140 - val_accuracy: 0.6767 - val_auc: 0.8415 - val_loss: 0.6358 - val_precision: 0.0000e+00 - val_recall: 0.0000e+00 - learning_rate: 1.0000e-04
Epoch 16/80

[1m 1/17[0m [32m━[0m[37m━━━━━━━━━━━━━━━━━━━[0m [1m25s[0m 2s/step - accuracy: 0.9062 - auc: 0.9364 - loss: 0.3842 - precision: 0.7692 - recall: 1.0000
[1m 2/17[0m [32m━━[0m[37m━━━━━━━━━━━━━━━━━━[0m [1m26s[0m 2s/step - accuracy: 0.8984 - auc: 0.9407 - loss: 0.3820 - precision: 0.7596 - recall: 0.9737
[1m 3/17[0m [32m━━━[0m[37m━━━━━━━━━━━━━━━━━[0m [1m23s[0m 2s/step - accuracy: 0.8976 - auc: 0.9464 - loss: 0.3800 - precision: 0.7714 - recall: 0.9623
[1m 4/17[0m [32m━━━━[0m[37m━━━━━━━━━━━━━━━━[0m [1m20s[0m 2s/step - accuracy: 0.8997 - auc: 0.9493 - loss: 0.3804 - precision: 0.7885 - recall: 0.9500
[1m 5/17[0m [32m━━━━━[0m[37m━━━━━━━━━━━━━━━[0m [1m18s[0m 2s/step - accuracy: 0.9023 - auc: 0.9506 - loss: 0.3790 - precision: 0.7991 - recall: 0.9459
[1m 6/17[0m [32m━━━━━━━[0m[37m━━━━━━━━━━━━━[0m [1m17s[0m 2s/step - accuracy: 0.9003 - auc: 0.9501 - loss: 0.3822 - precision: 0.8015 - recall: 0.9378
[1m 7/17[0m [32m━━━━━━━━[0m[37m━━━━━━━━━━━━[0m [1m15s[0m 2s/step - accuracy: 0.8974 - auc: 0.9490 - loss: 0.3850 - precision: 0.7975 - recall: 0.9310
[1m 8/17[0m [32m━━━━━━━━━[0m[37m━━━━━━━━━━━[0m [1m13s[0m 2s/step - accuracy: 0.8931 - auc: 0.9464 - loss: 0.3909 - precision: 0.7909 - recall: 0.9246
[1m 9/17[0m [32m━━━━━━━━━━[0m[37m━━━━━━━━━━[0m [1m12s[0m 2s/step - accuracy: 0.8892 - auc: 0.9434 - loss: 0.3975 - precision: 0.7869 - recall: 0.9169
[1m10/17[0m [32m━━━━━━━━━━━[0m[37m━━━━━━━━━[0m [1m10s[0m 2s/step - accuracy: 0.8843 - auc: 0.9393 - loss: 0.4056 - precision: 0.7808 - recall: 0.9093
[1m11/17[0m [32m━━━━━━━━━━━━[0m[37m━━━━━━━━[0m [1m9s[0m 2s/step - accuracy: 0.8801 - auc: 0.9355 - loss: 0.4126 - precision: 0.7744 - recall: 0.9041 
[1m12/17[0m [32m━━━━━━━━━━━━━━[0m[37m━━━━━━[0m [1m7s[0m 2s/step - accuracy: 0.8766 - auc: 0.9325 - loss: 0.4181 - precision: 0.7695 - recall: 0.8989
[1m13/17[0m [32m━━━━━━━━━━━━━━━[0m[37m━━━━━[0m [1m6s[0m 2s/step - accuracy: 0.8739 - auc: 0.9302 - loss: 0.4225 - precision: 0.7662 - recall: 0.8945
[1m14/17[0m [32m━━━━━━━━━━━━━━━━[0m[37m━━━━[0m [1m4s[0m 2s/step - accuracy: 0.8715 - auc: 0.9279 - loss: 0.4269 - precision: 0.7634 - recall: 0.8901
[1m15/17[0m [32m━━━━━━━━━━━━━━━━━[0m[37m━━━[0m [1m3s[0m 2s/step - accuracy: 0.8689 - auc: 0.9258 - loss: 0.4309 - precision: 0.7599 - recall: 0.8855
[1m16/17[0m [32m━━━━━━━━━━━━━━━━━━[0m[37m━━[0m [1m1s[0m 2s/step - accuracy: 0.8670 - auc: 0.9242 - loss: 0.4338 - precision: 0.7570 - recall: 0.8820
[1m17/17[0m [32m━━━━━━━━━━━━━━━━━━━━[0m[37m[0m [1m0s[0m 1s/step - accuracy: 0.8651 - auc: 0.9226 - loss: 0.4368 - precision: 0.7541 - recall: 0.8791
Epoch 16: val_recall did not improve from 0.00000

[1m17/17[0m [32m━━━━━━━━━━━━━━━━━━━━[0m[37m[0m [1m27s[0m 2s/step - accuracy: 0.8346 - auc: 0.8968 - loss: 0.4843 - precision: 0.7079 - recall: 0.8314 - val_accuracy: 0.6767 - val_auc: 0.8416 - val_loss: 0.6319 - val_precision: 0.0000e+00 - val_recall: 0.0000e+00 - learning_rate: 1.0000e-04
Epoch 17/80

[1m 1/17[0m [32m━[0m[37m━━━━━━━━━━━━━━━━━━━[0m [1m23s[0m 1s/step - accuracy: 0.9375 - auc: 0.9364 - loss: 0.3633 - precision: 0.8333 - recall: 1.0000
[1m 2/17[0m [32m━━[0m[37m━━━━━━━━━━━━━━━━━━[0m [1m25s[0m 2s/step - accuracy: 0.9297 - auc: 0.9369 - loss: 0.3709 - precision: 0.8258 - recall: 0.9737
[1m 3/17[0m [32m━━━[0m[37m━━━━━━━━━━━━━━━━━[0m [1m24s[0m 2s/step - accuracy: 0.9219 - auc: 0.9403 - loss: 0.3731 - precision: 0.8224 - recall: 0.9623
[1m 4/17[0m [32m━━━━[0m[37m━━━━━━━━━━━━━━━━[0m [1m21s[0m 2s/step - accuracy: 0.9180 - auc: 0.9420 - loss: 0.3773 - precision: 0.8304 - recall: 0.9445
[1m 5/17[0m [32m━━━━━[0m[37m━━━━━━━━━━━━━━━[0m [1m20s[0m 2s/step - accuracy: 0.9169 - auc: 0.9423 - loss: 0.3791 - precision: 0.8348 - recall: 0.9381
[1m 6/17[0m [32m━━━━━━━[0m[37m━━━━━━━━━━━━━[0m [1m19s[0m 2s/step - accuracy: 0.9125 - auc: 0.9398 - loss: 0.3861 - precision: 0.8326 - recall: 0.9288
[1m 7/17[0m [32m━━━━━━━━[0m[37m━━━━━━━━━━━━[0m [1m19s[0m 2s/step - accuracy: 0.9078 - auc: 0.9375 - loss: 0.3917 - precision: 0.8252 - recall: 0.9213
[1m 8/17[0m [32m━━━━━━━━━[0m[37m━━━━━━━━━━━[0m [1m17s[0m 2s/step - accuracy: 0.9022 - auc: 0.9341 - loss: 0.3993 - precision: 0.8158 - recall: 0.9146
[1m 9/17[0m [32m━━━━━━━━━━[0m[37m━━━━━━━━━━[0m [1m15s[0m 2s/step - accuracy: 0.8973 - auc: 0.9311 - loss: 0.4063 - precision: 0.8095 - recall: 0.9069
[1m10/17[0m [32m━━━━━━━━━━━[0m[37m━━━━━━━━━[0m [1m13s[0m 2s/step - accuracy: 0.8916 - auc: 0.9272 - loss: 0.4147 - precision: 0.8015 - recall: 0.8994
[1m11/17[0m [32m━━━━━━━━━━━━[0m[37m━━━━━━━━[0m [1m12s[0m 2s/step - accuracy: 0.8867 - auc: 0.9237 - loss: 0.4220 - precision: 0.7935 - recall: 0.8943
[1m12/17[0m [32m━━━━━━━━━━━━━━[0m[37m━━━━━━[0m [1m10s[0m 2s/step - accuracy: 0.8827 - auc: 0.9208 - loss: 0.4279 - precision: 0.7873 - recall: 0.8892
[1m13/17[0m [32m━━━━━━━━━━━━━━━[0m[37m━━━━━[0m [1m8s[0m 2s/step - accuracy: 0.8795 - auc: 0.9185 - loss: 0.4329 - precision: 0.7829 - recall: 0.8850 
[1m14/17[0m [32m━━━━━━━━━━━━━━━━[0m[37m━━━━[0m [1m6s[0m 2s/step - accuracy: 0.8763 - auc: 0.9164 - loss: 0.4375 - precision: 0.7786 - recall: 0.8804
[1m15/17[0m [32m━━━━━━━━━━━━━━━━━[0m[37m━━━[0m [1m4s[0m 2s/step - accuracy: 0.8735 - auc: 0.9145 - loss: 0.4415 - precision: 0.7743 - recall: 0.8760
[1m16/17[0m [32m━━━━━━━━━━━━━━━━━━[0m[37m━━[0m [1m2s[0m 2s/step - accuracy: 0.8714 - auc: 0.9133 - loss: 0.4442 - precision: 0.7709 - recall: 0.8727
[1m17/17[0m [32m━━━━━━━━━━━━━━━━━━━━[0m[37m[0m [1m0s[0m 2s/step - accuracy: 0.8693 - auc: 0.9122 - loss: 0.4468 - precision: 0.7675 - recall: 0.8700
Epoch 17: val_recall did not improve from 0.00000

[1m17/17[0m [32m━━━━━━━━━━━━━━━━━━━━[0m[37m[0m [1m37s[0m 2s/step - accuracy: 0.8365 - auc: 0.8942 - loss: 0.4878 - precision: 0.7136 - recall: 0.8256 - val_accuracy: 0.6767 - val_auc: 0.8391 - val_loss: 0.6276 - val_precision: 0.0000e+00 - val_recall: 0.0000e+00 - learning_rate: 1.0000e-04
Epoch 18/80

[1m 1/17[0m [32m━[0m[37m━━━━━━━━━━━━━━━━━━━[0m [1m1:42[0m 6s/step - accuracy: 0.9375 - auc: 0.9682 - loss: 0.3152 - precision: 0.8333 - recall: 1.0000
[1m 2/17[0m [32m━━[0m[37m━━━━━━━━━━━━━━━━━━[0m [1m30s[0m 2s/step - accuracy: 0.9219 - auc: 0.9654 - loss: 0.3264 - precision: 0.8214 - recall: 0.9474 
[1m 3/17[0m [32m━━━[0m[37m━━━━━━━━━━━━━━━━━[0m [1m29s[0m 2s/step - accuracy: 0.9236 - auc: 0.9647 - loss: 0.3359 - precision: 0.8417 - recall: 0.9346
[1m 4/17[0m [32m━━━━[0m[37m━━━━━━━━━━━━━━━━[0m [1m29s[0m 2s/step - accuracy: 0.9232 - auc: 0.9644 - loss: 0.3435 - precision: 0.8586 - recall: 0.9183
[1m 5/17[0m [32m━━━━━[0m[37m━━━━━━━━━━━━━━━[0m [1m26s[0m 2s/step - accuracy: 0.9235 - auc: 0.9623 - loss: 0.3485 - precision: 0.8658 - recall: 0.9136
[1m 6/17[0m [32m━━━━━━━[0m[37m━━━━━━━━━━━━━[0m [1m23s[0m 2s/step - accuracy: 0.9198 - auc: 0.9579 - loss: 0.3588 - precision: 0.8640 - recall: 0.9060
[1m 7/17[0m [32m━━━━━━━━[0m[37m━━━━━━━━━━━━[0m [1m21s[0m 2s/step - accuracy: 0.9153 - auc: 0.9545 - loss: 0.3661 - precision: 0.8560 - recall: 0.8998
[1m 8/17[0m [32m━━━━━━━━━[0m[37m━━━━━━━━━━━[0m [1m18s[0m 2s/step - accuracy: 0.9098 - auc: 0.9501 - loss: 0.3759 - precision: 0.8454 - recall: 0.8943
[1m 9/17[0m [32m━━━━━━━━━━[0m[37m━━━━━━━━━━[0m [1m16s[0m 2s/step - accuracy: 0.9044 - auc: 0.9460 - loss: 0.3851 - precision: 0.8372 - recall: 0.8877
[1m10/17[0m [32m━━━━━━━━━━━[0m[37m━━━━━━━━━[0m [1m14s[0m 2s/step - accuracy: 0.8980 - auc: 0.9409 - loss: 0.3958 - precision: 0.8268 - recall: 0.8812
[1m11/17[0m [32m━━━━━━━━━━━━[0m[37m━━━━━━━━[0m [1m12s[0m 2s/step - accuracy: 0.8925 - auc: 0.9361 - loss: 0.4049 - precision: 0.8168 - recall: 0.8770
[1m12/17[0m [32m━━━━━━━━━━━━━━[0m[37m━━━━━━[0m [1m10s[0m 2s/step - accuracy: 0.8883 - auc: 0.9323 - loss: 0.4123 - precision: 0.8091 - recall: 0.8733
[1m13/17[0m [32m━━━━━━━━━━━━━━━[0m[37m━━━━━[0m [1m8s[0m 2s/step - accuracy: 0.8848 - auc: 0.9292 - loss: 0.4183 - precision: 0.8033 - recall: 0.8703 
[1m14/17[0m [32m━━━━━━━━━━━━━━━━[0m[37m━━━━[0m [1m6s[0m 2s/step - accuracy: 0.8816 - auc: 0.9265 - loss: 0.4238 - precision: 0.7980 - recall: 0.8672
[1m15/17[0m [32m━━━━━━━━━━━━━━━━━[0m[37m━━━[0m [1m4s[0m 2s/step - accuracy: 0.8785 - auc: 0.9239 - loss: 0.4289 - precision: 0.7925 - recall: 0.8641
[1m16/17[0m [32m━━━━━━━━━━━━━━━━━━[0m[37m━━[0m [1m2s[0m 2s/step - accuracy: 0.8761 - auc: 0.9220 - loss: 0.4325 - precision: 0.7878 - recall: 0.8620
[1m17/17[0m [32m━━━━━━━━━━━━━━━━━━━━[0m[37m[0m [1m0s[0m 2s/step - accuracy: 0.8738 - auc: 0.9204 - loss: 0.4359 - precision: 0.7833 - recall: 0.8602
Epoch 18: val_recall did not improve from 0.00000

[1m17/17[0m [32m━━━━━━━━━━━━━━━━━━━━[0m[37m[0m [1m40s[0m 2s/step - accuracy: 0.8365 - auc: 0.8936 - loss: 0.4896 - precision: 0.7114 - recall: 0.8314 - val_accuracy: 0.6767 - val_auc: 0.8606 - val_loss: 0.6247 - val_precision: 0.0000e+00 - val_recall: 0.0000e+00 - learning_rate: 1.0000e-04
Epoch 19/80

[1m 1/17[0m [32m━[0m[37m━━━━━━━━━━━━━━━━━━━[0m [1m1:51[0m 7s/step - accuracy: 0.9375 - auc: 0.9432 - loss: 0.3531 - precision: 0.8333 - recall: 1.0000
[1m 2/17[0m [32m━━[0m[37m━━━━━━━━━━━━━━━━━━[0m [1m37s[0m 3s/step - accuracy: 0.9297 - auc: 0.9456 - loss: 0.3584 - precision: 0.8258 - recall: 0.9737 
[1m 3/17[0m [32m━━━[0m[37m━━━━━━━━━━━━━━━━━[0m [1m31s[0m 2s/step - accuracy: 0.9219 - auc: 0.9487 - loss: 0.3619 - precision: 0.8283 - recall: 0.9522
[1m 4/17[0m [32m━━━━[0m[37m━━━━━━━━━━━━━━━━[0m [1m26s[0m 2s/step - accuracy: 0.9160 - auc: 0.9511 - loss: 0.3650 - precision: 0.8379 - recall: 0.9261
[1m 5/17[0m [32m━━━━━[0m[37m━━━━━━━━━━━━━━━[0m [1m22s[0m 2s/step - accuracy: 0.9141 - auc: 0.9516 - loss: 0.3666 - precision: 0.8427 - recall: 0.9163
[1m 6/17[0m [32m━━━━━━━[0m[37m━━━━━━━━━━━━━[0m [1m19s[0m 2s/step - accuracy: 0.9093 - auc: 0.9490 - loss: 0.3729 - precision: 0.8404 - recall: 0.9057
[1m 7/17[0m [32m━━━━━━━━[0m[37m━━━━━━━━━━━━[0m [1m17s[0m 2s/step - accuracy: 0.9044 - auc: 0.9466 - loss: 0.3780 - precision: 0.8324 - recall: 0.8977
[1m 8/17[0m [32m━━━━━━━━━[0m[37m━━━━━━━━━━━[0m [1m15s[0m 2s/step - accuracy: 0.8988 - auc: 0.9430 - loss: 0.3855 - precision: 0.8225 - recall: 0.8909
[1m 9/17[0m [32m━━━━━━━━━━[0m[37m━━━━━━━━━━[0m [1m13s[0m 2s/step - accuracy: 0.8938 - auc: 0.9392 - loss: 0.3936 - precision: 0.8157 - recall: 0.8835
[1m10/17[0m [32m━━━━━━━━━━━[0m[37m━━━━━━━━━[0m [1m11s[0m 2s/step - accuracy: 0.8885 - auc: 0.9348 - loss: 0.4025 - precision: 0.8075 - recall: 0.8774
[1m11/17[0m [32m━━━━━━━━━━━━[0m[37m━━━━━━━━[0m [1m9s[0m 2s/step - accuracy: 0.8839 - auc: 0.9313 - loss: 0.4095 - precision: 0.7992 - recall: 0.8736 
[1m12/17[0m [32m━━━━━━━━━━━━━━[0m[37m━━━━━━[0m [1m8s[0m 2s/step - accuracy: 0.8801 - auc: 0.9282 - loss: 0.4156 - precision: 0.7928 - recall: 0.8695
[1m13/17[0m [32m━━━━━━━━━━━━━━━[0m[37m━━━━━[0m [1m6s[0m 2s/step - accuracy: 0.8771 - auc: 0.9258 - loss: 0.4207 - precision: 0.7882 - recall: 0.8663
[1m14/17[0m [32m━━━━━━━━━━━━━━━━[0m[37m━━━━[0m [1m5s[0m 2s/step - accuracy: 0.8744 - auc: 0.9236 - loss: 0.4254 - precision: 0.7840 - recall: 0.8635
[1m15/17[0m [32m━━━━━━━━━━━━━━━━━[0m[37m━━━[0m [1m3s[0m 2s/step - accuracy: 0.8718 - auc: 0.9215 - loss: 0.4296 - precision: 0.7794 - recall: 0.8606
[1m16/17[0m [32m━━━━━━━━━━━━━━━━━━[0m[37m━━[0m [1m1s[0m 2s/step - accuracy: 0.8700 - auc: 0.9199 - loss: 0.4328 - precision: 0.7757 - recall: 0.8587
[1m17/17[0m [32m━━━━━━━━━━━━━━━━━━━━[0m[37m[0m [1m0s[0m 2s/step - accuracy: 0.8681 - auc: 0.9184 - loss: 0.4358 - precision: 0.7722 - recall: 0.8571
Epoch 19: val_recall did not improve from 0.00000

[1m17/17[0m [32m━━━━━━━━━━━━━━━━━━━━[0m[37m[0m [1m35s[0m 2s/step - accuracy: 0.8383 - auc: 0.8941 - loss: 0.4839 - precision: 0.7150 - recall: 0.8314 - val_accuracy: 0.6767 - val_auc: 0.8499 - val_loss: 0.6219 - val_precision: 0.0000e+00 - val_recall: 0.0000e+00 - learning_rate: 1.0000e-04
Epoch 20/80

[1m 1/17[0m [32m━[0m[37m━━━━━━━━━━━━━━━━━━━[0m [1m22s[0m 1s/step - accuracy: 0.9375 - auc: 0.9614 - loss: 0.3341 - precision: 0.8333 - recall: 1.0000
[1m 2/17[0m [32m━━[0m[37m━━━━━━━━━━━━━━━━━━[0m [1m26s[0m 2s/step - accuracy: 0.9297 - auc: 0.9602 - loss: 0.3416 - precision: 0.8258 - recall: 0.9737
[1m 3/17[0m [32m━━━[0m[37m━━━━━━━━━━━━━━━━━[0m [1m25s[0m 2s/step - accuracy: 0.9219 - auc: 0.9615 - loss: 0.3472 - precision: 0.8224 - recall: 0.9623
[1m 4/17[0m [32m━━━━[0m[37m━━━━━━━━━━━━━━━━[0m [1m23s[0m 2s/step - accuracy: 0.9180 - auc: 0.9622 - loss: 0.3534 - precision: 0.8304 - recall: 0.9445
[1m 5/17[0m [32m━━━━━[0m[37m━━━━━━━━━━━━━━━[0m [1m20s[0m 2s/step - accuracy: 0.9169 - auc: 0.9614 - loss: 0.3562 - precision: 0.8348 - recall: 0.9381
[1m 6/17[0m [32m━━━━━━━[0m[37m━━━━━━━━━━━━━[0m [1m19s[0m 2s/step - accuracy: 0.9125 - auc: 0.9592 - loss: 0.3621 - precision: 0.8326 - recall: 0.9288
[1m 7/17[0m [32m━━━━━━━━[0m[37m━━━━━━━━━━━━[0m [1m17s[0m 2s/step - accuracy: 0.9078 - auc: 0.9572 - loss: 0.3662 - precision: 0.8252 - recall: 0.9213
[1m 8/17[0m [32m━━━━━━━━━[0m[37m━━━━━━━━━━━[0m [1m16s[0m 2s/step - accuracy: 0.9022 - auc: 0.9542 - loss: 0.3728 - precision: 0.8158 - recall: 0.9146
[1m 9/17[0m [32m━━━━━━━━━━[0m[37m━━━━━━━━━━[0m [1m14s[0m 2s/step - accuracy: 0.8973 - auc: 0.9517 - loss: 0.3791 - precision: 0.8095 - recall: 0.9069
[1m10/17[0m [32m━━━━━━━━━━━[0m[37m━━━━━━━━━[0m [1m12s[0m 2s/step - accuracy: 0.8919 - auc: 0.9478 - loss: 0.3873 - precision: 0.8017 - recall: 0.9003
[1m11/17[0m [32m━━━━━━━━━━━━[0m[37m━━━━━━━━[0m [1m10s[0m 2s/step - accuracy: 0.8873 - auc: 0.9438 - loss: 0.3946 - precision: 0.7939 - recall: 0.8960
[1m12/17[0m [32m━━━━━━━━━━━━━━[0m[37m━━━━━━[0m [1m8s[0m 2s/step - accuracy: 0.8834 - auc: 0.9405 - loss: 0.4008 - precision: 0.7878 - recall: 0.8914 
[1m13/17[0m [32m━━━━━━━━━━━━━━━[0m[37m━━━━━[0m [1m6s[0m 2s/step - accuracy: 0.8804 - auc: 0.9377 - loss: 0.4060 - precision: 0.7835 - recall: 0.8876
[1m14/17[0m [32m━━━━━━━━━━━━━━━━[0m[37m━━━━[0m [1m5s[0m 2s/step - accuracy: 0.8774 - auc: 0.9353 - loss: 0.4109 - precision: 0.7794 - recall: 0.8837
[1m15/17[0m [32m━━━━━━━━━━━━━━━━━[0m[37m━━━[0m [1m3s[0m 2s/step - accuracy: 0.8748 - auc: 0.9329 - loss: 0.4152 - precision: 0.7752 - recall: 0.8799
[1m16/17[0m [32m━━━━━━━━━━━━━━━━━━[0m[37m━━[0m [1m1s[0m 2s/step - accuracy: 0.8728 - auc: 0.9312 - loss: 0.4184 - precision: 0.7719 - recall: 0.8772
[1m17/17[0m [32m━━━━━━━━━━━━━━━━━━━━[0m[37m[0m [1m0s[0m 2s/step - accuracy: 0.8709 - auc: 0.9297 - loss: 0.4213 - precision: 0.7687 - recall: 0.8748
Epoch 20: val_recall did not improve from 0.00000

[1m17/17[0m [32m━━━━━━━━━━━━━━━━━━━━[0m[37m[0m [1m29s[0m 2s/step - accuracy: 0.8402 - auc: 0.9044 - loss: 0.4690 - precision: 0.7164 - recall: 0.8372 - val_accuracy: 0.6767 - val_auc: 0.8886 - val_loss: 0.6144 - val_precision: 0.0000e+00 - val_recall: 0.0000e+00 - learning_rate: 1.0000e-04
Epoch 21/80

[1m 1/17[0m [32m━[0m[37m━━━━━━━━━━━━━━━━━━━[0m [1m24s[0m 2s/step - accuracy: 0.9375 - auc: 0.9182 - loss: 0.3614 - precision: 0.8333 - recall: 1.0000
[1m 2/17[0m [32m━━[0m[37m━━━━━━━━━━━━━━━━━━[0m [1m22s[0m 1s/step - accuracy: 0.9297 - auc: 0.9299 - loss: 0.3575 - precision: 0.8258 - recall: 0.9737
[1m 3/17[0m [32m━━━[0m[37m━━━━━━━━━━━━━━━━━[0m [1m20s[0m 1s/step - accuracy: 0.9253 - auc: 0.9366 - loss: 0.3586 - precision: 0.8298 - recall: 0.9623
[1m 4/17[0m [32m━━━━[0m[37m━━━━━━━━━━━━━━━━[0m [1m18s[0m 1s/step - accuracy: 0.9245 - auc: 0.9424 - loss: 0.3569 - precision: 0.8411 - recall: 0.9500
[1m 5/17[0m [32m━━━━━[0m[37m━━━━━━━━━━━━━━━[0m [1m17s[0m 1s/step - accuracy: 0.9246 - auc: 0.9442 - loss: 0.3566 - precision: 0.8466 - recall: 0.9459
[1m 6/17[0m [32m━━━━━━━[0m[37m━━━━━━━━━━━━━[0m [1m16s[0m 1s/step - accuracy: 0.9207 - auc: 0.9417 - loss: 0.3639 - precision: 0.8448 - recall: 0.9378
[1m 7/17[0m [32m━━━━━━━━[0m[37m━━━━━━━━━━━━[0m [1m14s[0m 1s/step - accuracy: 0.9167 - auc: 0.9395 - loss: 0.3696 - precision: 0.8377 - recall: 0.9330
[1m 8/17[0m [32m━━━━━━━━━[0m[37m━━━━━━━━━━━[0m [1m13s[0m 1s/step - accuracy: 0.9120 - auc: 0.9371 - loss: 0.3761 - precision: 0.8287 - recall: 0.9293
[1m 9/17[0m [32m━━━━━━━━━━[0m[37m━━━━━━━━━━[0m [1m11s[0m 1s/step - accuracy: 0.9075 - auc: 0.9348 - loss: 0.3825 - precision: 0.8224 - recall: 0.9234
[1m10/17[0m [32m━━━━━━━━━━━[0m[37m━━━━━━━━━[0m [1m10s[0m 1s/step - accuracy: 0.9017 - auc: 0.9313 - loss: 0.3906 - precision: 0.8138 - recall: 0.9171
[1m11/17[0m [32m━━━━━━━━━━━━[0m[37m━━━━━━━━[0m [1m8s[0m 1s/step - accuracy: 0.8967 - auc: 0.9283 - loss: 0.3972 - precision: 0.8052 - recall: 0.9127 
[1m12/17[0m [32m━━━━━━━━━━━━━━[0m[37m━━━━━━[0m [1m7s[0m 1s/step - accuracy: 0.8925 - auc: 0.9260 - loss: 0.4025 - precision: 0.7985 - recall: 0.9081
[1m13/17[0m [32m━━━━━━━━━━━━━━━[0m[37m━━━━━[0m [1m5s[0m 1s/step - accuracy: 0.8889 - auc: 0.9241 - loss: 0.4070 - precision: 0.7935 - recall: 0.9035
[1m14/17[0m [32m━━━━━━━━━━━━━━━━[0m[37m━━━━[0m [1m4s[0m 2s/step - accuracy: 0.8859 - auc: 0.9225 - loss: 0.4111 - precision: 0.7892 - recall: 0.8995
[1m15/17[0m [32m━━━━━━━━━━━━━━━━━[0m[37m━━━[0m [1m3s[0m 2s/step - accuracy: 0.8832 - auc: 0.9209 - loss: 0.4148 - precision: 0.7851 - recall: 0.8955
[1m16/17[0m [32m━━━━━━━━━━━━━━━━━━[0m[37m━━[0m [1m1s[0m 2s/step - accuracy: 0.8812 - auc: 0.9198 - loss: 0.4174 - precision: 0.7819 - recall: 0.8926
[1m17/17[0m [32m━━━━━━━━━━━━━━━━━━━━[0m[37m[0m [1m0s[0m 1s/step - accuracy: 0.8793 - auc: 0.9186 - loss: 0.4202 - precision: 0.7786 - recall: 0.8900
Epoch 21: val_recall did not improve from 0.00000

[1m17/17[0m [32m━━━━━━━━━━━━━━━━━━━━[0m[37m[0m [1m26s[0m 2s/step - accuracy: 0.8477 - auc: 0.8994 - loss: 0.4651 - precision: 0.7264 - recall: 0.8488 - val_accuracy: 0.6767 - val_auc: 0.8932 - val_loss: 0.6071 - val_precision: 0.0000e+00 - val_recall: 0.0000e+00 - learning_rate: 1.0000e-04
Epoch 22/80

[1m 1/17[0m [32m━[0m[37m━━━━━━━━━━━━━━━━━━━[0m [1m24s[0m 2s/step - accuracy: 0.9375 - auc: 0.9545 - loss: 0.3337 - precision: 0.8333 - recall: 1.0000
[1m 2/17[0m [32m━━[0m[37m━━━━━━━━━━━━━━━━━━[0m [1m21s[0m 1s/step - accuracy: 0.9219 - auc: 0.9580 - loss: 0.3309 - precision: 0.8214 - recall: 0.9474
[1m 3/17[0m [32m━━━[0m[37m━━━━━━━━━━━━━━━━━[0m [1m20s[0m 1s/step - accuracy: 0.9236 - auc: 0.9603 - loss: 0.3305 - precision: 0.8417 - recall: 0.9346
[1m 4/17[0m [32m━━━━[0m[37m━━━━━━━━━━━━━━━━[0m [1m19s[0m 1s/step - accuracy: 0.9232 - auc: 0.9623 - loss: 0.3307 - precision: 0.8586 - recall: 0.9183
[1m 5/17[0m [32m━━━━━[0m[37m━━━━━━━━━━━━━━━[0m [1m17s[0m 1s/step - accuracy: 0.9235 - auc: 0.9622 - loss: 0.3307 - precision: 0.8658 - recall: 0.9136
[1m 6/17[0m [32m━━━━━━━[0m[37m━━━━━━━━━━━━━[0m [1m16s[0m 1s/step - accuracy: 0.9198 - auc: 0.9590 - loss: 0.3381 - precision: 0.8640 - recall: 0.9060
[1m 7/17[0m [32m━━━━━━━━[0m[37m━━━━━━━━━━━━[0m [1m15s[0m 2s/step - accuracy: 0.9153 - auc: 0.9558 - loss: 0.3447 - precision: 0.8560 - recall: 0.8998
[1m 8/17[0m [32m━━━━━━━━━[0m[37m━━━━━━━━━━━[0m [1m13s[0m 2s/step - accuracy: 0.9098 - auc: 0.9518 - loss: 0.3532 - precision: 0.8454 - recall: 0.8943
[1m 9/17[0m [32m━━━━━━━━━━[0m[37m━━━━━━━━━━[0m [1m12s[0m 2s/step - accuracy: 0.9048 - auc: 0.9477 - loss: 0.3627 - precision: 0.8380 - recall: 0.8877
[1m10/17[0m [32m━━━━━━━━━━━[0m[37m━━━━━━━━━[0m [1m10s[0m 2s/step - accuracy: 0.8987 - auc: 0.9430 - loss: 0.3731 - precision: 0.8282 - recall: 0.8812
[1m11/17[0m [32m━━━━━━━━━━━━[0m[37m━━━━━━━━[0m [1m9s[0m 2s/step - accuracy: 0.8934 - auc: 0.9390 - loss: 0.3817 - precision: 0.8185 - recall: 0.8770 
[1m12/17[0m [32m━━━━━━━━━━━━━━[0m[37m━━━━━━[0m [1m7s[0m 2s/step - accuracy: 0.8891 - auc: 0.9357 - loss: 0.3888 - precision: 0.8109 - recall: 0.8727
[1m13/17[0m [32m━━━━━━━━━━━━━━━[0m[37m━━━━━[0m [1m6s[0m 2s/step - accuracy: 0.8854 - auc: 0.9331 - loss: 0.3946 - precision: 0.8051 - recall: 0.8686
[1m14/17[0m [32m━━━━━━━━━━━━━━━━[0m[37m━━━━[0m [1m4s[0m 2s/step - accuracy: 0.8821 - auc: 0.9309 - loss: 0.3996 - precision: 0.7999 - recall: 0.8651
[1m15/17[0m [32m━━━━━━━━━━━━━━━━━[0m[37m━━━[0m [1m3s[0m 2s/step - accuracy: 0.8790 - auc: 0.9289 - loss: 0.4041 - precision: 0.7944 - recall: 0.8617
[1m16/17[0m [32m━━━━━━━━━━━━━━━━━━[0m[37m━━[0m [1m1s[0m 2s/step - accuracy: 0.8765 - auc: 0.9273 - loss: 0.4075 - precision: 0.7897 - recall: 0.8594
[1m17/17[0m [32m━━━━━━━━━━━━━━━━━━━━[0m[37m[0m [1m0s[0m 1s/step - accuracy: 0.8742 - auc: 0.9258 - loss: 0.4109 - precision: 0.7852 - recall: 0.8574
Epoch 22: val_recall did not improve from 0.00000

[1m17/17[0m [32m━━━━━━━━━━━━━━━━━━━━[0m[37m[0m [1m26s[0m 2s/step - accuracy: 0.8365 - auc: 0.9006 - loss: 0.4653 - precision: 0.7136 - recall: 0.8256 - val_accuracy: 0.6767 - val_auc: 0.9045 - val_loss: 0.6010 - val_precision: 0.0000e+00 - val_recall: 0.0000e+00 - learning_rate: 1.0000e-04
Epoch 23/80

[1m 1/17[0m [32m━[0m[37m━━━━━━━━━━━━━━━━━━━[0m [1m27s[0m 2s/step - accuracy: 0.9375 - auc: 0.9591 - loss: 0.3387 - precision: 0.8333 - recall: 1.0000
[1m 2/17[0m [32m━━[0m[37m━━━━━━━━━━━━━━━━━━[0m [1m24s[0m 2s/step - accuracy: 0.9141 - auc: 0.9512 - loss: 0.3573 - precision: 0.8030 - recall: 0.9474
[1m 3/17[0m [32m━━━[0m[37m━━━━━━━━━━━━━━━━━[0m [1m22s[0m 2s/step - accuracy: 0.9045 - auc: 0.9519 - loss: 0.3671 - precision: 0.7985 - recall: 0.9346
[1m 4/17[0m [32m━━━━[0m[37m━━━━━━━━━━━━━━━━[0m [1m20s[0m 2s/step - accuracy: 0.9030 - auc: 0.9535 - loss: 0.3711 - precision: 0.8081 - recall: 0.9238
[1m 5/17[0m [32m━━━━━[0m[37m━━━━━━━━━━━━━━━[0m [1m24s[0m 2s/step - accuracy: 0.9036 - auc: 0.9528 - loss: 0.3729 - precision: 0.8142 - recall: 0.9215
[1m 6/17[0m [32m━━━━━━━[0m[37m━━━━━━━━━━━━━[0m [1m22s[0m 2s/step - accuracy: 0.9006 - auc: 0.9505 - loss: 0.3774 - precision: 0.8136 - recall: 0.9150
[1m 7/17[0m [32m━━━━━━━━[0m[37m━━━━━━━━━━━━[0m [1m20s[0m 2s/step - accuracy: 0.8976 - auc: 0.9483 - loss: 0.3806 - precision: 0.8089 - recall: 0.9095
[1m 8/17[0m [32m━━━━━━━━━[0m[37m━━━━━━━━━━━[0m [1m17s[0m 2s/step - accuracy: 0.8933 - auc: 0.9461 - loss: 0.3847 - precision: 0.8015 - recall: 0.9042
[1m 9/17[0m [32m━━━━━━━━━━[0m[37m━━━━━━━━━━[0m [1m15s[0m 2s/step - accuracy: 0.8890 - auc: 0.9440 - loss: 0.3892 - precision: 0.7961 - recall: 0.8977
[1m10/17[0m [32m━━━━━━━━━━━[0m[37m━━━━━━━━━[0m [1m13s[0m 2s/step - accuracy: 0.8838 - auc: 0.9409 - loss: 0.3955 - precision: 0.7885 - recall: 0.8920
[1m11/17[0m [32m━━━━━━━━━━━━[0m[37m━━━━━━━━[0m [1m11s[0m 2s/step - accuracy: 0.8794 - auc: 0.9379 - loss: 0.4007 - precision: 0.7809 - recall: 0.8884
[1m12/17[0m [32m━━━━━━━━━━━━━━[0m[37m━━━━━━[0m [1m9s[0m 2s/step - accuracy: 0.8758 - auc: 0.9355 - loss: 0.4049 - precision: 0.7751 - recall: 0.8845 
[1m13/17[0m [32m━━━━━━━━━━━━━━━[0m[37m━━━━━[0m [1m7s[0m 2s/step - accuracy: 0.8729 - auc: 0.9334 - loss: 0.4087 - precision: 0.7710 - recall: 0.8812
[1m14/17[0m [32m━━━━━━━━━━━━━━━━[0m[37m━━━━[0m [1m5s[0m 2s/step - accuracy: 0.8702 - auc: 0.9315 - loss: 0.4123 - precision: 0.7673 - recall: 0.8778
[1m15/17[0m [32m━━━━━━━━━━━━━━━━━[0m[37m━━━[0m [1m3s[0m 2s/step - accuracy: 0.8678 - auc: 0.9295 - loss: 0.4157 - precision: 0.7634 - recall: 0.8744
[1m16/17[0m [32m━━━━━━━━━━━━━━━━━━[0m[37m━━[0m [1m1s[0m 2s/step - accuracy: 0.8660 - auc: 0.9280 - loss: 0.4179 - precision: 0.7603 - recall: 0.8720
[1m17/17[0m [32m━━━━━━━━━━━━━━━━━━━━[0m[37m[0m [1m0s[0m 2s/step - accuracy: 0.8643 - auc: 0.9267 - loss: 0.4202 - precision: 0.7573 - recall: 0.8700
Epoch 23: val_recall did not improve from 0.00000

[1m17/17[0m [32m━━━━━━━━━━━━━━━━━━━━[0m[37m[0m [1m30s[0m 2s/step - accuracy: 0.8365 - auc: 0.9055 - loss: 0.4557 - precision: 0.7094 - recall: 0.8372 - val_accuracy: 0.6767 - val_auc: 0.9202 - val_loss: 0.5866 - val_precision: 0.0000e+00 - val_recall: 0.0000e+00 - learning_rate: 1.0000e-04
Epoch 24/80

[1m 1/17[0m [32m━[0m[37m━━━━━━━━━━━━━━━━━━━[0m [1m23s[0m 1s/step - accuracy: 0.9375 - auc: 0.9364 - loss: 0.2954 - precision: 0.8333 - recall: 1.0000
[1m 2/17[0m [32m━━[0m[37m━━━━━━━━━━━━━━━━━━[0m [1m22s[0m 1s/step - accuracy: 0.9219 - auc: 0.9425 - loss: 0.3117 - precision: 0.8214 - recall: 0.9474
[1m 3/17[0m [32m━━━[0m[37m━━━━━━━━━━━━━━━━━[0m [1m20s[0m 1s/step - accuracy: 0.9132 - auc: 0.9457 - loss: 0.3255 - precision: 0.8238 - recall: 0.9245
[1m 4/17[0m [32m━━━━[0m[37m━━━━━━━━━━━━━━━━[0m [1m19s[0m 1s/step - accuracy: 0.9095 - auc: 0.9478 - loss: 0.3354 - precision: 0.8345 - recall: 0.9053
[1m 5/17[0m [32m━━━━━[0m[37m━━━━━━━━━━━━━━━[0m [1m18s[0m 2s/step - accuracy: 0.9089 - auc: 0.9480 - loss: 0.3397 - precision: 0.8400 - recall: 0.8997
[1m 6/17[0m [32m━━━━━━━[0m[37m━━━━━━━━━━━━━[0m [1m16s[0m 2s/step - accuracy: 0.9049 - auc: 0.9454 - loss: 0.3499 - precision: 0.8381 - recall: 0.8919
[1m 7/17[0m [32m━━━━━━━━[0m[37m━━━━━━━━━━━━[0m [1m15s[0m 2s/step - accuracy: 0.9019 - auc: 0.9432 - loss: 0.3573 - precision: 0.8323 - recall: 0.8878
[1m 8/17[0m [32m━━━━━━━━━[0m[37m━━━━━━━━━━━[0m [1m13s[0m 2s/step - accuracy: 0.8976 - auc: 0.9399 - loss: 0.3665 - precision: 0.8237 - recall: 0.8837
[1m 9/17[0m [32m━━━━━━━━━━[0m[37m━━━━━━━━━━[0m [1m12s[0m 2s/step - accuracy: 0.8932 - auc: 0.9371 - loss: 0.3748 - precision: 0.8171 - recall: 0.8783
[1m10/17[0m [32m━━━━━━━━━━━[0m[37m━━━━━━━━━[0m [1m10s[0m 2s/step - accuracy: 0.8882 - auc: 0.9333 - loss: 0.3843 - precision: 0.8089 - recall: 0.8737
[1m11/17[0m [32m━━━━━━━━━━━━[0m[37m━━━━━━━━[0m [1m9s[0m 2s/step - accuracy: 0.8839 - auc: 0.9297 - loss: 0.3923 - precision: 0.8007 - recall: 0.8709 
[1m12/17[0m [32m━━━━━━━━━━━━━━[0m[37m━━━━━━[0m [1m7s[0m 2s/step - accuracy: 0.8804 - auc: 0.9270 - loss: 0.3988 - precision: 0.7943 - recall: 0.8678
[1m13/17[0m [32m━━━━━━━━━━━━━━━[0m[37m━━━━━[0m [1m6s[0m 2s/step - accuracy: 0.8775 - auc: 0.9249 - loss: 0.4038 - precision: 0.7897 - recall: 0.8652
[1m14/17[0m [32m━━━━━━━━━━━━━━━━[0m[37m━━━━[0m [1m4s[0m 2s/step - accuracy: 0.8750 - auc: 0.9230 - loss: 0.4085 - precision: 0.7855 - recall: 0.8630
[1m15/17[0m [32m━━━━━━━━━━━━━━━━━[0m[37m━━━[0m [1m3s[0m 2s/step - accuracy: 0.8725 - auc: 0.9212 - loss: 0.4127 - precision: 0.7809 - recall: 0.8606
[1m16/17[0m [32m━━━━━━━━━━━━━━━━━━[0m[37m━━[0m [1m1s[0m 2s/step - accuracy: 0.8706 - auc: 0.9199 - loss: 0.4159 - precision: 0.7770 - recall: 0.8590
[1m17/17[0m [32m━━━━━━━━━━━━━━━━━━━━[0m[37m[0m [1m0s[0m 2s/step - accuracy: 0.8687 - auc: 0.9186 - loss: 0.4190 - precision: 0.7733 - recall: 0.8578
Epoch 24: val_recall did not improve from 0.00000

[1m17/17[0m [32m━━━━━━━━━━━━━━━━━━━━[0m[37m[0m [1m27s[0m 2s/step - accuracy: 0.8383 - auc: 0.8976 - loss: 0.4690 - precision: 0.7129 - recall: 0.8372 - val_accuracy: 0.6767 - val_auc: 0.9145 - val_loss: 0.5737 - val_precision: 0.0000e+00 - val_recall: 0.0000e+00 - learning_rate: 1.0000e-04
Epoch 25/80

[1m 1/17[0m [32m━[0m[37m━━━━━━━━━━━━━━━━━━━[0m [1m25s[0m 2s/step - accuracy: 0.9375 - auc: 0.9409 - loss: 0.3079 - precision: 0.8333 - recall: 1.0000
[1m 2/17[0m [32m━━[0m[37m━━━━━━━━━━━━━━━━━━[0m [1m25s[0m 2s/step - accuracy: 0.9219 - auc: 0.9482 - loss: 0.3143 - precision: 0.8214 - recall: 0.9474
[1m 3/17[0m [32m━━━[0m[37m━━━━━━━━━━━━━━━━━[0m [1m22s[0m 2s/step - accuracy: 0.9097 - auc: 0.9511 - loss: 0.3246 - precision: 0.8108 - recall: 0.9346
[1m 4/17[0m [32m━━━━[0m[37m━━━━━━━━━━━━━━━━[0m [1m20s[0m 2s/step - accuracy: 0.9049 - auc: 0.9532 - loss: 0.3316 - precision: 0.8164 - recall: 0.9183
[1m 5/17[0m [32m━━━━━[0m[37m━━━━━━━━━━━━━━━[0m [1m18s[0m 2s/step - accuracy: 0.9040 - auc: 0.9537 - loss: 0.3341 - precision: 0.8203 - recall: 0.9136
[1m 6/17[0m [32m━━━━━━━[0m[37m━━━━━━━━━━━━━[0m [1m16s[0m 2s/step - accuracy: 0.9000 - auc: 0.9514 - loss: 0.3412 - precision: 0.8183 - recall: 0.9060
[1m 7/17[0m [32m━━━━━━━━[0m[37m━━━━━━━━━━━━[0m [1m15s[0m 2s/step - accuracy: 0.8964 - auc: 0.9495 - loss: 0.3469 - precision: 0.8125 - recall: 0.8998
[1m 8/17[0m [32m━━━━━━━━━[0m[37m━━━━━━━━━━━[0m [1m13s[0m 2s/step - accuracy: 0.8918 - auc: 0.9466 - loss: 0.3544 - precision: 0.8044 - recall: 0.8943
[1m 9/17[0m [32m━━━━━━━━━━[0m[37m━━━━━━━━━━[0m [1m12s[0m 2s/step - accuracy: 0.8876 - auc: 0.9441 - loss: 0.3617 - precision: 0.7991 - recall: 0.8877
[1m10/17[0m [32m━━━━━━━━━━━[0m[37m━━━━━━━━━[0m [1m10s[0m 2s/step - accuracy: 0.8829 - auc: 0.9402 - loss: 0.3708 - precision: 0.7922 - recall: 0.8821
[1m11/17[0m [32m━━━━━━━━━━━━[0m[37m━━━━━━━━[0m [1m9s[0m 2s/step - accuracy: 0.8788 - auc: 0.9366 - loss: 0.3784 - precision: 0.7850 - recall: 0.8786 
[1m12/17[0m [32m━━━━━━━━━━━━━━[0m[37m━━━━━━[0m [1m7s[0m 2s/step - accuracy: 0.8757 - auc: 0.9339 - loss: 0.3844 - precision: 0.7797 - recall: 0.8755
[1m13/17[0m [32m━━━━━━━━━━━━━━━[0m[37m━━━━━[0m [1m6s[0m 2s/step - accuracy: 0.8732 - auc: 0.9317 - loss: 0.3894 - precision: 0.7759 - recall: 0.8729
[1m14/17[0m [32m━━━━━━━━━━━━━━━━[0m[37m━━━━[0m [1m4s[0m 2s/step - accuracy: 0.8710 - auc: 0.9298 - loss: 0.3938 - precision: 0.7725 - recall: 0.8705
[1m15/17[0m [32m━━━━━━━━━━━━━━━━━[0m[37m━━━[0m [1m3s[0m 2s/step - accuracy: 0.8689 - auc: 0.9280 - loss: 0.3979 - precision: 0.7689 - recall: 0.8681
[1m16/17[0m [32m━━━━━━━━━━━━━━━━━━[0m[37m━━[0m [1m1s[0m 2s/step - accuracy: 0.8673 - auc: 0.9267 - loss: 0.4008 - precision: 0.7659 - recall: 0.8665
[1m17/17[0m [32m━━━━━━━━━━━━━━━━━━━━[0m[37m[0m [1m0s[0m 1s/step - accuracy: 0.8657 - auc: 0.9255 - loss: 0.4036 - precision: 0.7628 - recall: 0.8651
Epoch 25: val_recall improved from 0.00000 to 0.02326, saving model to C:\workspace\hd-image-pest-detection-cnn-and-rf\best_models\best_model_final_MULTIESPECTRAL_binary_crossentropy.keras

[1m17/17[0m [32m━━━━━━━━━━━━━━━━━━━━[0m[37m[0m [1m26s[0m 2s/step - accuracy: 0.8402 - auc: 0.9056 - loss: 0.4495 - precision: 0.7143 - recall: 0.8430 - val_accuracy: 0.6842 - val_auc: 0.9146 - val_loss: 0.5666 - val_precision: 1.0000 - val_recall: 0.0233 - learning_rate: 1.0000e-04
Epoch 26/80

[1m 1/17[0m [32m━[0m[37m━━━━━━━━━━━━━━━━━━━[0m [1m25s[0m 2s/step - accuracy: 0.9375 - auc: 0.9909 - loss: 0.2713 - precision: 0.8333 - recall: 1.0000
[1m 2/17[0m [32m━━[0m[37m━━━━━━━━━━━━━━━━━━[0m [1m22s[0m 1s/step - accuracy: 0.9219 - auc: 0.9744 - loss: 0.3046 - precision: 0.8214 - recall: 0.9474
[1m 3/17[0m [32m━━━[0m[37m━━━━━━━━━━━━━━━━━[0m [1m20s[0m 1s/step - accuracy: 0.9167 - auc: 0.9707 - loss: 0.3165 - precision: 0.8319 - recall: 0.9245
[1m 4/17[0m [32m━━━━[0m[37m━━━━━━━━━━━━━━━━[0m [1m19s[0m 1s/step - accuracy: 0.9141 - auc: 0.9700 - loss: 0.3217 - precision: 0.8455 - recall: 0.9053
[1m 5/17[0m [32m━━━━━[0m[37m━━━━━━━━━━━━━━━[0m [1m17s[0m 1s/step - accuracy: 0.9138 - auc: 0.9692 - loss: 0.3240 - precision: 0.8519 - recall: 0.8997
[1m 6/17[0m [32m━━━━━━━[0m[37m━━━━━━━━━━━━━[0m [1m16s[0m 2s/step - accuracy: 0.9099 - auc: 0.9666 - loss: 0.3305 - precision: 0.8500 - recall: 0.8919
[1m 7/17[0m [32m━━━━━━━━[0m[37m━━━━━━━━━━━━[0m [1m15s[0m 2s/step - accuracy: 0.9062 - auc: 0.9641 - loss: 0.3364 - precision: 0.8436 - recall: 0.8858
[1m 8/17[0m [32m━━━━━━━━━[0m[37m━━━━━━━━━━━[0m [1m13s[0m 2s/step - accuracy: 0.9013 - auc: 0.9605 - loss: 0.3445 - precision: 0.8343 - recall: 0.8805
[1m 9/17[0m [32m━━━━━━━━━━[0m[37m━━━━━━━━━━[0m [1m12s[0m 2s/step - accuracy: 0.8965 - auc: 0.9571 - loss: 0.3528 - precision: 0.8271 - recall: 0.8743
[1m10/17[0m [32m━━━━━━━━━━━[0m[37m━━━━━━━━━[0m [1m10s[0m 2s/step - accuracy: 0.8909 - auc: 0.9527 - loss: 0.3626 - precision: 0.8181 - recall: 0.8682
[1m11/17[0m [32m━━━━━━━━━━━━[0m[37m━━━━━━━━[0m [1m9s[0m 2s/step - accuracy: 0.8861 - auc: 0.9484 - loss: 0.3710 - precision: 0.8091 - recall: 0.8644 
[1m12/17[0m [32m━━━━━━━━━━━━━━[0m[37m━━━━━━[0m [1m7s[0m 2s/step - accuracy: 0.8821 - auc: 0.9449 - loss: 0.3781 - precision: 0.8022 - recall: 0.8605
[1m13/17[0m [32m━━━━━━━━━━━━━━━[0m[37m━━━━━[0m [1m6s[0m 2s/step - accuracy: 0.8790 - auc: 0.9419 - loss: 0.3840 - precision: 0.7970 - recall: 0.8574
[1m14/17[0m [32m━━━━━━━━━━━━━━━━[0m[37m━━━━[0m [1m4s[0m 2s/step - accuracy: 0.8761 - auc: 0.9394 - loss: 0.3890 - precision: 0.7924 - recall: 0.8547
[1m15/17[0m [32m━━━━━━━━━━━━━━━━━[0m[37m━━━[0m [1m3s[0m 2s/step - accuracy: 0.8734 - auc: 0.9372 - loss: 0.3933 - precision: 0.7874 - recall: 0.8520
[1m16/17[0m [32m━━━━━━━━━━━━━━━━━━[0m[37m━━[0m [1m1s[0m 2s/step - accuracy: 0.8715 - auc: 0.9355 - loss: 0.3966 - precision: 0.7834 - recall: 0.8503
[1m17/17[0m [32m━━━━━━━━━━━━━━━━━━━━[0m[37m[0m [1m0s[0m 1s/step - accuracy: 0.8695 - auc: 0.9340 - loss: 0.3996 - precision: 0.7795 - recall: 0.8488
Epoch 26: val_recall improved from 0.02326 to 0.53488, saving model to C:\workspace\hd-image-pest-detection-cnn-and-rf\best_models\best_model_final_MULTIESPECTRAL_binary_crossentropy.keras

[1m17/17[0m [32m━━━━━━━━━━━━━━━━━━━━[0m[37m[0m [1m26s[0m 2s/step - accuracy: 0.8383 - auc: 0.9094 - loss: 0.4478 - precision: 0.7172 - recall: 0.8256 - val_accuracy: 0.7895 - val_auc: 0.9090 - val_loss: 0.5628 - val_precision: 0.7419 - val_recall: 0.5349 - learning_rate: 1.0000e-04
Epoch 27/80

[1m 1/17[0m [32m━[0m[37m━━━━━━━━━━━━━━━━━━━[0m [1m28s[0m 2s/step - accuracy: 0.9375 - auc: 0.9500 - loss: 0.3280 - precision: 0.8333 - recall: 1.0000
[1m 2/17[0m [32m━━[0m[37m━━━━━━━━━━━━━━━━━━[0m [1m23s[0m 2s/step - accuracy: 0.9297 - auc: 0.9537 - loss: 0.3282 - precision: 0.8258 - recall: 0.9737
[1m 3/17[0m [32m━━━[0m[37m━━━━━━━━━━━━━━━━━[0m [1m21s[0m 2s/step - accuracy: 0.9219 - auc: 0.9572 - loss: 0.3308 - precision: 0.8224 - recall: 0.9623
[1m 4/17[0m [32m━━━━[0m[37m━━━━━━━━━━━━━━━━[0m [1m19s[0m 2s/step - accuracy: 0.9180 - auc: 0.9592 - loss: 0.3331 - precision: 0.8304 - recall: 0.9445
[1m 5/17[0m [32m━━━━━[0m[37m━━━━━━━━━━━━━━━[0m [1m18s[0m 2s/step - accuracy: 0.9169 - auc: 0.9596 - loss: 0.3336 - precision: 0.8348 - recall: 0.9381
[1m 6/17[0m [32m━━━━━━━[0m[37m━━━━━━━━━━━━━[0m [1m16s[0m 2s/step - accuracy: 0.9134 - auc: 0.9572 - loss: 0.3399 - precision: 0.8330 - recall: 0.9312
[1m 7/17[0m [32m━━━━━━━━[0m[37m━━━━━━━━━━━━[0m [1m15s[0m 2s/step - accuracy: 0.9098 - auc: 0.9546 - loss: 0.3457 - precision: 0.8263 - recall: 0.9274
[1m 8/17[0m [32m━━━━━━━━━[0m[37m━━━━━━━━━━━[0m [1m13s[0m 2s/step - accuracy: 0.9050 - auc: 0.9510 - loss: 0.3538 - precision: 0.8174 - recall: 0.9229
[1m 9/17[0m [32m━━━━━━━━━━[0m[37m━━━━━━━━━━[0m [1m12s[0m 2s/step - accuracy: 0.9005 - auc: 0.9474 - loss: 0.3620 - precision: 0.8114 - recall: 0.9166
[1m10/17[0m [32m━━━━━━━━━━━[0m[37m━━━━━━━━━[0m [1m10s[0m 2s/step - accuracy: 0.8951 - auc: 0.9433 - loss: 0.3711 - precision: 0.8037 - recall: 0.9100
[1m11/17[0m [32m━━━━━━━━━━━━[0m[37m━━━━━━━━[0m [1m9s[0m 2s/step - accuracy: 0.8904 - auc: 0.9396 - loss: 0.3786 - precision: 0.7958 - recall: 0.9055 
[1m12/17[0m [32m━━━━━━━━━━━━━━[0m[37m━━━━━━[0m [1m7s[0m 2s/step - accuracy: 0.8866 - auc: 0.9365 - loss: 0.3849 - precision: 0.7897 - recall: 0.9008
[1m13/17[0m [32m━━━━━━━━━━━━━━━[0m[37m━━━━━[0m [1m6s[0m 2s/step - accuracy: 0.8834 - auc: 0.9343 - loss: 0.3897 - precision: 0.7854 - recall: 0.8968
[1m14/17[0m [32m━━━━━━━━━━━━━━━━[0m[37m━━━━[0m [1m4s[0m 2s/step - accuracy: 0.8808 - auc: 0.9325 - loss: 0.3937 - precision: 0.7815 - recall: 0.8937
[1m15/17[0m [32m━━━━━━━━━━━━━━━━━[0m[37m━━━[0m [1m3s[0m 2s/step - accuracy: 0.8783 - auc: 0.9309 - loss: 0.3973 - precision: 0.7775 - recall: 0.8905
[1m16/17[0m [32m━━━━━━━━━━━━━━━━━━[0m[37m━━[0m [1m1s[0m 2s/step - accuracy: 0.8765 - auc: 0.9297 - loss: 0.3998 - precision: 0.7743 - recall: 0.8883
[1m17/17[0m [32m━━━━━━━━━━━━━━━━━━━━[0m[37m[0m [1m0s[0m 1s/step - accuracy: 0.8747 - auc: 0.9285 - loss: 0.4023 - precision: 0.7712 - recall: 0.8863
Epoch 27: val_recall did not improve from 0.53488

[1m17/17[0m [32m━━━━━━━━━━━━━━━━━━━━[0m[37m[0m [1m27s[0m 2s/step - accuracy: 0.8459 - auc: 0.9103 - loss: 0.4426 - precision: 0.7206 - recall: 0.8547 - val_accuracy: 0.6767 - val_auc: 0.9194 - val_loss: 0.5422 - val_precision: 0.0000e+00 - val_recall: 0.0000e+00 - learning_rate: 1.0000e-04
Epoch 28/80

[1m 1/17[0m [32m━[0m[37m━━━━━━━━━━━━━━━━━━━[0m [1m24s[0m 2s/step - accuracy: 0.9375 - auc: 0.9727 - loss: 0.3258 - precision: 0.8333 - recall: 1.0000
[1m 2/17[0m [32m━━[0m[37m━━━━━━━━━━━━━━━━━━[0m [1m22s[0m 1s/step - accuracy: 0.9297 - auc: 0.9636 - loss: 0.3315 - precision: 0.8258 - recall: 0.9737
[1m 3/17[0m [32m━━━[0m[37m━━━━━━━━━━━━━━━━━[0m [1m20s[0m 1s/step - accuracy: 0.9253 - auc: 0.9621 - loss: 0.3379 - precision: 0.8298 - recall: 0.9623
[1m 4/17[0m [32m━━━━[0m[37m━━━━━━━━━━━━━━━━[0m [1m18s[0m 1s/step - accuracy: 0.9225 - auc: 0.9620 - loss: 0.3416 - precision: 0.8404 - recall: 0.9445
[1m 5/17[0m [32m━━━━━[0m[37m━━━━━━━━━━━━━━━[0m [1m17s[0m 1s/step - accuracy: 0.9218 - auc: 0.9611 - loss: 0.3421 - precision: 0.8457 - recall: 0.9381
[1m 6/17[0m [32m━━━━━━━[0m[37m━━━━━━━━━━━━━[0m [1m16s[0m 1s/step - accuracy: 0.9183 - auc: 0.9590 - loss: 0.3461 - precision: 0.8440 - recall: 0.9312
[1m 7/17[0m [32m━━━━━━━━[0m[37m━━━━━━━━━━━━[0m [1m14s[0m 1s/step - accuracy: 0.9140 - auc: 0.9575 - loss: 0.3489 - precision: 0.8377 - recall: 0.9234
[1m 8/17[0m [32m━━━━━━━━━[0m[37m━━━━━━━━━━━[0m [1m13s[0m 2s/step - accuracy: 0.9087 - auc: 0.9550 - loss: 0.3540 - precision: 0.8287 - recall: 0.9164
[1m 9/17[0m [32m━━━━━━━━━━[0m[37m━━━━━━━━━━[0m [1m12s[0m 2s/step - accuracy: 0.9038 - auc: 0.9525 - loss: 0.3596 - precision: 0.8226 - recall: 0.9085
[1m10/17[0m [32m━━━━━━━━━━━[0m[37m━━━━━━━━━[0m [1m10s[0m 2s/step - accuracy: 0.8981 - auc: 0.9485 - loss: 0.3674 - precision: 0.8141 - recall: 0.9018
[1m11/17[0m [32m━━━━━━━━━━━━[0m[37m━━━━━━━━[0m [1m8s[0m 1s/step - accuracy: 0.8931 - auc: 0.9449 - loss: 0.3741 - precision: 0.8056 - recall: 0.8973 
[1m12/17[0m [32m━━━━━━━━━━━━━━[0m[37m━━━━━━[0m [1m7s[0m 1s/step - accuracy: 0.8890 - auc: 0.9422 - loss: 0.3792 - precision: 0.7990 - recall: 0.8926
[1m13/17[0m [32m━━━━━━━━━━━━━━━[0m[37m━━━━━[0m [1m6s[0m 2s/step - accuracy: 0.8857 - auc: 0.9399 - loss: 0.3833 - precision: 0.7941 - recall: 0.8887
[1m14/17[0m [32m━━━━━━━━━━━━━━━━[0m[37m━━━━[0m [1m4s[0m 2s/step - accuracy: 0.8826 - auc: 0.9378 - loss: 0.3874 - precision: 0.7896 - recall: 0.8848
[1m15/17[0m [32m━━━━━━━━━━━━━━━━━[0m[37m━━━[0m [1m2s[0m 1s/step - accuracy: 0.8797 - auc: 0.9358 - loss: 0.3913 - precision: 0.7850 - recall: 0.8809
[1m16/17[0m [32m━━━━━━━━━━━━━━━━━━[0m[37m━━[0m [1m1s[0m 1s/step - accuracy: 0.8776 - auc: 0.9342 - loss: 0.3941 - precision: 0.7814 - recall: 0.8781
[1m17/17[0m [32m━━━━━━━━━━━━━━━━━━━━[0m[37m[0m [1m0s[0m 1s/step - accuracy: 0.8755 - auc: 0.9327 - loss: 0.3970 - precision: 0.7777 - recall: 0.8757
Epoch 28: val_recall did not improve from 0.53488

[1m17/17[0m [32m━━━━━━━━━━━━━━━━━━━━[0m[37m[0m [1m26s[0m 2s/step - accuracy: 0.8421 - auc: 0.9087 - loss: 0.4424 - precision: 0.7200 - recall: 0.8372 - val_accuracy: 0.6767 - val_auc: 0.9180 - val_loss: 0.5354 - val_precision: 0.0000e+00 - val_recall: 0.0000e+00 - learning_rate: 1.0000e-04
Epoch 29/80

[1m 1/17[0m [32m━[0m[37m━━━━━━━━━━━━━━━━━━━[0m [1m23s[0m 1s/step - accuracy: 0.9375 - auc: 0.9955 - loss: 0.2736 - precision: 0.8333 - recall: 1.0000
[1m 2/17[0m [32m━━[0m[37m━━━━━━━━━━━━━━━━━━[0m [1m24s[0m 2s/step - accuracy: 0.9219 - auc: 0.9875 - loss: 0.2826 - precision: 0.8214 - recall: 0.9474
[1m 3/17[0m [32m━━━[0m[37m━━━━━━━━━━━━━━━━━[0m [1m22s[0m 2s/step - accuracy: 0.9167 - auc: 0.9826 - loss: 0.2962 - precision: 0.8254 - recall: 0.9346
[1m 4/17[0m [32m━━━━[0m[37m━━━━━━━━━━━━━━━━[0m [1m20s[0m 2s/step - accuracy: 0.9141 - auc: 0.9807 - loss: 0.3033 - precision: 0.8364 - recall: 0.9183
[1m 5/17[0m [32m━━━━━[0m[37m━━━━━━━━━━━━━━━[0m [1m18s[0m 2s/step - accuracy: 0.9138 - auc: 0.9788 - loss: 0.3070 - precision: 0.8420 - recall: 0.9136
[1m 6/17[0m [32m━━━━━━━[0m[37m━━━━━━━━━━━━━[0m [1m16s[0m 2s/step - accuracy: 0.9099 - auc: 0.9756 - loss: 0.3138 - precision: 0.8402 - recall: 0.9060
[1m 7/17[0m [32m━━━━━━━━[0m[37m━━━━━━━━━━━━[0m [1m15s[0m 2s/step - accuracy: 0.9068 - auc: 0.9719 - loss: 0.3207 - precision: 0.8344 - recall: 0.9018
[1m 8/17[0m [32m━━━━━━━━━[0m[37m━━━━━━━━━━━[0m [1m13s[0m 2s/step - accuracy: 0.9024 - auc: 0.9676 - loss: 0.3294 - precision: 0.8259 - recall: 0.8975
[1m 9/17[0m [32m━━━━━━━━━━[0m[37m━━━━━━━━━━[0m [1m12s[0m 2s/step - accuracy: 0.8982 - auc: 0.9635 - loss: 0.3381 - precision: 0.8201 - recall: 0.8917
[1m10/17[0m [32m━━━━━━━━━━━[0m[37m━━━━━━━━━[0m [1m10s[0m 2s/step - accuracy: 0.8930 - auc: 0.9585 - loss: 0.3489 - precision: 0.8122 - recall: 0.8857
[1m11/17[0m [32m━━━━━━━━━━━━[0m[37m━━━━━━━━[0m [1m9s[0m 2s/step - accuracy: 0.8886 - auc: 0.9542 - loss: 0.3577 - precision: 0.8042 - recall: 0.8819 
[1m12/17[0m [32m━━━━━━━━━━━━━━[0m[37m━━━━━━[0m [1m7s[0m 2s/step - accuracy: 0.8850 - auc: 0.9507 - loss: 0.3648 - precision: 0.7981 - recall: 0.8785
[1m13/17[0m [32m━━━━━━━━━━━━━━━[0m[37m━━━━━[0m [1m6s[0m 2s/step - accuracy: 0.8822 - auc: 0.9477 - loss: 0.3707 - precision: 0.7937 - recall: 0.8757
[1m14/17[0m [32m━━━━━━━━━━━━━━━━[0m[37m━━━━[0m [1m4s[0m 2s/step - accuracy: 0.8798 - auc: 0.9450 - loss: 0.3761 - precision: 0.7897 - recall: 0.8736
[1m15/17[0m [32m━━━━━━━━━━━━━━━━━[0m[37m━━━[0m [1m3s[0m 2s/step - accuracy: 0.8775 - auc: 0.9425 - loss: 0.3810 - precision: 0.7854 - recall: 0.8718
[1m16/17[0m [32m━━━━━━━━━━━━━━━━━━[0m[37m━━[0m [1m1s[0m 2s/step - accuracy: 0.8758 - auc: 0.9405 - loss: 0.3847 - precision: 0.7818 - recall: 0.8707
[1m17/17[0m [32m━━━━━━━━━━━━━━━━━━━━[0m[37m[0m [1m0s[0m 1s/step - accuracy: 0.8740 - auc: 0.9388 - loss: 0.3881 - precision: 0.7782 - recall: 0.8697
Epoch 29: val_recall improved from 0.53488 to 1.00000, saving model to C:\workspace\hd-image-pest-detection-cnn-and-rf\best_models\best_model_final_MULTIESPECTRAL_binary_crossentropy.keras

[1m17/17[0m [32m━━━━━━━━━━━━━━━━━━━━[0m[37m[0m [1m26s[0m 2s/step - accuracy: 0.8459 - auc: 0.9107 - loss: 0.4427 - precision: 0.7206 - recall: 0.8547 - val_accuracy: 0.5188 - val_auc: 0.9169 - val_loss: 0.6947 - val_precision: 0.4019 - val_recall: 1.0000 - learning_rate: 1.0000e-04
Epoch 30/80

[1m 1/17[0m [32m━[0m[37m━━━━━━━━━━━━━━━━━━━[0m [1m25s[0m 2s/step - accuracy: 0.9375 - auc: 0.9977 - loss: 0.2635 - precision: 0.8333 - recall: 1.0000
[1m 2/17[0m [32m━━[0m[37m━━━━━━━━━━━━━━━━━━[0m [1m21s[0m 1s/step - accuracy: 0.9219 - auc: 0.9828 - loss: 0.2869 - precision: 0.8214 - recall: 0.9474
[1m 3/17[0m [32m━━━[0m[37m━━━━━━━━━━━━━━━━━[0m [1m20s[0m 1s/step - accuracy: 0.9132 - auc: 0.9760 - loss: 0.3021 - precision: 0.8179 - recall: 0.9346
[1m 4/17[0m [32m━━━━[0m[37m━━━━━━━━━━━━━━━━[0m [1m18s[0m 1s/step - accuracy: 0.9095 - auc: 0.9734 - loss: 0.3098 - precision: 0.8262 - recall: 0.9183
[1m 5/17[0m [32m━━━━━[0m[37m━━━━━━━━━━━━━━━[0m [1m17s[0m 1s/step - accuracy: 0.9089 - auc: 0.9706 - loss: 0.3136 - precision: 0.8309 - recall: 0.9136
[1m 6/17[0m [32m━━━━━━━[0m[37m━━━━━━━━━━━━━[0m [1m15s[0m 1s/step - accuracy: 0.9049 - auc: 0.9668 - loss: 0.3211 - precision: 0.8290 - recall: 0.9060
[1m 7/17[0m [32m━━━━━━━━[0m[37m━━━━━━━━━━━━[0m [1m14s[0m 1s/step - accuracy: 0.9013 - auc: 0.9639 - loss: 0.3270 - precision: 0.8221 - recall: 0.9018
[1m 8/17[0m [32m━━━━━━━━━[0m[37m━━━━━━━━━━━[0m [1m13s[0m 1s/step - accuracy: 0.8966 - auc: 0.9603 - loss: 0.3345 - precision: 0.8131 - recall: 0.8975
[1m 9/17[0m [32m━━━━━━━━━━[0m[37m━━━━━━━━━━[0m [1m11s[0m 1s/step - accuracy: 0.8922 - auc: 0.9570 - loss: 0.3416 - precision: 0.8066 - recall: 0.8928
[1m10/17[0m [32m━━━━━━━━━━━[0m[37m━━━━━━━━━[0m [1m10s[0m 1s/step - accuracy: 0.8874 - auc: 0.9528 - loss: 0.3505 - precision: 0.7987 - recall: 0.8886
[1m11/17[0m [32m━━━━━━━━━━━━[0m[37m━━━━━━━━[0m [1m8s[0m 1s/step - accuracy: 0.8832 - auc: 0.9490 - loss: 0.3579 - precision: 0.7909 - recall: 0.8861 
[1m12/17[0m [32m━━━━━━━━━━━━━━[0m[37m━━━━━━[0m [1m7s[0m 1s/step - accuracy: 0.8797 - auc: 0.9459 - loss: 0.3642 - precision: 0.7848 - recall: 0.8830
[1m13/17[0m [32m━━━━━━━━━━━━━━━[0m[37m━━━━━[0m [1m5s[0m 1s/step - accuracy: 0.8769 - auc: 0.9434 - loss: 0.3693 - precision: 0.7805 - recall: 0.8804
[1m14/17[0m [32m━━━━━━━━━━━━━━━━[0m[37m━━━━[0m [1m4s[0m 1s/step - accuracy: 0.8744 - auc: 0.9414 - loss: 0.3738 - precision: 0.7765 - recall: 0.8780
[1m15/17[0m [32m━━━━━━━━━━━━━━━━━[0m[37m━━━[0m [1m2s[0m 1s/step - accuracy: 0.8719 - auc: 0.9394 - loss: 0.3778 - precision: 0.7722 - recall: 0.8754
[1m16/17[0m [32m━━━━━━━━━━━━━━━━━━[0m[37m━━[0m [1m1s[0m 1s/step - accuracy: 0.8700 - auc: 0.9378 - loss: 0.3810 - precision: 0.7686 - recall: 0.8737
[1m17/17[0m [32m━━━━━━━━━━━━━━━━━━━━[0m[37m[0m [1m0s[0m 1s/step - accuracy: 0.8682 - auc: 0.9362 - loss: 0.3841 - precision: 0.7651 - recall: 0.8723
Epoch 30: val_recall did not improve from 1.00000

[1m17/17[0m [32m━━━━━━━━━━━━━━━━━━━━[0m[37m[0m [1m26s[0m 2s/step - accuracy: 0.8383 - auc: 0.9116 - loss: 0.4334 - precision: 0.7087 - recall: 0.8488 - val_accuracy: 0.5188 - val_auc: 0.9132 - val_loss: 0.6998 - val_precision: 0.4019 - val_recall: 1.0000 - learning_rate: 1.0000e-04
Epoch 31/80

[1m 1/17[0m [32m━[0m[37m━━━━━━━━━━━━━━━━━━━[0m [1m24s[0m 2s/step - accuracy: 0.9375 - auc: 0.9909 - loss: 0.2975 - precision: 0.8333 - recall: 1.0000
[1m 2/17[0m [32m━━[0m[37m━━━━━━━━━━━━━━━━━━[0m [1m22s[0m 1s/step - accuracy: 0.9219 - auc: 0.9732 - loss: 0.3193 - precision: 0.8214 - recall: 0.9474
[1m 3/17[0m [32m━━━[0m[37m━━━━━━━━━━━━━━━━━[0m [1m21s[0m 2s/step - accuracy: 0.9167 - auc: 0.9664 - loss: 0.3329 - precision: 0.8254 - recall: 0.9346
[1m 4/17[0m [32m━━━━[0m[37m━━━━━━━━━━━━━━━━[0m [1m20s[0m 2s/step - accuracy: 0.9141 - auc: 0.9648 - loss: 0.3377 - precision: 0.8364 - recall: 0.9183
[1m 5/17[0m [32m━━━━━[0m[37m━━━━━━━━━━━━━━━[0m [1m18s[0m 2s/step - accuracy: 0.9138 - auc: 0.9646 - loss: 0.3376 - precision: 0.8420 - recall: 0.9136
[1m 6/17[0m [32m━━━━━━━[0m[37m━━━━━━━━━━━━━[0m [1m16s[0m 2s/step - accuracy: 0.9099 - auc: 0.9624 - loss: 0.3425 - precision: 0.8402 - recall: 0.9060
[1m 7/17[0m [32m━━━━━━━━[0m[37m━━━━━━━━━━━━[0m [1m15s[0m 2s/step - accuracy: 0.9062 - auc: 0.9597 - loss: 0.3464 - precision: 0.8330 - recall: 0.9018
[1m 8/17[0m [32m━━━━━━━━━[0m[37m━━━━━━━━━━━[0m [1m13s[0m 2s/step - accuracy: 0.9013 - auc: 0.9562 - loss: 0.3528 - precision: 0.8236 - recall: 0.8975
[1m 9/17[0m [32m━━━━━━━━━━[0m[37m━━━━━━━━━━[0m [1m11s[0m 1s/step - accuracy: 0.8968 - auc: 0.9524 - loss: 0.3604 - precision: 0.8173 - recall: 0.8917
[1m10/17[0m [32m━━━━━━━━━━━[0m[37m━━━━━━━━━[0m [1m10s[0m 1s/step - accuracy: 0.8915 - auc: 0.9480 - loss: 0.3693 - precision: 0.8087 - recall: 0.8866
[1m11/17[0m [32m━━━━━━━━━━━━[0m[37m━━━━━━━━[0m [1m8s[0m 1s/step - accuracy: 0.8869 - auc: 0.9441 - loss: 0.3765 - precision: 0.8002 - recall: 0.8835 
[1m12/17[0m [32m━━━━━━━━━━━━━━[0m[37m━━━━━━[0m [1m7s[0m 1s/step - accuracy: 0.8831 - auc: 0.9411 - loss: 0.3825 - precision: 0.7936 - recall: 0.8800
[1m13/17[0m [32m━━━━━━━━━━━━━━━[0m[37m━━━━━[0m [1m5s[0m 1s/step - accuracy: 0.8801 - auc: 0.9388 - loss: 0.3872 - precision: 0.7888 - recall: 0.8770
[1m14/17[0m [32m━━━━━━━━━━━━━━━━[0m[37m━━━━[0m [1m4s[0m 1s/step - accuracy: 0.8775 - auc: 0.9365 - loss: 0.3917 - precision: 0.7846 - recall: 0.8749
[1m15/17[0m [32m━━━━━━━━━━━━━━━━━[0m[37m━━━[0m [1m2s[0m 1s/step - accuracy: 0.8750 - auc: 0.9345 - loss: 0.3956 - precision: 0.7800 - recall: 0.8725
[1m16/17[0m [32m━━━━━━━━━━━━━━━━━━[0m[37m━━[0m [1m1s[0m 2s/step - accuracy: 0.8730 - auc: 0.9329 - loss: 0.3984 - precision: 0.7762 - recall: 0.8710
[1m17/17[0m [32m━━━━━━━━━━━━━━━━━━━━[0m[37m[0m [1m0s[0m 1s/step - accuracy: 0.8711 - auc: 0.9314 - loss: 0.4012 - precision: 0.7724 - recall: 0.8697
Epoch 31: val_recall did not improve from 1.00000

[1m17/17[0m [32m━━━━━━━━━━━━━━━━━━━━[0m[37m[0m [1m26s[0m 2s/step - accuracy: 0.8402 - auc: 0.9074 - loss: 0.4460 - precision: 0.7122 - recall: 0.8488 - val_accuracy: 0.8195 - val_auc: 0.9200 - val_loss: 0.5781 - val_precision: 0.6418 - val_recall: 1.0000 - learning_rate: 1.0000e-04
Epoch 32/80

[1m 1/17[0m [32m━[0m[37m━━━━━━━━━━━━━━━━━━━[0m [1m25s[0m 2s/step - accuracy: 0.9375 - auc: 0.9818 - loss: 0.3036 - precision: 0.8333 - recall: 1.0000
[1m 2/17[0m [32m━━[0m[37m━━━━━━━━━━━━━━━━━━[0m [1m22s[0m 2s/step - accuracy: 0.9297 - auc: 0.9745 - loss: 0.3089 - precision: 0.8258 - recall: 0.9737
[1m 3/17[0m [32m━━━[0m[37m━━━━━━━━━━━━━━━━━[0m [1m20s[0m 1s/step - accuracy: 0.9184 - auc: 0.9711 - loss: 0.3193 - precision: 0.8208 - recall: 0.9522
[1m 4/17[0m [32m━━━━[0m[37m━━━━━━━━━━━━━━━━[0m [1m19s[0m 1s/step - accuracy: 0.9134 - auc: 0.9709 - loss: 0.3233 - precision: 0.8283 - recall: 0.9315
[1m 5/17[0m [32m━━━━━[0m[37m━━━━━━━━━━━━━━━[0m [1m17s[0m 1s/step - accuracy: 0.9120 - auc: 0.9698 - loss: 0.3252 - precision: 0.8327 - recall: 0.9242
[1m 6/17[0m [32m━━━━━━━[0m[37m━━━━━━━━━━━━━[0m [1m16s[0m 1s/step - accuracy: 0.9076 - auc: 0.9668 - loss: 0.3313 - precision: 0.8305 - recall: 0.9147
[1m 7/17[0m [32m━━━━━━━━[0m[37m━━━━━━━━━━━━[0m [1m14s[0m 1s/step - accuracy: 0.9042 - auc: 0.9643 - loss: 0.3360 - precision: 0.8247 - recall: 0.9093
[1m 8/17[0m [32m━━━━━━━━━[0m[37m━━━━━━━━━━━[0m [1m13s[0m 1s/step - accuracy: 0.8996 - auc: 0.9615 - loss: 0.3419 - precision: 0.8164 - recall: 0.9041
[1m 9/17[0m [32m━━━━━━━━━━[0m[37m━━━━━━━━━━[0m [1m11s[0m 1s/step - accuracy: 0.8949 - auc: 0.9589 - loss: 0.3478 - precision: 0.8100 - recall: 0.8976
[1m10/17[0m [32m━━━━━━━━━━━[0m[37m━━━━━━━━━[0m [1m10s[0m 1s/step - accuracy: 0.8898 - auc: 0.9548 - loss: 0.3561 - precision: 0.8022 - recall: 0.8919
[1m11/17[0m [32m━━━━━━━━━━━━[0m[37m━━━━━━━━[0m [1m9s[0m 2s/step - accuracy: 0.8853 - auc: 0.9509 - loss: 0.3632 - precision: 0.7943 - recall: 0.8883 
[1m12/17[0m [32m━━━━━━━━━━━━━━[0m[37m━━━━━━[0m [1m7s[0m 1s/step - accuracy: 0.8817 - auc: 0.9479 - loss: 0.3687 - precision: 0.7882 - recall: 0.8844
[1m13/17[0m [32m━━━━━━━━━━━━━━━[0m[37m━━━━━[0m [1m5s[0m 1s/step - accuracy: 0.8787 - auc: 0.9455 - loss: 0.3732 - precision: 0.7838 - recall: 0.8811
[1m14/17[0m [32m━━━━━━━━━━━━━━━━[0m[37m━━━━[0m [1m4s[0m 1s/step - accuracy: 0.8761 - auc: 0.9431 - loss: 0.3776 - precision: 0.7798 - recall: 0.8782
[1m15/17[0m [32m━━━━━━━━━━━━━━━━━[0m[37m━━━[0m [1m2s[0m 1s/step - accuracy: 0.8735 - auc: 0.9410 - loss: 0.3814 - precision: 0.7755 - recall: 0.8752
[1m16/17[0m [32m━━━━━━━━━━━━━━━━━━[0m[37m━━[0m [1m1s[0m 1s/step - accuracy: 0.8716 - auc: 0.9394 - loss: 0.3842 - precision: 0.7720 - recall: 0.8731
[1m17/17[0m [32m━━━━━━━━━━━━━━━━━━━━[0m[37m[0m [1m0s[0m 1s/step - accuracy: 0.8698 - auc: 0.9378 - loss: 0.3869 - precision: 0.7686 - recall: 0.8714
Epoch 32: val_recall did not improve from 1.00000

[1m17/17[0m [32m━━━━━━━━━━━━━━━━━━━━[0m[37m[0m [1m26s[0m 2s/step - accuracy: 0.8402 - auc: 0.9121 - loss: 0.4314 - precision: 0.7143 - recall: 0.8430 - val_accuracy: 0.8421 - val_auc: 0.9216 - val_loss: 0.4844 - val_precision: 0.7115 - val_recall: 0.8605 - learning_rate: 1.0000e-04
Epoch 33/80

[1m 1/17[0m [32m━[0m[37m━━━━━━━━━━━━━━━━━━━[0m [1m22s[0m 1s/step - accuracy: 0.9375 - auc: 0.9864 - loss: 0.2592 - precision: 0.8333 - recall: 1.0000
[1m 2/17[0m [32m━━[0m[37m━━━━━━━━━━━━━━━━━━[0m [1m21s[0m 1s/step - accuracy: 0.9297 - auc: 0.9713 - loss: 0.2874 - precision: 0.8258 - recall: 0.9737
[1m 3/17[0m [32m━━━[0m[37m━━━━━━━━━━━━━━━━━[0m [1m20s[0m 1s/step - accuracy: 0.9219 - auc: 0.9678 - loss: 0.3040 - precision: 0.8224 - recall: 0.9623
[1m 4/17[0m [32m━━━━[0m[37m━━━━━━━━━━━━━━━━[0m [1m18s[0m 1s/step - accuracy: 0.9180 - auc: 0.9667 - loss: 0.3136 - precision: 0.8304 - recall: 0.9445
[1m 5/17[0m [32m━━━━━[0m[37m━━━━━━━━━━━━━━━[0m [1m17s[0m 1s/step - accuracy: 0.9169 - auc: 0.9664 - loss: 0.3173 - precision: 0.8348 - recall: 0.9381
[1m 6/17[0m [32m━━━━━━━[0m[37m━━━━━━━━━━━━━[0m [1m16s[0m 2s/step - accuracy: 0.9125 - auc: 0.9641 - loss: 0.3241 - precision: 0.8326 - recall: 0.9288
[1m 7/17[0m [32m━━━━━━━━[0m[37m━━━━━━━━━━━━[0m [1m15s[0m 2s/step - accuracy: 0.9084 - auc: 0.9621 - loss: 0.3296 - precision: 0.8266 - recall: 0.9213
[1m 8/17[0m [32m━━━━━━━━━[0m[37m━━━━━━━━━━━[0m [1m13s[0m 2s/step - accuracy: 0.9033 - auc: 0.9590 - loss: 0.3368 - precision: 0.8180 - recall: 0.9146
[1m 9/17[0m [32m━━━━━━━━━━[0m[37m━━━━━━━━━━[0m [1m12s[0m 2s/step - accuracy: 0.8986 - auc: 0.9561 - loss: 0.3437 - precision: 0.8117 - recall: 0.9081
[1m10/17[0m [32m━━━━━━━━━━━[0m[37m━━━━━━━━━[0m [1m10s[0m 1s/step - accuracy: 0.8931 - auc: 0.9518 - loss: 0.3528 - precision: 0.8037 - recall: 0.9014
[1m11/17[0m [32m━━━━━━━━━━━━[0m[37m━━━━━━━━[0m [1m8s[0m 1s/step - accuracy: 0.8884 - auc: 0.9480 - loss: 0.3604 - precision: 0.7957 - recall: 0.8969 
[1m12/17[0m [32m━━━━━━━━━━━━━━[0m[37m━━━━━━[0m [1m7s[0m 1s/step - accuracy: 0.8844 - auc: 0.9449 - loss: 0.3667 - precision: 0.7895 - recall: 0.8923
[1m13/17[0m [32m━━━━━━━━━━━━━━━[0m[37m━━━━━[0m [1m5s[0m 1s/step - accuracy: 0.8813 - auc: 0.9422 - loss: 0.3721 - precision: 0.7850 - recall: 0.8884
[1m14/17[0m [32m━━━━━━━━━━━━━━━━[0m[37m━━━━[0m [1m4s[0m 1s/step - accuracy: 0.8784 - auc: 0.9399 - loss: 0.3771 - precision: 0.7809 - recall: 0.8849
[1m15/17[0m [32m━━━━━━━━━━━━━━━━━[0m[37m━━━[0m [1m2s[0m 1s/step - accuracy: 0.8759 - auc: 0.9377 - loss: 0.3816 - precision: 0.7766 - recall: 0.8819
[1m16/17[0m [32m━━━━━━━━━━━━━━━━━━[0m[37m━━[0m [1m1s[0m 1s/step - accuracy: 0.8739 - auc: 0.9360 - loss: 0.3849 - precision: 0.7729 - recall: 0.8798
[1m17/17[0m [32m━━━━━━━━━━━━━━━━━━━━[0m[37m[0m [1m0s[0m 1s/step - accuracy: 0.8720 - auc: 0.9345 - loss: 0.3881 - precision: 0.7696 - recall: 0.8780
Epoch 33: val_recall did not improve from 1.00000

[1m17/17[0m [32m━━━━━━━━━━━━━━━━━━━━[0m[37m[0m [1m26s[0m 2s/step - accuracy: 0.8421 - auc: 0.9099 - loss: 0.4393 - precision: 0.7157 - recall: 0.8488 - val_accuracy: 0.8271 - val_auc: 0.9187 - val_loss: 0.5471 - val_precision: 0.6515 - val_recall: 1.0000 - learning_rate: 1.0000e-04
Epoch 34/80

[1m 1/17[0m [32m━[0m[37m━━━━━━━━━━━━━━━━━━━[0m [1m25s[0m 2s/step - accuracy: 0.9375 - auc: 0.9614 - loss: 0.2831 - precision: 0.8333 - recall: 1.0000
[1m 2/17[0m [32m━━[0m[37m━━━━━━━━━━━━━━━━━━[0m [1m22s[0m 2s/step - accuracy: 0.9297 - auc: 0.9538 - loss: 0.3037 - precision: 0.8258 - recall: 0.9737
[1m 3/17[0m [32m━━━[0m[37m━━━━━━━━━━━━━━━━━[0m [1m20s[0m 1s/step - accuracy: 0.9184 - auc: 0.9535 - loss: 0.3181 - precision: 0.8208 - recall: 0.9522
[1m 4/17[0m [32m━━━━[0m[37m━━━━━━━━━━━━━━━━[0m [1m19s[0m 2s/step - accuracy: 0.9134 - auc: 0.9552 - loss: 0.3245 - precision: 0.8283 - recall: 0.9315
[1m 5/17[0m [32m━━━━━[0m[37m━━━━━━━━━━━━━━━[0m [1m18s[0m 2s/step - accuracy: 0.9120 - auc: 0.9573 - loss: 0.3258 - precision: 0.8327 - recall: 0.9242
[1m 6/17[0m [32m━━━━━━━[0m[37m━━━━━━━━━━━━━[0m [1m16s[0m 2s/step - accuracy: 0.9076 - auc: 0.9547 - loss: 0.3345 - precision: 0.8305 - recall: 0.9147
[1m 7/17[0m [32m━━━━━━━━[0m[37m━━━━━━━━━━━━[0m [1m15s[0m 2s/step - accuracy: 0.9035 - auc: 0.9526 - loss: 0.3410 - precision: 0.8233 - recall: 0.9093
[1m 8/17[0m [32m━━━━━━━━━[0m[37m━━━━━━━━━━━[0m [1m13s[0m 2s/step - accuracy: 0.8985 - auc: 0.9496 - loss: 0.3487 - precision: 0.8142 - recall: 0.9041
[1m 9/17[0m [32m━━━━━━━━━━[0m[37m━━━━━━━━━━[0m [1m12s[0m 2s/step - accuracy: 0.8936 - auc: 0.9470 - loss: 0.3557 - precision: 0.8073 - recall: 0.8976
[1m10/17[0m [32m━━━━━━━━━━━[0m[37m━━━━━━━━━[0m [1m10s[0m 2s/step - accuracy: 0.8880 - auc: 0.9432 - loss: 0.3643 - precision: 0.7986 - recall: 0.8919
[1m11/17[0m [32m━━━━━━━━━━━━[0m[37m━━━━━━━━[0m [1m9s[0m 2s/step - accuracy: 0.8832 - auc: 0.9398 - loss: 0.3717 - precision: 0.7901 - recall: 0.8883 
[1m12/17[0m [32m━━━━━━━━━━━━━━[0m[37m━━━━━━[0m [1m7s[0m 2s/step - accuracy: 0.8795 - auc: 0.9371 - loss: 0.3775 - precision: 0.7837 - recall: 0.8850
[1m13/17[0m [32m━━━━━━━━━━━━━━━[0m[37m━━━━━[0m [1m6s[0m 2s/step - accuracy: 0.8767 - auc: 0.9350 - loss: 0.3819 - precision: 0.7792 - recall: 0.8828
[1m14/17[0m [32m━━━━━━━━━━━━━━━━[0m[37m━━━━[0m [1m4s[0m 2s/step - accuracy: 0.8744 - auc: 0.9331 - loss: 0.3859 - precision: 0.7753 - recall: 0.8812
[1m15/17[0m [32m━━━━━━━━━━━━━━━━━[0m[37m━━━[0m [1m3s[0m 2s/step - accuracy: 0.8719 - auc: 0.9312 - loss: 0.3896 - precision: 0.7708 - recall: 0.8793
[1m16/17[0m [32m━━━━━━━━━━━━━━━━━━[0m[37m━━[0m [1m1s[0m 2s/step - accuracy: 0.8701 - auc: 0.9299 - loss: 0.3922 - precision: 0.7672 - recall: 0.8781
[1m17/17[0m [32m━━━━━━━━━━━━━━━━━━━━[0m[37m[0m [1m0s[0m 1s/step - accuracy: 0.8684 - auc: 0.9287 - loss: 0.3946 - precision: 0.7637 - recall: 0.8771
Epoch 34: val_recall did not improve from 1.00000

[1m17/17[0m [32m━━━━━━━━━━━━━━━━━━━━[0m[37m[0m [1m27s[0m 2s/step - accuracy: 0.8402 - auc: 0.9095 - loss: 0.4338 - precision: 0.7081 - recall: 0.8605 - val_accuracy: 0.8496 - val_auc: 0.9196 - val_loss: 0.4895 - val_precision: 0.7091 - val_recall: 0.9070 - learning_rate: 1.0000e-04
Epoch 35/80

[1m 1/17[0m [32m━[0m[37m━━━━━━━━━━━━━━━━━━━[0m [1m24s[0m 2s/step - accuracy: 0.9375 - auc: 0.9909 - loss: 0.2953 - precision: 0.8333 - recall: 1.0000
[1m 2/17[0m [32m━━[0m[37m━━━━━━━━━━━━━━━━━━[0m [1m22s[0m 2s/step - accuracy: 0.9219 - auc: 0.9782 - loss: 0.3070 - precision: 0.8214 - recall: 0.9474
[1m 3/17[0m [32m━━━[0m[37m━━━━━━━━━━━━━━━━━[0m [1m21s[0m 2s/step - accuracy: 0.9167 - auc: 0.9729 - loss: 0.3180 - precision: 0.8254 - recall: 0.9346
[1m 4/17[0m [32m━━━━[0m[37m━━━━━━━━━━━━━━━━[0m [1m19s[0m 2s/step - accuracy: 0.9141 - auc: 0.9712 - loss: 0.3240 - precision: 0.8364 - recall: 0.9183
[1m 5/17[0m [32m━━━━━[0m[37m━━━━━━━━━━━━━━━[0m [1m18s[0m 2s/step - accuracy: 0.9138 - auc: 0.9702 - loss: 0.3264 - precision: 0.8420 - recall: 0.9136
[1m 6/17[0m [32m━━━━━━━[0m[37m━━━━━━━━━━━━━[0m [1m17s[0m 2s/step - accuracy: 0.9099 - auc: 0.9670 - loss: 0.3329 - precision: 0.8402 - recall: 0.9060
[1m 7/17[0m [32m━━━━━━━━[0m[37m━━━━━━━━━━━━[0m [1m16s[0m 2s/step - accuracy: 0.9068 - auc: 0.9642 - loss: 0.3376 - precision: 0.8344 - recall: 0.9018
[1m 8/17[0m [32m━━━━━━━━━[0m[37m━━━━━━━━━━━[0m [1m14s[0m 2s/step - accuracy: 0.9028 - auc: 0.9607 - loss: 0.3438 - precision: 0.8269 - recall: 0.8975
[1m 9/17[0m [32m━━━━━━━━━━[0m[37m━━━━━━━━━━[0m [1m12s[0m 2s/step - accuracy: 0.8986 - auc: 0.9575 - loss: 0.3506 - precision: 0.8210 - recall: 0.8917
[1m10/17[0m [32m━━━━━━━━━━━[0m[37m━━━━━━━━━[0m [1m11s[0m 2s/step - accuracy: 0.8937 - auc: 0.9534 - loss: 0.3586 - precision: 0.8133 - recall: 0.8866
[1m11/17[0m [32m━━━━━━━━━━━━[0m[37m━━━━━━━━[0m [1m9s[0m 2s/step - accuracy: 0.8894 - auc: 0.9494 - loss: 0.3657 - precision: 0.8053 - recall: 0.8835 
[1m12/17[0m [32m━━━━━━━━━━━━━━[0m[37m━━━━━━[0m [1m7s[0m 2s/step - accuracy: 0.8861 - auc: 0.9461 - loss: 0.3714 - precision: 0.7993 - recall: 0.8807
[1m13/17[0m [32m━━━━━━━━━━━━━━━[0m[37m━━━━━[0m [1m6s[0m 2s/step - accuracy: 0.8834 - auc: 0.9435 - loss: 0.3761 - precision: 0.7949 - recall: 0.8782
[1m14/17[0m [32m━━━━━━━━━━━━━━━━[0m[37m━━━━[0m [1m4s[0m 2s/step - accuracy: 0.8810 - auc: 0.9410 - loss: 0.3805 - precision: 0.7910 - recall: 0.8764
[1m15/17[0m [32m━━━━━━━━━━━━━━━━━[0m[37m━━━[0m [1m3s[0m 2s/step - accuracy: 0.8787 - auc: 0.9387 - loss: 0.3845 - precision: 0.7866 - recall: 0.8744
[1m16/17[0m [32m━━━━━━━━━━━━━━━━━━[0m[37m━━[0m [1m1s[0m 2s/step - accuracy: 0.8769 - auc: 0.9369 - loss: 0.3873 - precision: 0.7829 - recall: 0.8732
[1m17/17[0m [32m━━━━━━━━━━━━━━━━━━━━[0m[37m[0m [1m0s[0m 2s/step - accuracy: 0.8750 - auc: 0.9352 - loss: 0.3902 - precision: 0.7792 - recall: 0.8721
Epoch 35: val_recall did not improve from 1.00000

[1m17/17[0m [32m━━━━━━━━━━━━━━━━━━━━[0m[37m[0m [1m27s[0m 2s/step - accuracy: 0.8459 - auc: 0.9086 - loss: 0.4357 - precision: 0.7206 - recall: 0.8547 - val_accuracy: 0.8271 - val_auc: 0.9189 - val_loss: 0.5371 - val_precision: 0.6515 - val_recall: 1.0000 - learning_rate: 1.0000e-04
Epoch 36/80

[1m 1/17[0m [32m━[0m[37m━━━━━━━━━━━━━━━━━━━[0m [1m28s[0m 2s/step - accuracy: 0.9375 - auc: 0.9818 - loss: 0.2584 - precision: 0.8333 - recall: 1.0000
[1m 2/17[0m [32m━━[0m[37m━━━━━━━━━━━━━━━━━━[0m [1m22s[0m 1s/step - accuracy: 0.9297 - auc: 0.9707 - loss: 0.2808 - precision: 0.8258 - recall: 0.9737
[1m 3/17[0m [32m━━━[0m[37m━━━━━━━━━━━━━━━━━[0m [1m20s[0m 1s/step - accuracy: 0.9253 - auc: 0.9693 - loss: 0.2917 - precision: 0.8298 - recall: 0.9623
[1m 4/17[0m [32m━━━━[0m[37m━━━━━━━━━━━━━━━━[0m [1m19s[0m 1s/step - accuracy: 0.9225 - auc: 0.9696 - loss: 0.2984 - precision: 0.8404 - recall: 0.9445
[1m 5/17[0m [32m━━━━━[0m[37m━━━━━━━━━━━━━━━[0m [1m17s[0m 1s/step - accuracy: 0.9218 - auc: 0.9689 - loss: 0.3019 - precision: 0.8457 - recall: 0.9381
[1m 6/17[0m [32m━━━━━━━[0m[37m━━━━━━━━━━━━━[0m [1m16s[0m 1s/step - accuracy: 0.9183 - auc: 0.9673 - loss: 0.3075 - precision: 0.8440 - recall: 0.9312
[1m 7/17[0m [32m━━━━━━━━[0m[37m━━━━━━━━━━━━[0m [1m14s[0m 1s/step - accuracy: 0.9140 - auc: 0.9654 - loss: 0.3125 - precision: 0.8367 - recall: 0.9254
[1m 8/17[0m [32m━━━━━━━━━[0m[37m━━━━━━━━━━━[0m [1m13s[0m 1s/step - accuracy: 0.9087 - auc: 0.9626 - loss: 0.3192 - precision: 0.8271 - recall: 0.9197
[1m 9/17[0m [32m━━━━━━━━━━[0m[37m━━━━━━━━━━[0m [1m11s[0m 1s/step - accuracy: 0.9034 - auc: 0.9596 - loss: 0.3269 - precision: 0.8198 - recall: 0.9126
[1m10/17[0m [32m━━━━━━━━━━━[0m[37m━━━━━━━━━[0m [1m10s[0m 1s/step - accuracy: 0.8977 - auc: 0.9552 - loss: 0.3366 - precision: 0.8112 - recall: 0.9063
[1m11/17[0m [32m━━━━━━━━━━━━[0m[37m━━━━━━━━[0m [1m8s[0m 1s/step - accuracy: 0.8928 - auc: 0.9510 - loss: 0.3450 - precision: 0.8027 - recall: 0.9022 
[1m12/17[0m [32m━━━━━━━━━━━━━━[0m[37m━━━━━━[0m [1m7s[0m 2s/step - accuracy: 0.8892 - auc: 0.9476 - loss: 0.3518 - precision: 0.7964 - recall: 0.8991
[1m13/17[0m [32m━━━━━━━━━━━━━━━[0m[37m━━━━━[0m [1m6s[0m 2s/step - accuracy: 0.8862 - auc: 0.9449 - loss: 0.3573 - precision: 0.7917 - recall: 0.8964
[1m14/17[0m [32m━━━━━━━━━━━━━━━━[0m[37m━━━━[0m [1m4s[0m 2s/step - accuracy: 0.8835 - auc: 0.9422 - loss: 0.3623 - precision: 0.7875 - recall: 0.8938
[1m15/17[0m [32m━━━━━━━━━━━━━━━━━[0m[37m━━━[0m [1m3s[0m 2s/step - accuracy: 0.8809 - auc: 0.9398 - loss: 0.3670 - precision: 0.7828 - recall: 0.8914
[1m16/17[0m [32m━━━━━━━━━━━━━━━━━━[0m[37m━━[0m [1m1s[0m 2s/step - accuracy: 0.8788 - auc: 0.9379 - loss: 0.3704 - precision: 0.7788 - recall: 0.8899
[1m17/17[0m [32m━━━━━━━━━━━━━━━━━━━━[0m[37m[0m [1m0s[0m 1s/step - accuracy: 0.8767 - auc: 0.9360 - loss: 0.3740 - precision: 0.7749 - recall: 0.8885
Epoch 36: val_recall did not improve from 1.00000

[1m17/17[0m [32m━━━━━━━━━━━━━━━━━━━━[0m[37m[0m [1m26s[0m 2s/step - accuracy: 0.8440 - auc: 0.9059 - loss: 0.4308 - precision: 0.7129 - recall: 0.8663 - val_accuracy: 0.7444 - val_auc: 0.9181 - val_loss: 0.5697 - val_precision: 0.5584 - val_recall: 1.0000 - learning_rate: 1.0000e-04
Epoch 37/80

[1m 1/17[0m [32m━[0m[37m━━━━━━━━━━━━━━━━━━━[0m [1m23s[0m 1s/step - accuracy: 0.9062 - auc: 0.9909 - loss: 0.3027 - precision: 0.7692 - recall: 1.0000
[1m 2/17[0m [32m━━[0m[37m━━━━━━━━━━━━━━━━━━[0m [1m22s[0m 1s/step - accuracy: 0.9062 - auc: 0.9797 - loss: 0.3047 - precision: 0.7759 - recall: 0.9737
[1m 3/17[0m [32m━━━[0m[37m━━━━━━━━━━━━━━━━━[0m [1m20s[0m 1s/step - accuracy: 0.9028 - auc: 0.9765 - loss: 0.3106 - precision: 0.7876 - recall: 0.9522
[1m 4/17[0m [32m━━━━[0m[37m━━━━━━━━━━━━━━━━[0m [1m19s[0m 2s/step - accuracy: 0.9017 - auc: 0.9752 - loss: 0.3158 - precision: 0.8034 - recall: 0.9315
[1m 5/17[0m [32m━━━━━[0m[37m━━━━━━━━━━━━━━━[0m [1m17s[0m 1s/step - accuracy: 0.9026 - auc: 0.9742 - loss: 0.3178 - precision: 0.8127 - recall: 0.9242
[1m 6/17[0m [32m━━━━━━━[0m[37m━━━━━━━━━━━━━[0m [1m16s[0m 1s/step - accuracy: 0.8997 - auc: 0.9721 - loss: 0.3216 - precision: 0.8139 - recall: 0.9147
[1m 7/17[0m [32m━━━━━━━━[0m[37m━━━━━━━━━━━━[0m [1m15s[0m 2s/step - accuracy: 0.8968 - auc: 0.9695 - loss: 0.3260 - precision: 0.8091 - recall: 0.9093
[1m 8/17[0m [32m━━━━━━━━━[0m[37m━━━━━━━━━━━[0m [1m13s[0m 2s/step - accuracy: 0.8926 - auc: 0.9659 - loss: 0.3329 - precision: 0.8017 - recall: 0.9041
[1m 9/17[0m [32m━━━━━━━━━━[0m[37m━━━━━━━━━━[0m [1m12s[0m 2s/step - accuracy: 0.8884 - auc: 0.9622 - loss: 0.3404 - precision: 0.7962 - recall: 0.8976
[1m10/17[0m [32m━━━━━━━━━━━[0m[37m━━━━━━━━━[0m [1m10s[0m 2s/step - accuracy: 0.8833 - auc: 0.9576 - loss: 0.3497 - precision: 0.7886 - recall: 0.8919
[1m11/17[0m [32m━━━━━━━━━━━━[0m[37m━━━━━━━━[0m [1m9s[0m 2s/step - accuracy: 0.8789 - auc: 0.9532 - loss: 0.3577 - precision: 0.7810 - recall: 0.8883 
[1m12/17[0m [32m━━━━━━━━━━━━━━[0m[37m━━━━━━[0m [1m7s[0m 2s/step - accuracy: 0.8756 - auc: 0.9495 - loss: 0.3644 - precision: 0.7754 - recall: 0.8850
[1m13/17[0m [32m━━━━━━━━━━━━━━━[0m[37m━━━━━[0m [1m6s[0m 2s/step - accuracy: 0.8729 - auc: 0.9464 - loss: 0.3699 - precision: 0.7714 - recall: 0.8823
[1m14/17[0m [32m━━━━━━━━━━━━━━━━[0m[37m━━━━[0m [1m4s[0m 2s/step - accuracy: 0.8707 - auc: 0.9436 - loss: 0.3748 - precision: 0.7680 - recall: 0.8802
[1m15/17[0m [32m━━━━━━━━━━━━━━━━━[0m[37m━━━[0m [1m3s[0m 2s/step - accuracy: 0.8687 - auc: 0.9411 - loss: 0.3791 - precision: 0.7644 - recall: 0.8784
[1m16/17[0m [32m━━━━━━━━━━━━━━━━━━[0m[37m━━[0m [1m1s[0m 2s/step - accuracy: 0.8674 - auc: 0.9391 - loss: 0.3824 - precision: 0.7617 - recall: 0.8772
[1m17/17[0m [32m━━━━━━━━━━━━━━━━━━━━[0m[37m[0m [1m0s[0m 1s/step - accuracy: 0.8660 - auc: 0.9373 - loss: 0.3855 - precision: 0.7590 - recall: 0.8763
Epoch 37: ReduceLROnPlateau reducing learning rate to 4.999999873689376e-05.

Epoch 37: val_recall did not improve from 1.00000

[1m17/17[0m [32m━━━━━━━━━━━━━━━━━━━━[0m[37m[0m [1m26s[0m 2s/step - accuracy: 0.8440 - auc: 0.9086 - loss: 0.4352 - precision: 0.7150 - recall: 0.8605 - val_accuracy: 0.3684 - val_auc: 0.8141 - val_loss: 0.8106 - val_precision: 0.3386 - val_recall: 1.0000 - learning_rate: 1.0000e-04
Epoch 38/80

[1m 1/17[0m [32m━[0m[37m━━━━━━━━━━━━━━━━━━━[0m [1m24s[0m 2s/step - accuracy: 0.9375 - auc: 0.9727 - loss: 0.2823 - precision: 0.8333 - recall: 1.0000
[1m 2/17[0m [32m━━[0m[37m━━━━━━━━━━━━━━━━━━[0m [1m26s[0m 2s/step - accuracy: 0.9297 - auc: 0.9712 - loss: 0.2882 - precision: 0.8258 - recall: 0.9737
[1m 3/17[0m [32m━━━[0m[37m━━━━━━━━━━━━━━━━━[0m [1m23s[0m 2s/step - accuracy: 0.9219 - auc: 0.9705 - loss: 0.2976 - precision: 0.8224 - recall: 0.9623
[1m 4/17[0m [32m━━━━[0m[37m━━━━━━━━━━━━━━━━[0m [1m20s[0m 2s/step - accuracy: 0.9180 - auc: 0.9705 - loss: 0.3043 - precision: 0.8304 - recall: 0.9445
[1m 5/17[0m [32m━━━━━[0m[37m━━━━━━━━━━━━━━━[0m [1m19s[0m 2s/step - accuracy: 0.9169 - auc: 0.9698 - loss: 0.3080 - precision: 0.8348 - recall: 0.9381
[1m 6/17[0m [32m━━━━━━━[0m[37m━━━━━━━━━━━━━[0m [1m17s[0m 2s/step - accuracy: 0.9134 - auc: 0.9668 - loss: 0.3156 - precision: 0.8330 - recall: 0.9312
[1m 7/17[0m [32m━━━━━━━━[0m[37m━━━━━━━━━━━━[0m [1m15s[0m 2s/step - accuracy: 0.9092 - auc: 0.9643 - loss: 0.3213 - precision: 0.8259 - recall: 0.9254
[1m 8/17[0m [32m━━━━━━━━━[0m[37m━━━━━━━━━━━[0m [1m14s[0m 2s/step - accuracy: 0.9044 - auc: 0.9611 - loss: 0.3282 - precision: 0.8177 - recall: 0.9197
[1m 9/17[0m [32m━━━━━━━━━━[0m[37m━━━━━━━━━━[0m [1m12s[0m 2s/step - accuracy: 0.8996 - auc: 0.9583 - loss: 0.3356 - precision: 0.8115 - recall: 0.9126
[1m10/17[0m [32m━━━━━━━━━━━[0m[37m━━━━━━━━━[0m [1m10s[0m 2s/step - accuracy: 0.8943 - auc: 0.9542 - loss: 0.3446 - precision: 0.8037 - recall: 0.9063
[1m11/17[0m [32m━━━━━━━━━━━━[0m[37m━━━━━━━━[0m [1m9s[0m 2s/step - accuracy: 0.8897 - auc: 0.9499 - loss: 0.3529 - precision: 0.7959 - recall: 0.9022 
[1m12/17[0m [32m━━━━━━━━━━━━━━[0m[37m━━━━━━[0m [1m7s[0m 2s/step - accuracy: 0.8863 - auc: 0.9464 - loss: 0.3596 - precision: 0.7901 - recall: 0.8991
[1m13/17[0m [32m━━━━━━━━━━━━━━━[0m[37m━━━━━[0m [1m6s[0m 2s/step - accuracy: 0.8836 - auc: 0.9436 - loss: 0.3650 - precision: 0.7860 - recall: 0.8964
[1m14/17[0m [32m━━━━━━━━━━━━━━━━[0m[37m━━━━[0m [1m4s[0m 2s/step - accuracy: 0.8809 - auc: 0.9412 - loss: 0.3699 - precision: 0.7819 - recall: 0.8938
[1m15/17[0m [32m━━━━━━━━━━━━━━━━━[0m[37m━━━[0m [1m3s[0m 2s/step - accuracy: 0.8786 - auc: 0.9390 - loss: 0.3742 - precision: 0.7776 - recall: 0.8919
[1m16/17[0m [32m━━━━━━━━━━━━━━━━━━[0m[37m━━[0m [1m1s[0m 2s/step - accuracy: 0.8768 - auc: 0.9374 - loss: 0.3775 - precision: 0.7740 - recall: 0.8907
[1m17/17[0m [32m━━━━━━━━━━━━━━━━━━━━[0m[37m[0m [1m0s[0m 2s/step - accuracy: 0.8750 - auc: 0.9358 - loss: 0.3808 - precision: 0.7705 - recall: 0.8896
Epoch 38: val_recall did not improve from 1.00000

[1m17/17[0m [32m━━━━━━━━━━━━━━━━━━━━[0m[37m[0m [1m27s[0m 2s/step - accuracy: 0.8459 - auc: 0.9113 - loss: 0.4325 - precision: 0.7143 - recall: 0.8721 - val_accuracy: 0.3233 - val_auc: 0.7132 - val_loss: 0.9332 - val_precision: 0.3233 - val_recall: 1.0000 - learning_rate: 5.0000e-05
Epoch 39/80

[1m 1/17[0m [32m━[0m[37m━━━━━━━━━━━━━━━━━━━[0m [1m24s[0m 2s/step - accuracy: 0.9375 - auc: 0.9818 - loss: 0.3176 - precision: 0.8333 - recall: 1.0000
[1m 2/17[0m [32m━━[0m[37m━━━━━━━━━━━━━━━━━━[0m [1m22s[0m 1s/step - accuracy: 0.9375 - auc: 0.9739 - loss: 0.3234 - precision: 0.8297 - recall: 1.0000
[1m 3/17[0m [32m━━━[0m[37m━━━━━━━━━━━━━━━━━[0m [1m20s[0m 1s/step - accuracy: 0.9306 - auc: 0.9692 - loss: 0.3347 - precision: 0.8266 - recall: 0.9899
[1m 4/17[0m [32m━━━━[0m[37m━━━━━━━━━━━━━━━━[0m [1m19s[0m 1s/step - accuracy: 0.9284 - auc: 0.9680 - loss: 0.3394 - precision: 0.8350 - recall: 0.9761
[1m 5/17[0m [32m━━━━━[0m[37m━━━━━━━━━━━━━━━[0m [1m17s[0m 1s/step - accuracy: 0.9277 - auc: 0.9665 - loss: 0.3415 - precision: 0.8394 - recall: 0.9704
[1m 6/17[0m [32m━━━━━━━[0m[37m━━━━━━━━━━━━━[0m [1m16s[0m 1s/step - accuracy: 0.9233 - auc: 0.9632 - loss: 0.3472 - precision: 0.8373 - recall: 0.9606
[1m 7/17[0m [32m━━━━━━━━[0m[37m━━━━━━━━━━━━[0m [1m14s[0m 1s/step - accuracy: 0.9189 - auc: 0.9605 - loss: 0.3510 - precision: 0.8313 - recall: 0.9525
[1m 8/17[0m [32m━━━━━━━━━[0m[37m━━━━━━━━━━━[0m [1m13s[0m 1s/step - accuracy: 0.9139 - auc: 0.9573 - loss: 0.3558 - precision: 0.8237 - recall: 0.9449
[1m 9/17[0m [32m━━━━━━━━━━[0m[37m━━━━━━━━━━[0m [1m12s[0m 2s/step - accuracy: 0.9092 - auc: 0.9545 - loss: 0.3608 - precision: 0.8181 - recall: 0.9373
[1m10/17[0m [32m━━━━━━━━━━━[0m[37m━━━━━━━━━[0m [1m10s[0m 1s/step - accuracy: 0.9039 - auc: 0.9503 - loss: 0.3679 - precision: 0.8106 - recall: 0.9305
[1m11/17[0m [32m━━━━━━━━━━━━[0m[37m━━━━━━━━[0m [1m8s[0m 1s/step - accuracy: 0.8992 - auc: 0.9466 - loss: 0.3736 - precision: 0.8030 - recall: 0.9257 
[1m12/17[0m [32m━━━━━━━━━━━━━━[0m[37m━━━━━━[0m [1m7s[0m 1s/step - accuracy: 0.8952 - auc: 0.9439 - loss: 0.3781 - precision: 0.7971 - recall: 0.9207
[1m13/17[0m [32m━━━━━━━━━━━━━━━[0m[37m━━━━━[0m [1m5s[0m 1s/step - accuracy: 0.8920 - auc: 0.9416 - loss: 0.3818 - precision: 0.7927 - recall: 0.9163
[1m14/17[0m [32m━━━━━━━━━━━━━━━━[0m[37m━━━━[0m [1m4s[0m 1s/step - accuracy: 0.8892 - auc: 0.9396 - loss: 0.3852 - precision: 0.7889 - recall: 0.9127
[1m15/17[0m [32m━━━━━━━━━━━━━━━━━[0m[37m━━━[0m [1m2s[0m 1s/step - accuracy: 0.8866 - auc: 0.9377 - loss: 0.3882 - precision: 0.7847 - recall: 0.9096
[1m16/17[0m [32m━━━━━━━━━━━━━━━━━━[0m[37m━━[0m [1m1s[0m 1s/step - accuracy: 0.8847 - auc: 0.9364 - loss: 0.3901 - precision: 0.7813 - recall: 0.9073
[1m17/17[0m [32m━━━━━━━━━━━━━━━━━━━━[0m[37m[0m [1m0s[0m 1s/step - accuracy: 0.8827 - auc: 0.9352 - loss: 0.3920 - precision: 0.7780 - recall: 0.9052
Epoch 39: val_recall did not improve from 1.00000

[1m17/17[0m [32m━━━━━━━━━━━━━━━━━━━━[0m[37m[0m [1m26s[0m 2s/step - accuracy: 0.8515 - auc: 0.9160 - loss: 0.4227 - precision: 0.7246 - recall: 0.8721 - val_accuracy: 0.7218 - val_auc: 0.9200 - val_loss: 0.5407 - val_precision: 0.5375 - val_recall: 1.0000 - learning_rate: 5.0000e-05
Epoch 40/80

[1m 1/17[0m [32m━[0m[37m━━━━━━━━━━━━━━━━━━━[0m [1m24s[0m 2s/step - accuracy: 0.9375 - auc: 0.9795 - loss: 0.2856 - precision: 0.8333 - recall: 1.0000
[1m 2/17[0m [32m━━[0m[37m━━━━━━━━━━━━━━━━━━[0m [1m22s[0m 2s/step - accuracy: 0.9297 - auc: 0.9702 - loss: 0.3022 - precision: 0.8258 - recall: 0.9737
[1m 3/17[0m [32m━━━[0m[37m━━━━━━━━━━━━━━━━━[0m [1m22s[0m 2s/step - accuracy: 0.9149 - auc: 0.9696 - loss: 0.3096 - precision: 0.8137 - recall: 0.9522
[1m 4/17[0m [32m━━━━[0m[37m━━━━━━━━━━━━━━━━[0m [1m20s[0m 2s/step - accuracy: 0.9108 - auc: 0.9696 - loss: 0.3133 - precision: 0.8194 - recall: 0.9369
[1m 5/17[0m [32m━━━━━[0m[37m━━━━━━━━━━━━━━━[0m [1m18s[0m 2s/step - accuracy: 0.9099 - auc: 0.9704 - loss: 0.3131 - precision: 0.8233 - recall: 0.9320
[1m 6/17[0m [32m━━━━━━━[0m[37m━━━━━━━━━━━━━[0m [1m16s[0m 2s/step - accuracy: 0.9058 - auc: 0.9688 - loss: 0.3168 - precision: 0.8212 - recall: 0.9237
[1m 7/17[0m [32m━━━━━━━━[0m[37m━━━━━━━━━━━━[0m [1m15s[0m 2s/step - accuracy: 0.9021 - auc: 0.9667 - loss: 0.3204 - precision: 0.8144 - recall: 0.9190
[1m 8/17[0m [32m━━━━━━━━━[0m[37m━━━━━━━━━━━[0m [1m13s[0m 2s/step - accuracy: 0.8972 - auc: 0.9634 - loss: 0.3267 - precision: 0.8057 - recall: 0.9140
[1m 9/17[0m [32m━━━━━━━━━━[0m[37m━━━━━━━━━━[0m [1m12s[0m 2s/step - accuracy: 0.8928 - auc: 0.9602 - loss: 0.3331 - precision: 0.7996 - recall: 0.9087
[1m10/17[0m [32m━━━━━━━━━━━[0m[37m━━━━━━━━━[0m [1m10s[0m 2s/step - accuracy: 0.8879 - auc: 0.9568 - loss: 0.3404 - precision: 0.7920 - recall: 0.9038
[1m11/17[0m [32m━━━━━━━━━━━━[0m[37m━━━━━━━━[0m [1m9s[0m 2s/step - accuracy: 0.8836 - auc: 0.9537 - loss: 0.3466 - precision: 0.7845 - recall: 0.9007 
[1m12/17[0m [32m━━━━━━━━━━━━━━[0m[37m━━━━━━[0m [1m7s[0m 2s/step - accuracy: 0.8801 - auc: 0.9511 - loss: 0.3516 - precision: 0.7787 - recall: 0.8971
[1m13/17[0m [32m━━━━━━━━━━━━━━━[0m[37m━━━━━[0m [1m6s[0m 2s/step - accuracy: 0.8773 - auc: 0.9491 - loss: 0.3557 - precision: 0.7746 - recall: 0.8939
[1m14/17[0m [32m━━━━━━━━━━━━━━━━[0m[37m━━━━[0m [1m4s[0m 2s/step - accuracy: 0.8747 - auc: 0.9474 - loss: 0.3592 - precision: 0.7710 - recall: 0.8910
[1m15/17[0m [32m━━━━━━━━━━━━━━━━━[0m[37m━━━[0m [1m3s[0m 2s/step - accuracy: 0.8724 - auc: 0.9459 - loss: 0.3622 - precision: 0.7670 - recall: 0.8885
[1m16/17[0m [32m━━━━━━━━━━━━━━━━━━[0m[37m━━[0m [1m1s[0m 2s/step - accuracy: 0.8707 - auc: 0.9447 - loss: 0.3645 - precision: 0.7639 - recall: 0.8867
[1m17/17[0m [32m━━━━━━━━━━━━━━━━━━━━[0m[37m[0m [1m0s[0m 2s/step - accuracy: 0.8690 - auc: 0.9437 - loss: 0.3668 - precision: 0.7608 - recall: 0.8852
Epoch 40: val_recall did not improve from 1.00000

[1m17/17[0m [32m━━━━━━━━━━━━━━━━━━━━[0m[37m[0m [1m28s[0m 2s/step - accuracy: 0.8421 - auc: 0.9267 - loss: 0.4036 - precision: 0.7115 - recall: 0.8605 - val_accuracy: 0.8571 - val_auc: 0.9226 - val_loss: 0.3749 - val_precision: 0.7143 - val_recall: 0.9302 - learning_rate: 5.0000e-05
Epoch 41/80

[1m 1/17[0m [32m━[0m[37m━━━━━━━━━━━━━━━━━━━[0m [1m23s[0m 1s/step - accuracy: 0.9375 - auc: 0.9682 - loss: 0.3051 - precision: 0.8333 - recall: 1.0000
[1m 2/17[0m [32m━━[0m[37m━━━━━━━━━━━━━━━━━━[0m [1m21s[0m 1s/step - accuracy: 0.9297 - auc: 0.9537 - loss: 0.3178 - precision: 0.8258 - recall: 0.9737
[1m 3/17[0m [32m━━━[0m[37m━━━━━━━━━━━━━━━━━[0m [1m20s[0m 1s/step - accuracy: 0.9219 - auc: 0.9517 - loss: 0.3267 - precision: 0.8224 - recall: 0.9623
[1m 4/17[0m [32m━━━━[0m[37m━━━━━━━━━━━━━━━━[0m [1m19s[0m 2s/step - accuracy: 0.9199 - auc: 0.9537 - loss: 0.3272 - precision: 0.8311 - recall: 0.9500
[1m 5/17[0m [32m━━━━━[0m[37m━━━━━━━━━━━━━━━[0m [1m17s[0m 1s/step - accuracy: 0.9197 - auc: 0.9543 - loss: 0.3277 - precision: 0.8359 - recall: 0.9459
[1m 6/17[0m [32m━━━━━━━[0m[37m━━━━━━━━━━━━━[0m [1m16s[0m 1s/step - accuracy: 0.9166 - auc: 0.9535 - loss: 0.3310 - precision: 0.8343 - recall: 0.9402
[1m 7/17[0m [32m━━━━━━━━[0m[37m━━━━━━━━━━━━[0m [1m14s[0m 1s/step - accuracy: 0.9132 - auc: 0.9523 - loss: 0.3344 - precision: 0.8277 - recall: 0.9370
[1m 8/17[0m [32m━━━━━━━━━[0m[37m━━━━━━━━━━━[0m [1m13s[0m 2s/step - accuracy: 0.9089 - auc: 0.9505 - loss: 0.3392 - precision: 0.8199 - recall: 0.9329
[1m 9/17[0m [32m━━━━━━━━━━[0m[37m━━━━━━━━━━[0m [1m12s[0m 2s/step - accuracy: 0.9044 - auc: 0.9486 - loss: 0.3449 - precision: 0.8139 - recall: 0.9266
[1m10/17[0m [32m━━━━━━━━━━━[0m[37m━━━━━━━━━[0m [1m10s[0m 2s/step - accuracy: 0.8992 - auc: 0.9450 - loss: 0.3535 - precision: 0.8063 - recall: 0.9208
[1m11/17[0m [32m━━━━━━━━━━━━[0m[37m━━━━━━━━[0m [1m9s[0m 2s/step - accuracy: 0.8947 - auc: 0.9415 - loss: 0.3608 - precision: 0.7986 - recall: 0.9170 
[1m12/17[0m [32m━━━━━━━━━━━━━━[0m[37m━━━━━━[0m [1m7s[0m 2s/step - accuracy: 0.8911 - auc: 0.9388 - loss: 0.3667 - precision: 0.7928 - recall: 0.9133
[1m13/17[0m [32m━━━━━━━━━━━━━━━[0m[37m━━━━━[0m [1m6s[0m 2s/step - accuracy: 0.8882 - auc: 0.9367 - loss: 0.3712 - precision: 0.7885 - recall: 0.9100
[1m14/17[0m [32m━━━━━━━━━━━━━━━━[0m[37m━━━━[0m [1m4s[0m 2s/step - accuracy: 0.8857 - auc: 0.9349 - loss: 0.3752 - precision: 0.7848 - recall: 0.9074
[1m15/17[0m [32m━━━━━━━━━━━━━━━━━[0m[37m━━━[0m [1m3s[0m 2s/step - accuracy: 0.8834 - auc: 0.9332 - loss: 0.3787 - precision: 0.7808 - recall: 0.9054
[1m16/17[0m [32m━━━━━━━━━━━━━━━━━━[0m[37m━━[0m [1m1s[0m 2s/step - accuracy: 0.8818 - auc: 0.9320 - loss: 0.3812 - precision: 0.7776 - recall: 0.9042
[1m17/17[0m [32m━━━━━━━━━━━━━━━━━━━━[0m[37m[0m [1m0s[0m 1s/step - accuracy: 0.8801 - auc: 0.9309 - loss: 0.3836 - precision: 0.7745 - recall: 0.9030
Epoch 41: val_recall did not improve from 1.00000

[1m17/17[0m [32m━━━━━━━━━━━━━━━━━━━━[0m[37m[0m [1m26s[0m 2s/step - accuracy: 0.8534 - auc: 0.9133 - loss: 0.4215 - precision: 0.7238 - recall: 0.8837 - val_accuracy: 0.7669 - val_auc: 0.9193 - val_loss: 0.4402 - val_precision: 0.8333 - val_recall: 0.3488 - learning_rate: 5.0000e-05
Epoch 42/80

[1m 1/17[0m [32m━[0m[37m━━━━━━━━━━━━━━━━━━━[0m [1m23s[0m 1s/step - accuracy: 0.9375 - auc: 0.9455 - loss: 0.3116 - precision: 0.8333 - recall: 1.0000
[1m 2/17[0m [32m━━[0m[37m━━━━━━━━━━━━━━━━━━[0m [1m22s[0m 1s/step - accuracy: 0.9297 - auc: 0.9461 - loss: 0.3185 - precision: 0.8258 - recall: 0.9737
[1m 3/17[0m [32m━━━[0m[37m━━━━━━━━━━━━━━━━━[0m [1m21s[0m 2s/step - accuracy: 0.9184 - auc: 0.9472 - loss: 0.3250 - precision: 0.8208 - recall: 0.9522
[1m 4/17[0m [32m━━━━[0m[37m━━━━━━━━━━━━━━━━[0m [1m20s[0m 2s/step - accuracy: 0.9134 - auc: 0.9496 - loss: 0.3285 - precision: 0.8283 - recall: 0.9315
[1m 5/17[0m [32m━━━━━[0m[37m━━━━━━━━━━━━━━━[0m [1m18s[0m 2s/step - accuracy: 0.9120 - auc: 0.9515 - loss: 0.3282 - precision: 0.8327 - recall: 0.9242
[1m 6/17[0m [32m━━━━━━━[0m[37m━━━━━━━━━━━━━[0m [1m16s[0m 2s/step - accuracy: 0.9093 - auc: 0.9512 - loss: 0.3307 - precision: 0.8313 - recall: 0.9196
[1m 7/17[0m [32m━━━━━━━━[0m[37m━━━━━━━━━━━━[0m [1m15s[0m 2s/step - accuracy: 0.9069 - auc: 0.9504 - loss: 0.3335 - precision: 0.8261 - recall: 0.9174
[1m 8/17[0m [32m━━━━━━━━━[0m[37m━━━━━━━━━━━[0m [1m13s[0m 2s/step - accuracy: 0.9029 - auc: 0.9483 - loss: 0.3386 - precision: 0.8182 - recall: 0.9142
[1m 9/17[0m [32m━━━━━━━━━━[0m[37m━━━━━━━━━━[0m [1m12s[0m 2s/step - accuracy: 0.8987 - auc: 0.9462 - loss: 0.3445 - precision: 0.8122 - recall: 0.9088
[1m10/17[0m [32m━━━━━━━━━━━[0m[37m━━━━━━━━━[0m [1m10s[0m 2s/step - accuracy: 0.8941 - auc: 0.9431 - loss: 0.3520 - precision: 0.8051 - recall: 0.9039
[1m11/17[0m [32m━━━━━━━━━━━━[0m[37m━━━━━━━━[0m [1m9s[0m 2s/step - accuracy: 0.8901 - auc: 0.9403 - loss: 0.3582 - precision: 0.7978 - recall: 0.9008 
[1m12/17[0m [32m━━━━━━━━━━━━━━[0m[37m━━━━━━[0m [1m7s[0m 2s/step - accuracy: 0.8866 - auc: 0.9381 - loss: 0.3632 - precision: 0.7921 - recall: 0.8972
[1m13/17[0m [32m━━━━━━━━━━━━━━━[0m[37m━━━━━[0m [1m6s[0m 2s/step - accuracy: 0.8839 - auc: 0.9363 - loss: 0.3674 - precision: 0.7881 - recall: 0.8940
[1m14/17[0m [32m━━━━━━━━━━━━━━━━[0m[37m━━━━[0m [1m4s[0m 1s/step - accuracy: 0.8813 - auc: 0.9347 - loss: 0.3712 - precision: 0.7843 - recall: 0.8911
[1m15/17[0m [32m━━━━━━━━━━━━━━━━━[0m[37m━━━[0m [1m3s[0m 2s/step - accuracy: 0.8790 - auc: 0.9332 - loss: 0.3746 - precision: 0.7802 - recall: 0.8885
[1m16/17[0m [32m━━━━━━━━━━━━━━━━━━[0m[37m━━[0m [1m1s[0m 2s/step - accuracy: 0.8773 - auc: 0.9322 - loss: 0.3770 - precision: 0.7770 - recall: 0.8868
[1m17/17[0m [32m━━━━━━━━━━━━━━━━━━━━[0m[37m[0m [1m0s[0m 1s/step - accuracy: 0.8756 - auc: 0.9311 - loss: 0.3795 - precision: 0.7739 - recall: 0.8852
Epoch 42: val_recall did not improve from 1.00000

[1m17/17[0m [32m━━━━━━━━━━━━━━━━━━━━[0m[37m[0m [1m26s[0m 2s/step - accuracy: 0.8496 - auc: 0.9144 - loss: 0.4189 - precision: 0.7255 - recall: 0.8605 - val_accuracy: 0.6767 - val_auc: 0.9154 - val_loss: 0.7237 - val_precision: 0.0000e+00 - val_recall: 0.0000e+00 - learning_rate: 5.0000e-05
Epoch 43/80

[1m 1/17[0m [32m━[0m[37m━━━━━━━━━━━━━━━━━━━[0m [1m24s[0m 2s/step - accuracy: 0.9375 - auc: 0.9932 - loss: 0.2435 - precision: 0.8333 - recall: 1.0000
[1m 2/17[0m [32m━━[0m[37m━━━━━━━━━━━━━━━━━━[0m [1m21s[0m 1s/step - accuracy: 0.9219 - auc: 0.9828 - loss: 0.2644 - precision: 0.8214 - recall: 0.9474
[1m 3/17[0m [32m━━━[0m[37m━━━━━━━━━━━━━━━━━[0m [1m20s[0m 1s/step - accuracy: 0.9132 - auc: 0.9771 - loss: 0.2866 - precision: 0.8238 - recall: 0.9245
[1m 4/17[0m [32m━━━━[0m[37m━━━━━━━━━━━━━━━━[0m [1m19s[0m 1s/step - accuracy: 0.9095 - auc: 0.9751 - loss: 0.2970 - precision: 0.8345 - recall: 0.9053
[1m 5/17[0m [32m━━━━━[0m[37m━━━━━━━━━━━━━━━[0m [1m17s[0m 1s/step - accuracy: 0.9089 - auc: 0.9734 - loss: 0.3018 - precision: 0.8400 - recall: 0.8997
[1m 6/17[0m [32m━━━━━━━[0m[37m━━━━━━━━━━━━━[0m [1m16s[0m 1s/step - accuracy: 0.9067 - auc: 0.9700 - loss: 0.3083 - precision: 0.8389 - recall: 0.8968
[1m 7/17[0m [32m━━━━━━━━[0m[37m━━━━━━━━━━━━[0m [1m14s[0m 1s/step - accuracy: 0.9034 - auc: 0.9669 - loss: 0.3140 - precision: 0.8319 - recall: 0.8939
[1m 8/17[0m [32m━━━━━━━━━[0m[37m━━━━━━━━━━━[0m [1m13s[0m 1s/step - accuracy: 0.8994 - auc: 0.9633 - loss: 0.3210 - precision: 0.8237 - recall: 0.8906
[1m 9/17[0m [32m━━━━━━━━━━[0m[37m━━━━━━━━━━[0m [1m11s[0m 1s/step - accuracy: 0.8955 - auc: 0.9601 - loss: 0.3284 - precision: 0.8176 - recall: 0.8867
[1m10/17[0m [32m━━━━━━━━━━━[0m[37m━━━━━━━━━[0m [1m10s[0m 2s/step - accuracy: 0.8907 - auc: 0.9559 - loss: 0.3378 - precision: 0.8092 - recall: 0.8831
[1m11/17[0m [32m━━━━━━━━━━━━[0m[37m━━━━━━━━[0m [1m9s[0m 2s/step - accuracy: 0.8864 - auc: 0.9518 - loss: 0.3458 - precision: 0.8009 - recall: 0.8811 
[1m12/17[0m [32m━━━━━━━━━━━━━━[0m[37m━━━━━━[0m [1m7s[0m 2s/step - accuracy: 0.8828 - auc: 0.9486 - loss: 0.3521 - precision: 0.7944 - recall: 0.8784
[1m13/17[0m [32m━━━━━━━━━━━━━━━[0m[37m━━━━━[0m [1m6s[0m 2s/step - accuracy: 0.8800 - auc: 0.9460 - loss: 0.3572 - precision: 0.7896 - recall: 0.8762
[1m14/17[0m [32m━━━━━━━━━━━━━━━━[0m[37m━━━━[0m [1m4s[0m 2s/step - accuracy: 0.8776 - auc: 0.9437 - loss: 0.3616 - precision: 0.7855 - recall: 0.8745
[1m15/17[0m [32m━━━━━━━━━━━━━━━━━[0m[37m━━━[0m [1m3s[0m 2s/step - accuracy: 0.8753 - auc: 0.9415 - loss: 0.3658 - precision: 0.7810 - recall: 0.8731
[1m16/17[0m [32m━━━━━━━━━━━━━━━━━━[0m[37m━━[0m [1m1s[0m 2s/step - accuracy: 0.8737 - auc: 0.9398 - loss: 0.3689 - precision: 0.7775 - recall: 0.8723
[1m17/17[0m [32m━━━━━━━━━━━━━━━━━━━━[0m[37m[0m [1m0s[0m 1s/step - accuracy: 0.8721 - auc: 0.9382 - loss: 0.3720 - precision: 0.7740 - recall: 0.8716
Epoch 43: val_recall did not improve from 1.00000

[1m17/17[0m [32m━━━━━━━━━━━━━━━━━━━━[0m[37m[0m [1m27s[0m 2s/step - accuracy: 0.8459 - auc: 0.9131 - loss: 0.4215 - precision: 0.7184 - recall: 0.8605 - val_accuracy: 0.6767 - val_auc: 0.9109 - val_loss: 0.9230 - val_precision: 0.0000e+00 - val_recall: 0.0000e+00 - learning_rate: 5.0000e-05
Epoch 44/80

[1m 1/17[0m [32m━[0m[37m━━━━━━━━━━━━━━━━━━━[0m [1m23s[0m 1s/step - accuracy: 0.9375 - auc: 0.9545 - loss: 0.2884 - precision: 0.8333 - recall: 1.0000
[1m 2/17[0m [32m━━[0m[37m━━━━━━━━━━━━━━━━━━[0m [1m21s[0m 1s/step - accuracy: 0.9297 - auc: 0.9474 - loss: 0.3080 - precision: 0.8258 - recall: 0.9737
[1m 3/17[0m [32m━━━[0m[37m━━━━━━━━━━━━━━━━━[0m [1m20s[0m 1s/step - accuracy: 0.9253 - auc: 0.9468 - loss: 0.3201 - precision: 0.8298 - recall: 0.9623
[1m 4/17[0m [32m━━━━[0m[37m━━━━━━━━━━━━━━━━[0m [1m19s[0m 2s/step - accuracy: 0.9225 - auc: 0.9490 - loss: 0.3233 - precision: 0.8404 - recall: 0.9445
[1m 5/17[0m [32m━━━━━[0m[37m━━━━━━━━━━━━━━━[0m [1m18s[0m 2s/step - accuracy: 0.9218 - auc: 0.9508 - loss: 0.3237 - precision: 0.8457 - recall: 0.9381
[1m 6/17[0m [32m━━━━━━━[0m[37m━━━━━━━━━━━━━[0m [1m17s[0m 2s/step - accuracy: 0.9183 - auc: 0.9515 - loss: 0.3261 - precision: 0.8440 - recall: 0.9312
[1m 7/17[0m [32m━━━━━━━━[0m[37m━━━━━━━━━━━━[0m [1m15s[0m 2s/step - accuracy: 0.9147 - auc: 0.9509 - loss: 0.3289 - precision: 0.8370 - recall: 0.9274
[1m 8/17[0m [32m━━━━━━━━━[0m[37m━━━━━━━━━━━[0m [1m13s[0m 2s/step - accuracy: 0.9102 - auc: 0.9497 - loss: 0.3333 - precision: 0.8287 - recall: 0.9229
[1m 9/17[0m [32m━━━━━━━━━━[0m[37m━━━━━━━━━━[0m [1m12s[0m 2s/step - accuracy: 0.9055 - auc: 0.9481 - loss: 0.3383 - precision: 0.8223 - recall: 0.9166
[1m10/17[0m [32m━━━━━━━━━━━[0m[37m━━━━━━━━━[0m [1m10s[0m 2s/step - accuracy: 0.9000 - auc: 0.9452 - loss: 0.3456 - precision: 0.8137 - recall: 0.9109
[1m11/17[0m [32m━━━━━━━━━━━━[0m[37m━━━━━━━━[0m [1m9s[0m 2s/step - accuracy: 0.8951 - auc: 0.9424 - loss: 0.3517 - precision: 0.8051 - recall: 0.9071 
[1m12/17[0m [32m━━━━━━━━━━━━━━[0m[37m━━━━━━[0m [1m7s[0m 2s/step - accuracy: 0.8911 - auc: 0.9403 - loss: 0.3565 - precision: 0.7984 - recall: 0.9030
[1m13/17[0m [32m━━━━━━━━━━━━━━━[0m[37m━━━━━[0m [1m5s[0m 1s/step - accuracy: 0.8882 - auc: 0.9386 - loss: 0.3602 - precision: 0.7937 - recall: 0.9005
[1m14/17[0m [32m━━━━━━━━━━━━━━━━[0m[37m━━━━[0m [1m4s[0m 1s/step - accuracy: 0.8853 - auc: 0.9369 - loss: 0.3640 - precision: 0.7894 - recall: 0.8976
[1m15/17[0m [32m━━━━━━━━━━━━━━━━━[0m[37m━━━[0m [1m2s[0m 1s/step - accuracy: 0.8828 - auc: 0.9355 - loss: 0.3671 - precision: 0.7849 - recall: 0.8954
[1m16/17[0m [32m━━━━━━━━━━━━━━━━━━[0m[37m━━[0m [1m1s[0m 2s/step - accuracy: 0.8810 - auc: 0.9344 - loss: 0.3694 - precision: 0.7813 - recall: 0.8940
[1m17/17[0m [32m━━━━━━━━━━━━━━━━━━━━[0m[37m[0m [1m0s[0m 1s/step - accuracy: 0.8791 - auc: 0.9333 - loss: 0.3717 - precision: 0.7778 - recall: 0.8927
Epoch 44: val_recall did not improve from 1.00000

[1m17/17[0m [32m━━━━━━━━━━━━━━━━━━━━[0m[37m[0m [1m26s[0m 2s/step - accuracy: 0.8496 - auc: 0.9162 - loss: 0.4088 - precision: 0.7212 - recall: 0.8721 - val_accuracy: 0.6767 - val_auc: 0.9129 - val_loss: 0.7651 - val_precision: 0.0000e+00 - val_recall: 0.0000e+00 - learning_rate: 5.0000e-05
Epoch 45/80

[1m 1/17[0m [32m━[0m[37m━━━━━━━━━━━━━━━━━━━[0m [1m23s[0m 1s/step - accuracy: 0.9375 - auc: 0.9909 - loss: 0.2875 - precision: 0.8333 - recall: 1.0000
[1m 2/17[0m [32m━━[0m[37m━━━━━━━━━━━━━━━━━━[0m [1m21s[0m 1s/step - accuracy: 0.9297 - auc: 0.9770 - loss: 0.3029 - precision: 0.8258 - recall: 0.9737
[1m 3/17[0m [32m━━━[0m[37m━━━━━━━━━━━━━━━━━[0m [1m20s[0m 1s/step - accuracy: 0.9288 - auc: 0.9732 - loss: 0.3122 - precision: 0.8312 - recall: 0.9724
[1m 4/17[0m [32m━━━━[0m[37m━━━━━━━━━━━━━━━━[0m [1m19s[0m 1s/step - accuracy: 0.9290 - auc: 0.9727 - loss: 0.3151 - precision: 0.8428 - recall: 0.9630
[1m 5/17[0m [32m━━━━━[0m[37m━━━━━━━━━━━━━━━[0m [1m17s[0m 1s/step - accuracy: 0.9282 - auc: 0.9721 - loss: 0.3157 - precision: 0.8480 - recall: 0.9563
[1m 6/17[0m [32m━━━━━━━[0m[37m━━━━━━━━━━━━━[0m [1m16s[0m 1s/step - accuracy: 0.9237 - auc: 0.9696 - loss: 0.3201 - precision: 0.8459 - recall: 0.9465
[1m 7/17[0m [32m━━━━━━━━[0m[37m━━━━━━━━━━━━[0m [1m14s[0m 1s/step - accuracy: 0.9199 - auc: 0.9671 - loss: 0.3239 - precision: 0.8401 - recall: 0.9404
[1m 8/17[0m [32m━━━━━━━━━[0m[37m━━━━━━━━━━━[0m [1m13s[0m 1s/step - accuracy: 0.9153 - auc: 0.9636 - loss: 0.3297 - precision: 0.8324 - recall: 0.9343
[1m 9/17[0m [32m━━━━━━━━━━[0m[37m━━━━━━━━━━[0m [1m11s[0m 1s/step - accuracy: 0.9104 - auc: 0.9608 - loss: 0.3355 - precision: 0.8264 - recall: 0.9267
[1m10/17[0m [32m━━━━━━━━━━━[0m[37m━━━━━━━━━[0m [1m10s[0m 1s/step - accuracy: 0.9050 - auc: 0.9571 - loss: 0.3431 - precision: 0.8185 - recall: 0.9200
[1m11/17[0m [32m━━━━━━━━━━━━[0m[37m━━━━━━━━[0m [1m8s[0m 1s/step - accuracy: 0.9002 - auc: 0.9540 - loss: 0.3493 - precision: 0.8105 - recall: 0.9154 
[1m12/17[0m [32m━━━━━━━━━━━━━━[0m[37m━━━━━━[0m [1m7s[0m 2s/step - accuracy: 0.8962 - auc: 0.9517 - loss: 0.3542 - precision: 0.8042 - recall: 0.9106
[1m13/17[0m [32m━━━━━━━━━━━━━━━[0m[37m━━━━━[0m [1m6s[0m 2s/step - accuracy: 0.8929 - auc: 0.9496 - loss: 0.3584 - precision: 0.7995 - recall: 0.9064
[1m14/17[0m [32m━━━━━━━━━━━━━━━━[0m[37m━━━━[0m [1m4s[0m 2s/step - accuracy: 0.8898 - auc: 0.9476 - loss: 0.3625 - precision: 0.7952 - recall: 0.9026
[1m15/17[0m [32m━━━━━━━━━━━━━━━━━[0m[37m━━━[0m [1m3s[0m 2s/step - accuracy: 0.8869 - auc: 0.9456 - loss: 0.3662 - precision: 0.7904 - recall: 0.8993
[1m16/17[0m [32m━━━━━━━━━━━━━━━━━━[0m[37m━━[0m [1m1s[0m 2s/step - accuracy: 0.8847 - auc: 0.9442 - loss: 0.3689 - precision: 0.7865 - recall: 0.8968
[1m17/17[0m [32m━━━━━━━━━━━━━━━━━━━━[0m[37m[0m [1m0s[0m 1s/step - accuracy: 0.8825 - auc: 0.9428 - loss: 0.3715 - precision: 0.7827 - recall: 0.8947
Epoch 45: val_recall did not improve from 1.00000

[1m17/17[0m [32m━━━━━━━━━━━━━━━━━━━━[0m[37m[0m [1m26s[0m 2s/step - accuracy: 0.8477 - auc: 0.9210 - loss: 0.4129 - precision: 0.7220 - recall: 0.8605 - val_accuracy: 0.8421 - val_auc: 0.9242 - val_loss: 0.3252 - val_precision: 0.7500 - val_recall: 0.7674 - learning_rate: 5.0000e-05
Epoch 46/80

[1m 1/17[0m [32m━[0m[37m━━━━━━━━━━━━━━━━━━━[0m [1m23s[0m 1s/step - accuracy: 0.9062 - auc: 0.9909 - loss: 0.2637 - precision: 0.7692 - recall: 1.0000
[1m 2/17[0m [32m━━[0m[37m━━━━━━━━━━━━━━━━━━[0m [1m21s[0m 1s/step - accuracy: 0.9141 - auc: 0.9861 - loss: 0.2758 - precision: 0.7804 - recall: 1.0000
[1m 3/17[0m [32m━━━[0m[37m━━━━━━━━━━━━━━━━━[0m [1m20s[0m 1s/step - accuracy: 0.9115 - auc: 0.9822 - loss: 0.2875 - precision: 0.7870 - recall: 0.9899
[1m 4/17[0m [32m━━━━[0m[37m━━━━━━━━━━━━━━━━[0m [1m19s[0m 1s/step - accuracy: 0.9121 - auc: 0.9805 - loss: 0.2913 - precision: 0.8010 - recall: 0.9761
[1m 5/17[0m [32m━━━━━[0m[37m━━━━━━━━━━━━━━━[0m [1m17s[0m 1s/step - accuracy: 0.9134 - auc: 0.9780 - loss: 0.2945 - precision: 0.8096 - recall: 0.9704
[1m 6/17[0m [32m━━━━━━━[0m[37m━━━━━━━━━━━━━[0m [1m16s[0m 2s/step - accuracy: 0.9114 - auc: 0.9744 - loss: 0.3013 - precision: 0.8110 - recall: 0.9631
[1m 7/17[0m [32m━━━━━━━━[0m[37m━━━━━━━━━━━━[0m [1m15s[0m 2s/step - accuracy: 0.9087 - auc: 0.9710 - loss: 0.3075 - precision: 0.8077 - recall: 0.9566
[1m 8/17[0m [32m━━━━━━━━━[0m[37m━━━━━━━━━━━[0m [1m13s[0m 2s/step - accuracy: 0.9045 - auc: 0.9670 - loss: 0.3157 - precision: 0.8015 - recall: 0.9500
[1m 9/17[0m [32m━━━━━━━━━━[0m[37m━━━━━━━━━━[0m [1m12s[0m 2s/step - accuracy: 0.9008 - auc: 0.9635 - loss: 0.3235 - precision: 0.7972 - recall: 0.9441
[1m10/17[0m [32m━━━━━━━━━━━[0m[37m━━━━━━━━━[0m [1m10s[0m 2s/step - accuracy: 0.8964 - auc: 0.9595 - loss: 0.3323 - precision: 0.7911 - recall: 0.9384
[1m11/17[0m [32m━━━━━━━━━━━━[0m[37m━━━━━━━━[0m [1m9s[0m 2s/step - accuracy: 0.8924 - auc: 0.9559 - loss: 0.3398 - precision: 0.7847 - recall: 0.9346 
[1m12/17[0m [32m━━━━━━━━━━━━━━[0m[37m━━━━━━[0m [1m7s[0m 2s/step - accuracy: 0.8890 - auc: 0.9529 - loss: 0.3460 - precision: 0.7798 - recall: 0.9301
[1m13/17[0m [32m━━━━━━━━━━━━━━━[0m[37m━━━━━[0m [1m6s[0m 2s/step - accuracy: 0.8862 - auc: 0.9504 - loss: 0.3510 - precision: 0.7763 - recall: 0.9261
[1m14/17[0m [32m━━━━━━━━━━━━━━━━[0m[37m━━━━[0m [1m4s[0m 2s/step - accuracy: 0.8838 - auc: 0.9481 - loss: 0.3555 - precision: 0.7732 - recall: 0.9228
[1m15/17[0m [32m━━━━━━━━━━━━━━━━━[0m[37m━━━[0m [1m3s[0m 2s/step - accuracy: 0.8816 - auc: 0.9461 - loss: 0.3596 - precision: 0.7698 - recall: 0.9198
[1m16/17[0m [32m━━━━━━━━━━━━━━━━━━[0m[37m━━[0m [1m1s[0m 2s/step - accuracy: 0.8800 - auc: 0.9445 - loss: 0.3626 - precision: 0.7671 - recall: 0.9176
[1m17/17[0m [32m━━━━━━━━━━━━━━━━━━━━[0m[37m[0m [1m0s[0m 1s/step - accuracy: 0.8783 - auc: 0.9429 - loss: 0.3658 - precision: 0.7643 - recall: 0.9156
Epoch 46: val_recall did not improve from 1.00000

[1m17/17[0m [32m━━━━━━━━━━━━━━━━━━━━[0m[37m[0m [1m27s[0m 2s/step - accuracy: 0.8515 - auc: 0.9177 - loss: 0.4158 - precision: 0.7204 - recall: 0.8837 - val_accuracy: 0.7669 - val_auc: 0.9226 - val_loss: 0.5010 - val_precision: 0.5811 - val_recall: 1.0000 - learning_rate: 5.0000e-05
Epoch 47/80

[1m 1/17[0m [32m━[0m[37m━━━━━━━━━━━━━━━━━━━[0m [1m26s[0m 2s/step - accuracy: 0.9375 - auc: 1.0000 - loss: 0.2398 - precision: 0.8333 - recall: 1.0000
[1m 2/17[0m [32m━━[0m[37m━━━━━━━━━━━━━━━━━━[0m [1m22s[0m 2s/step - accuracy: 0.9297 - auc: 0.9857 - loss: 0.2628 - precision: 0.8258 - recall: 0.9737
[1m 3/17[0m [32m━━━[0m[37m━━━━━━━━━━━━━━━━━[0m [1m21s[0m 2s/step - accuracy: 0.9219 - auc: 0.9807 - loss: 0.2786 - precision: 0.8283 - recall: 0.9522
[1m 4/17[0m [32m━━━━[0m[37m━━━━━━━━━━━━━━━━[0m [1m19s[0m 1s/step - accuracy: 0.9180 - auc: 0.9795 - loss: 0.2855 - precision: 0.8386 - recall: 0.9315
[1m 5/17[0m [32m━━━━━[0m[37m━━━━━━━━━━━━━━━[0m [1m17s[0m 1s/step - accuracy: 0.9169 - auc: 0.9768 - loss: 0.2906 - precision: 0.8438 - recall: 0.9242
[1m 6/17[0m [32m━━━━━━━[0m[37m━━━━━━━━━━━━━[0m [1m16s[0m 1s/step - accuracy: 0.9125 - auc: 0.9724 - loss: 0.2983 - precision: 0.8416 - recall: 0.9147
[1m 7/17[0m [32m━━━━━━━━[0m[37m━━━━━━━━━━━━[0m [1m14s[0m 1s/step - accuracy: 0.9084 - auc: 0.9690 - loss: 0.3044 - precision: 0.8353 - recall: 0.9073
[1m 8/17[0m [32m━━━━━━━━━[0m[37m━━━━━━━━━━━[0m [1m13s[0m 1s/step - accuracy: 0.9033 - auc: 0.9650 - loss: 0.3119 - precision: 0.8263 - recall: 0.9009
[1m 9/17[0m [32m━━━━━━━━━━[0m[37m━━━━━━━━━━[0m [1m11s[0m 1s/step - accuracy: 0.8982 - auc: 0.9615 - loss: 0.3192 - precision: 0.8194 - recall: 0.8935
[1m10/17[0m [32m━━━━━━━━━━━[0m[37m━━━━━━━━━[0m [1m10s[0m 1s/step - accuracy: 0.8928 - auc: 0.9572 - loss: 0.3282 - precision: 0.8110 - recall: 0.8874
[1m11/17[0m [32m━━━━━━━━━━━━[0m[37m━━━━━━━━[0m [1m9s[0m 2s/step - accuracy: 0.8880 - auc: 0.9533 - loss: 0.3357 - precision: 0.8026 - recall: 0.8834 
[1m12/17[0m [32m━━━━━━━━━━━━━━[0m[37m━━━━━━[0m [1m7s[0m 2s/step - accuracy: 0.8841 - auc: 0.9502 - loss: 0.3416 - precision: 0.7961 - recall: 0.8792
[1m13/17[0m [32m━━━━━━━━━━━━━━━[0m[37m━━━━━[0m [1m6s[0m 2s/step - accuracy: 0.8810 - auc: 0.9479 - loss: 0.3464 - precision: 0.7913 - recall: 0.8758
[1m14/17[0m [32m━━━━━━━━━━━━━━━━[0m[37m━━━━[0m [1m4s[0m 2s/step - accuracy: 0.8782 - auc: 0.9457 - loss: 0.3508 - precision: 0.7868 - recall: 0.8732
[1m15/17[0m [32m━━━━━━━━━━━━━━━━━[0m[37m━━━[0m [1m2s[0m 1s/step - accuracy: 0.8756 - auc: 0.9438 - loss: 0.3546 - precision: 0.7821 - recall: 0.8710
[1m16/17[0m [32m━━━━━━━━━━━━━━━━━━[0m[37m━━[0m [1m1s[0m 1s/step - accuracy: 0.8738 - auc: 0.9424 - loss: 0.3575 - precision: 0.7783 - recall: 0.8696
[1m17/17[0m [32m━━━━━━━━━━━━━━━━━━━━[0m[37m[0m [1m0s[0m 1s/step - accuracy: 0.8719 - auc: 0.9410 - loss: 0.3602 - precision: 0.7746 - recall: 0.8684
Epoch 47: val_recall did not improve from 1.00000

[1m17/17[0m [32m━━━━━━━━━━━━━━━━━━━━[0m[37m[0m [1m26s[0m 2s/step - accuracy: 0.8421 - auc: 0.9199 - loss: 0.4041 - precision: 0.7157 - recall: 0.8488 - val_accuracy: 0.7594 - val_auc: 0.9231 - val_loss: 0.5074 - val_precision: 0.5733 - val_recall: 1.0000 - learning_rate: 5.0000e-05
Epoch 48/80

[1m 1/17[0m [32m━[0m[37m━━━━━━━━━━━━━━━━━━━[0m [1m25s[0m 2s/step - accuracy: 0.9375 - auc: 0.9727 - loss: 0.2939 - precision: 0.8333 - recall: 1.0000
[1m 2/17[0m [32m━━[0m[37m━━━━━━━━━━━━━━━━━━[0m [1m26s[0m 2s/step - accuracy: 0.9297 - auc: 0.9709 - loss: 0.3007 - precision: 0.8258 - recall: 0.9737
[1m 3/17[0m [32m━━━[0m[37m━━━━━━━━━━━━━━━━━[0m [1m24s[0m 2s/step - accuracy: 0.9253 - auc: 0.9679 - loss: 0.3112 - precision: 0.8298 - recall: 0.9623
[1m 4/17[0m [32m━━━━[0m[37m━━━━━━━━━━━━━━━━[0m [1m21s[0m 2s/step - accuracy: 0.9245 - auc: 0.9681 - loss: 0.3134 - precision: 0.8411 - recall: 0.9500
[1m 5/17[0m [32m━━━━━[0m[37m━━━━━━━━━━━━━━━[0m [1m19s[0m 2s/step - accuracy: 0.9246 - auc: 0.9676 - loss: 0.3136 - precision: 0.8466 - recall: 0.9459
[1m 6/17[0m [32m━━━━━━━[0m[37m━━━━━━━━━━━━━[0m [1m17s[0m 2s/step - accuracy: 0.9207 - auc: 0.9666 - loss: 0.3162 - precision: 0.8448 - recall: 0.9378
[1m 7/17[0m [32m━━━━━━━━[0m[37m━━━━━━━━━━━━[0m [1m16s[0m 2s/step - accuracy: 0.9167 - auc: 0.9644 - loss: 0.3204 - precision: 0.8377 - recall: 0.9330
[1m 8/17[0m [32m━━━━━━━━━[0m[37m━━━━━━━━━━━[0m [1m14s[0m 2s/step - accuracy: 0.9115 - auc: 0.9613 - loss: 0.3268 - precision: 0.8284 - recall: 0.9278
[1m 9/17[0m [32m━━━━━━━━━━[0m[37m━━━━━━━━━━[0m [1m12s[0m 2s/step - accuracy: 0.9074 - auc: 0.9585 - loss: 0.3327 - precision: 0.8219 - recall: 0.9244
[1m10/17[0m [32m━━━━━━━━━━━[0m[37m━━━━━━━━━[0m [1m11s[0m 2s/step - accuracy: 0.9026 - auc: 0.9547 - loss: 0.3405 - precision: 0.8139 - recall: 0.9207
[1m11/17[0m [32m━━━━━━━━━━━━[0m[37m━━━━━━━━[0m [1m9s[0m 2s/step - accuracy: 0.8986 - auc: 0.9510 - loss: 0.3471 - precision: 0.8063 - recall: 0.9184 
[1m12/17[0m [32m━━━━━━━━━━━━━━[0m[37m━━━━━━[0m [1m7s[0m 2s/step - accuracy: 0.8953 - auc: 0.9480 - loss: 0.3524 - precision: 0.8005 - recall: 0.9160
[1m13/17[0m [32m━━━━━━━━━━━━━━━[0m[37m━━━━━[0m [1m6s[0m 2s/step - accuracy: 0.8926 - auc: 0.9456 - loss: 0.3567 - precision: 0.7963 - recall: 0.9136
[1m14/17[0m [32m━━━━━━━━━━━━━━━━[0m[37m━━━━[0m [1m4s[0m 2s/step - accuracy: 0.8901 - auc: 0.9434 - loss: 0.3607 - precision: 0.7922 - recall: 0.9117
[1m15/17[0m [32m━━━━━━━━━━━━━━━━━[0m[37m━━━[0m [1m3s[0m 2s/step - accuracy: 0.8877 - auc: 0.9413 - loss: 0.3644 - precision: 0.7878 - recall: 0.9099
[1m16/17[0m [32m━━━━━━━━━━━━━━━━━━[0m[37m━━[0m [1m1s[0m 2s/step - accuracy: 0.8858 - auc: 0.9397 - loss: 0.3672 - precision: 0.7840 - recall: 0.9087
[1m17/17[0m [32m━━━━━━━━━━━━━━━━━━━━[0m[37m[0m [1m0s[0m 1s/step - accuracy: 0.8839 - auc: 0.9381 - loss: 0.3701 - precision: 0.7804 - recall: 0.9075
Epoch 48: val_recall did not improve from 1.00000

[1m17/17[0m [32m━━━━━━━━━━━━━━━━━━━━[0m[37m[0m [1m27s[0m 2s/step - accuracy: 0.8534 - auc: 0.9134 - loss: 0.4150 - precision: 0.7217 - recall: 0.8895 - val_accuracy: 0.4586 - val_auc: 0.8968 - val_loss: 1.0159 - val_precision: 0.3739 - val_recall: 1.0000 - learning_rate: 5.0000e-05
Epoch 49/80

[1m 1/17[0m [32m━[0m[37m━━━━━━━━━━━━━━━━━━━[0m [1m26s[0m 2s/step - accuracy: 0.9375 - auc: 0.9864 - loss: 0.2728 - precision: 0.8333 - recall: 1.0000
[1m 2/17[0m [32m━━[0m[37m━━━━━━━━━━━━━━━━━━[0m [1m23s[0m 2s/step - accuracy: 0.9297 - auc: 0.9727 - loss: 0.2904 - precision: 0.8258 - recall: 0.9737
[1m 3/17[0m [32m━━━[0m[37m━━━━━━━━━━━━━━━━━[0m [1m21s[0m 2s/step - accuracy: 0.9253 - auc: 0.9703 - loss: 0.2986 - precision: 0.8298 - recall: 0.9623
[1m 4/17[0m [32m━━━━[0m[37m━━━━━━━━━━━━━━━━[0m [1m19s[0m 1s/step - accuracy: 0.9245 - auc: 0.9705 - loss: 0.3010 - precision: 0.8411 - recall: 0.9500
[1m 5/17[0m [32m━━━━━[0m[37m━━━━━━━━━━━━━━━[0m [1m17s[0m 1s/step - accuracy: 0.9246 - auc: 0.9692 - loss: 0.3025 - precision: 0.8466 - recall: 0.9459
[1m 6/17[0m [32m━━━━━━━[0m[37m━━━━━━━━━━━━━[0m [1m16s[0m 1s/step - accuracy: 0.9215 - auc: 0.9672 - loss: 0.3060 - precision: 0.8452 - recall: 0.9402
[1m 7/17[0m [32m━━━━━━━━[0m[37m━━━━━━━━━━━━[0m [1m14s[0m 1s/step - accuracy: 0.9187 - auc: 0.9649 - loss: 0.3097 - precision: 0.8398 - recall: 0.9370
[1m 8/17[0m [32m━━━━━━━━━[0m[37m━━━━━━━━━━━[0m [1m13s[0m 1s/step - accuracy: 0.9152 - auc: 0.9624 - loss: 0.3149 - precision: 0.8327 - recall: 0.9344
[1m 9/17[0m [32m━━━━━━━━━━[0m[37m━━━━━━━━━━[0m [1m11s[0m 1s/step - accuracy: 0.9111 - auc: 0.9602 - loss: 0.3203 - precision: 0.8271 - recall: 0.9291
[1m10/17[0m [32m━━━━━━━━━━━[0m[37m━━━━━━━━━[0m [1m10s[0m 1s/step - accuracy: 0.9063 - auc: 0.9572 - loss: 0.3275 - precision: 0.8196 - recall: 0.9240
[1m11/17[0m [32m━━━━━━━━━━━━[0m[37m━━━━━━━━[0m [1m8s[0m 1s/step - accuracy: 0.9019 - auc: 0.9541 - loss: 0.3338 - precision: 0.8118 - recall: 0.9206 
[1m12/17[0m [32m━━━━━━━━━━━━━━[0m[37m━━━━━━[0m [1m7s[0m 1s/step - accuracy: 0.8983 - auc: 0.9518 - loss: 0.3388 - precision: 0.8058 - recall: 0.9173
[1m13/17[0m [32m━━━━━━━━━━━━━━━[0m[37m━━━━━[0m [1m5s[0m 1s/step - accuracy: 0.8954 - auc: 0.9498 - loss: 0.3431 - precision: 0.8014 - recall: 0.9143
[1m14/17[0m [32m━━━━━━━━━━━━━━━━[0m[37m━━━━[0m [1m4s[0m 1s/step - accuracy: 0.8928 - auc: 0.9478 - loss: 0.3474 - precision: 0.7974 - recall: 0.9118
[1m15/17[0m [32m━━━━━━━━━━━━━━━━━[0m[37m━━━[0m [1m2s[0m 1s/step - accuracy: 0.8901 - auc: 0.9459 - loss: 0.3514 - precision: 0.7927 - recall: 0.9092
[1m16/17[0m [32m━━━━━━━━━━━━━━━━━━[0m[37m━━[0m [1m1s[0m 1s/step - accuracy: 0.8881 - auc: 0.9445 - loss: 0.3544 - precision: 0.7890 - recall: 0.9073
[1m17/17[0m [32m━━━━━━━━━━━━━━━━━━━━[0m[37m[0m [1m0s[0m 1s/step - accuracy: 0.8860 - auc: 0.9434 - loss: 0.3571 - precision: 0.7852 - recall: 0.9055
Epoch 49: val_recall did not improve from 1.00000

[1m17/17[0m [32m━━━━━━━━━━━━━━━━━━━━[0m[37m[0m [1m26s[0m 2s/step - accuracy: 0.8534 - auc: 0.9247 - loss: 0.4005 - precision: 0.7260 - recall: 0.8779 - val_accuracy: 0.4586 - val_auc: 0.8941 - val_loss: 0.9818 - val_precision: 0.3739 - val_recall: 1.0000 - learning_rate: 5.0000e-05
Epoch 50/80

[1m 1/17[0m [32m━[0m[37m━━━━━━━━━━━━━━━━━━━[0m [1m23s[0m 1s/step - accuracy: 0.9375 - auc: 0.9864 - loss: 0.2701 - precision: 0.8333 - recall: 1.0000
[1m 2/17[0m [32m━━[0m[37m━━━━━━━━━━━━━━━━━━[0m [1m21s[0m 1s/step - accuracy: 0.9297 - auc: 0.9759 - loss: 0.2786 - precision: 0.8258 - recall: 0.9737
[1m 3/17[0m [32m━━━[0m[37m━━━━━━━━━━━━━━━━━[0m [1m19s[0m 1s/step - accuracy: 0.9184 - auc: 0.9738 - loss: 0.2877 - precision: 0.8208 - recall: 0.9522
[1m 4/17[0m [32m━━━━[0m[37m━━━━━━━━━━━━━━━━[0m [1m18s[0m 1s/step - accuracy: 0.9154 - auc: 0.9736 - loss: 0.2913 - precision: 0.8291 - recall: 0.9369
[1m 5/17[0m [32m━━━━━[0m[37m━━━━━━━━━━━━━━━[0m [1m17s[0m 1s/step - accuracy: 0.9148 - auc: 0.9738 - loss: 0.2924 - precision: 0.8338 - recall: 0.9320
[1m 6/17[0m [32m━━━━━━━[0m[37m━━━━━━━━━━━━━[0m [1m16s[0m 1s/step - accuracy: 0.9125 - auc: 0.9714 - loss: 0.2977 - precision: 0.8326 - recall: 0.9286
[1m 7/17[0m [32m━━━━━━━━[0m[37m━━━━━━━━━━━━[0m [1m14s[0m 1s/step - accuracy: 0.9097 - auc: 0.9688 - loss: 0.3030 - precision: 0.8263 - recall: 0.9271
[1m 8/17[0m [32m━━━━━━━━━[0m[37m━━━━━━━━━━━[0m [1m13s[0m 2s/step - accuracy: 0.9058 - auc: 0.9657 - loss: 0.3098 - precision: 0.8186 - recall: 0.9242
[1m 9/17[0m [32m━━━━━━━━━━[0m[37m━━━━━━━━━━[0m [1m12s[0m 2s/step - accuracy: 0.9016 - auc: 0.9627 - loss: 0.3167 - precision: 0.8128 - recall: 0.9188
[1m10/17[0m [32m━━━━━━━━━━━[0m[37m━━━━━━━━━[0m [1m10s[0m 2s/step - accuracy: 0.8968 - auc: 0.9585 - loss: 0.3257 - precision: 0.8053 - recall: 0.9139
[1m11/17[0m [32m━━━━━━━━━━━━[0m[37m━━━━━━━━[0m [1m9s[0m 2s/step - accuracy: 0.8925 - auc: 0.9546 - loss: 0.3334 - precision: 0.7977 - recall: 0.9106 
[1m12/17[0m [32m━━━━━━━━━━━━━━[0m[37m━━━━━━[0m [1m7s[0m 1s/step - accuracy: 0.8889 - auc: 0.9514 - loss: 0.3399 - precision: 0.7918 - recall: 0.9068
[1m13/17[0m [32m━━━━━━━━━━━━━━━[0m[37m━━━━━[0m [1m5s[0m 1s/step - accuracy: 0.8859 - auc: 0.9486 - loss: 0.3451 - precision: 0.7875 - recall: 0.9035
[1m14/17[0m [32m━━━━━━━━━━━━━━━━[0m[37m━━━━[0m [1m4s[0m 1s/step - accuracy: 0.8834 - auc: 0.9462 - loss: 0.3498 - precision: 0.7837 - recall: 0.9009
[1m15/17[0m [32m━━━━━━━━━━━━━━━━━[0m[37m━━━[0m [1m2s[0m 1s/step - accuracy: 0.8810 - auc: 0.9440 - loss: 0.3542 - precision: 0.7796 - recall: 0.8985
[1m16/17[0m [32m━━━━━━━━━━━━━━━━━━[0m[37m━━[0m [1m1s[0m 1s/step - accuracy: 0.8792 - auc: 0.9423 - loss: 0.3576 - precision: 0.7761 - recall: 0.8969
[1m17/17[0m [32m━━━━━━━━━━━━━━━━━━━━[0m[37m[0m [1m0s[0m 1s/step - accuracy: 0.8775 - auc: 0.9407 - loss: 0.3608 - precision: 0.7729 - recall: 0.8954
Epoch 50: ReduceLROnPlateau reducing learning rate to 2.499999936844688e-05.

Epoch 50: val_recall did not improve from 1.00000

[1m17/17[0m [32m━━━━━━━━━━━━━━━━━━━━[0m[37m[0m [1m26s[0m 2s/step - accuracy: 0.8496 - auc: 0.9154 - loss: 0.4123 - precision: 0.7212 - recall: 0.8721 - val_accuracy: 0.4737 - val_auc: 0.9008 - val_loss: 0.9701 - val_precision: 0.3805 - val_recall: 1.0000 - learning_rate: 5.0000e-05
Epoch 51/80

[1m 1/17[0m [32m━[0m[37m━━━━━━━━━━━━━━━━━━━[0m [1m22s[0m 1s/step - accuracy: 0.9375 - auc: 0.9591 - loss: 0.2793 - precision: 0.8333 - recall: 1.0000
[1m 2/17[0m [32m━━[0m[37m━━━━━━━━━━━━━━━━━━[0m [1m21s[0m 1s/step - accuracy: 0.9219 - auc: 0.9541 - loss: 0.2919 - precision: 0.8214 - recall: 0.9474
[1m 3/17[0m [32m━━━[0m[37m━━━━━━━━━━━━━━━━━[0m [1m21s[0m 2s/step - accuracy: 0.9132 - auc: 0.9549 - loss: 0.3017 - precision: 0.8179 - recall: 0.9346
[1m 4/17[0m [32m━━━━[0m[37m━━━━━━━━━━━━━━━━[0m [1m19s[0m 2s/step - accuracy: 0.9095 - auc: 0.9573 - loss: 0.3072 - precision: 0.8262 - recall: 0.9183
[1m 5/17[0m [32m━━━━━[0m[37m━━━━━━━━━━━━━━━[0m [1m17s[0m 1s/step - accuracy: 0.9089 - auc: 0.9581 - loss: 0.3097 - precision: 0.8309 - recall: 0.9136
[1m 6/17[0m [32m━━━━━━━[0m[37m━━━━━━━━━━━━━[0m [1m16s[0m 1s/step - accuracy: 0.9058 - auc: 0.9567 - loss: 0.3151 - precision: 0.8294 - recall: 0.9084
[1m 7/17[0m [32m━━━━━━━━[0m[37m━━━━━━━━━━━━[0m [1m14s[0m 1s/step - accuracy: 0.9027 - auc: 0.9551 - loss: 0.3197 - precision: 0.8238 - recall: 0.9039
[1m 8/17[0m [32m━━━━━━━━━[0m[37m━━━━━━━━━━━[0m [1m13s[0m 1s/step - accuracy: 0.8992 - auc: 0.9531 - loss: 0.3254 - precision: 0.8176 - recall: 0.8993
[1m 9/17[0m [32m━━━━━━━━━━[0m[37m━━━━━━━━━━[0m [1m11s[0m 1s/step - accuracy: 0.8958 - auc: 0.9509 - loss: 0.3314 - precision: 0.8130 - recall: 0.8945
[1m10/17[0m [32m━━━━━━━━━━━[0m[37m━━━━━━━━━[0m [1m10s[0m 1s/step - accuracy: 0.8915 - auc: 0.9480 - loss: 0.3387 - precision: 0.8063 - recall: 0.8901
[1m11/17[0m [32m━━━━━━━━━━━━[0m[37m━━━━━━━━[0m [1m8s[0m 1s/step - accuracy: 0.8877 - auc: 0.9451 - loss: 0.3449 - precision: 0.7991 - recall: 0.8874 
[1m12/17[0m [32m━━━━━━━━━━━━━━[0m[37m━━━━━━[0m [1m7s[0m 1s/step - accuracy: 0.8847 - auc: 0.9429 - loss: 0.3499 - precision: 0.7938 - recall: 0.8849
[1m13/17[0m [32m━━━━━━━━━━━━━━━[0m[37m━━━━━[0m [1m5s[0m 1s/step - accuracy: 0.8823 - auc: 0.9412 - loss: 0.3537 - precision: 0.7899 - recall: 0.8827
[1m14/17[0m [32m━━━━━━━━━━━━━━━━[0m[37m━━━━[0m [1m4s[0m 1s/step - accuracy: 0.8801 - auc: 0.9397 - loss: 0.3571 - precision: 0.7865 - recall: 0.8811
[1m15/17[0m [32m━━━━━━━━━━━━━━━━━[0m[37m━━━[0m [1m2s[0m 1s/step - accuracy: 0.8783 - auc: 0.9385 - loss: 0.3599 - precision: 0.7828 - recall: 0.8796
[1m16/17[0m [32m━━━━━━━━━━━━━━━━━━[0m[37m━━[0m [1m1s[0m 1s/step - accuracy: 0.8771 - auc: 0.9376 - loss: 0.3619 - precision: 0.7802 - recall: 0.8788
[1m17/17[0m [32m━━━━━━━━━━━━━━━━━━━━[0m[37m[0m [1m0s[0m 1s/step - accuracy: 0.8758 - auc: 0.9367 - loss: 0.3641 - precision: 0.7775 - recall: 0.8780
Epoch 51: val_recall did not improve from 1.00000

[1m17/17[0m [32m━━━━━━━━━━━━━━━━━━━━[0m[37m[0m [1m26s[0m 2s/step - accuracy: 0.8553 - auc: 0.9225 - loss: 0.3981 - precision: 0.7340 - recall: 0.8663 - val_accuracy: 0.5639 - val_auc: 0.9149 - val_loss: 0.7409 - val_precision: 0.4257 - val_recall: 1.0000 - learning_rate: 2.5000e-05
Epoch 52/80

[1m 1/17[0m [32m━[0m[37m━━━━━━━━━━━━━━━━━━━[0m [1m23s[0m 1s/step - accuracy: 0.9375 - auc: 0.9841 - loss: 0.2650 - precision: 0.8333 - recall: 1.0000
[1m 2/17[0m [32m━━[0m[37m━━━━━━━━━━━━━━━━━━[0m [1m21s[0m 1s/step - accuracy: 0.9297 - auc: 0.9666 - loss: 0.2844 - precision: 0.8258 - recall: 0.9737
[1m 3/17[0m [32m━━━[0m[37m━━━━━━━━━━━━━━━━━[0m [1m19s[0m 1s/step - accuracy: 0.9253 - auc: 0.9634 - loss: 0.2975 - precision: 0.8298 - recall: 0.9623
[1m 4/17[0m [32m━━━━[0m[37m━━━━━━━━━━━━━━━━[0m [1m18s[0m 1s/step - accuracy: 0.9245 - auc: 0.9640 - loss: 0.3017 - precision: 0.8411 - recall: 0.9500
[1m 5/17[0m [32m━━━━━[0m[37m━━━━━━━━━━━━━━━[0m [1m17s[0m 1s/step - accuracy: 0.9246 - auc: 0.9648 - loss: 0.3028 - precision: 0.8466 - recall: 0.9459
[1m 6/17[0m [32m━━━━━━━[0m[37m━━━━━━━━━━━━━[0m [1m15s[0m 1s/step - accuracy: 0.9207 - auc: 0.9635 - loss: 0.3077 - precision: 0.8448 - recall: 0.9378
[1m 7/17[0m [32m━━━━━━━━[0m[37m━━━━━━━━━━━━[0m [1m14s[0m 1s/step - accuracy: 0.9167 - auc: 0.9624 - loss: 0.3116 - precision: 0.8388 - recall: 0.9310
[1m 8/17[0m [32m━━━━━━━━━[0m[37m━━━━━━━━━━━[0m [1m12s[0m 1s/step - accuracy: 0.9120 - auc: 0.9603 - loss: 0.3169 - precision: 0.8310 - recall: 0.9246
[1m 9/17[0m [32m━━━━━━━━━━[0m[37m━━━━━━━━━━[0m [1m11s[0m 1s/step - accuracy: 0.9071 - auc: 0.9581 - loss: 0.3228 - precision: 0.8248 - recall: 0.9169
[1m10/17[0m [32m━━━━━━━━━━━[0m[37m━━━━━━━━━[0m [1m10s[0m 1s/step - accuracy: 0.9017 - auc: 0.9547 - loss: 0.3307 - precision: 0.8169 - recall: 0.9103
[1m11/17[0m [32m━━━━━━━━━━━━[0m[37m━━━━━━━━[0m [1m8s[0m 1s/step - accuracy: 0.8969 - auc: 0.9513 - loss: 0.3377 - precision: 0.8089 - recall: 0.9058 
[1m12/17[0m [32m━━━━━━━━━━━━━━[0m[37m━━━━━━[0m [1m7s[0m 1s/step - accuracy: 0.8932 - auc: 0.9489 - loss: 0.3429 - precision: 0.8027 - recall: 0.9017
[1m13/17[0m [32m━━━━━━━━━━━━━━━[0m[37m━━━━━[0m [1m5s[0m 1s/step - accuracy: 0.8903 - auc: 0.9470 - loss: 0.3469 - precision: 0.7983 - recall: 0.8988
[1m14/17[0m [32m━━━━━━━━━━━━━━━━[0m[37m━━━━[0m [1m4s[0m 1s/step - accuracy: 0.8878 - auc: 0.9452 - loss: 0.3506 - precision: 0.7943 - recall: 0.8965
[1m15/17[0m [32m━━━━━━━━━━━━━━━━━[0m[37m━━━[0m [1m2s[0m 1s/step - accuracy: 0.8854 - auc: 0.9435 - loss: 0.3540 - precision: 0.7900 - recall: 0.8944
[1m16/17[0m [32m━━━━━━━━━━━━━━━━━━[0m[37m━━[0m [1m1s[0m 1s/step - accuracy: 0.8836 - auc: 0.9422 - loss: 0.3565 - precision: 0.7865 - recall: 0.8931
[1m17/17[0m [32m━━━━━━━━━━━━━━━━━━━━[0m[37m[0m [1m0s[0m 1s/step - accuracy: 0.8820 - auc: 0.9410 - loss: 0.3590 - precision: 0.7833 - recall: 0.8918
Epoch 52: val_recall did not improve from 1.00000

[1m17/17[0m [32m━━━━━━━━━━━━━━━━━━━━[0m[37m[0m [1m25s[0m 1s/step - accuracy: 0.8553 - auc: 0.9226 - loss: 0.3978 - precision: 0.7317 - recall: 0.8721 - val_accuracy: 0.5414 - val_auc: 0.9118 - val_loss: 0.8043 - val_precision: 0.4135 - val_recall: 1.0000 - learning_rate: 2.5000e-05
Epoch 53/80

[1m 1/17[0m [32m━[0m[37m━━━━━━━━━━━━━━━━━━━[0m [1m23s[0m 1s/step - accuracy: 0.9375 - auc: 0.9818 - loss: 0.2620 - precision: 0.8333 - recall: 1.0000
[1m 2/17[0m [32m━━[0m[37m━━━━━━━━━━━━━━━━━━[0m [1m21s[0m 1s/step - accuracy: 0.9297 - auc: 0.9725 - loss: 0.2806 - precision: 0.8125 - recall: 1.0000
[1m 3/17[0m [32m━━━[0m[37m━━━━━━━━━━━━━━━━━[0m [1m19s[0m 1s/step - accuracy: 0.9219 - auc: 0.9688 - loss: 0.2939 - precision: 0.8083 - recall: 0.9899
[1m 4/17[0m [32m━━━━[0m[37m━━━━━━━━━━━━━━━━[0m [1m18s[0m 1s/step - accuracy: 0.9180 - auc: 0.9683 - loss: 0.2979 - precision: 0.8162 - recall: 0.9707
[1m 5/17[0m [32m━━━━━[0m[37m━━━━━━━━━━━━━━━[0m [1m18s[0m 2s/step - accuracy: 0.9169 - auc: 0.9676 - loss: 0.2992 - precision: 0.8213 - recall: 0.9625
[1m 6/17[0m [32m━━━━━━━[0m[37m━━━━━━━━━━━━━[0m [1m16s[0m 1s/step - accuracy: 0.9134 - auc: 0.9653 - loss: 0.3045 - precision: 0.8203 - recall: 0.9541
[1m 7/17[0m [32m━━━━━━━━[0m[37m━━━━━━━━━━━━[0m [1m14s[0m 1s/step - accuracy: 0.9098 - auc: 0.9624 - loss: 0.3098 - precision: 0.8144 - recall: 0.9489
[1m 8/17[0m [32m━━━━━━━━━[0m[37m━━━━━━━━━━━[0m [1m13s[0m 1s/step - accuracy: 0.9050 - auc: 0.9594 - loss: 0.3162 - precision: 0.8064 - recall: 0.9432
[1m 9/17[0m [32m━━━━━━━━━━[0m[37m━━━━━━━━━━[0m [1m11s[0m 1s/step - accuracy: 0.9001 - auc: 0.9565 - loss: 0.3232 - precision: 0.8004 - recall: 0.9358
[1m10/17[0m [32m━━━━━━━━━━━[0m[37m━━━━━━━━━[0m [1m10s[0m 1s/step - accuracy: 0.8948 - auc: 0.9528 - loss: 0.3319 - precision: 0.7930 - recall: 0.9291
[1m11/17[0m [32m━━━━━━━━━━━━[0m[37m━━━━━━━━[0m [1m8s[0m 1s/step - accuracy: 0.8901 - auc: 0.9494 - loss: 0.3392 - precision: 0.7856 - recall: 0.9245 
[1m12/17[0m [32m━━━━━━━━━━━━━━[0m[37m━━━━━━[0m [1m7s[0m 1s/step - accuracy: 0.8865 - auc: 0.9467 - loss: 0.3449 - precision: 0.7800 - recall: 0.9202
[1m13/17[0m [32m━━━━━━━━━━━━━━━[0m[37m━━━━━[0m [1m5s[0m 1s/step - accuracy: 0.8837 - auc: 0.9446 - loss: 0.3493 - precision: 0.7762 - recall: 0.9169
[1m14/17[0m [32m━━━━━━━━━━━━━━━━[0m[37m━━━━[0m [1m4s[0m 1s/step - accuracy: 0.8814 - auc: 0.9426 - loss: 0.3534 - precision: 0.7729 - recall: 0.9143
[1m15/17[0m [32m━━━━━━━━━━━━━━━━━[0m[37m━━━[0m [1m2s[0m 1s/step - accuracy: 0.8793 - auc: 0.9410 - loss: 0.3568 - precision: 0.7694 - recall: 0.9119
[1m16/17[0m [32m━━━━━━━━━━━━━━━━━━[0m[37m━━[0m [1m1s[0m 1s/step - accuracy: 0.8778 - auc: 0.9398 - loss: 0.3593 - precision: 0.7667 - recall: 0.9102
[1m17/17[0m [32m━━━━━━━━━━━━━━━━━━━━[0m[37m[0m [1m0s[0m 1s/step - accuracy: 0.8762 - auc: 0.9387 - loss: 0.3618 - precision: 0.7640 - recall: 0.9086
Epoch 53: val_recall did not improve from 1.00000

[1m17/17[0m [32m━━━━━━━━━━━━━━━━━━━━[0m[37m[0m [1m26s[0m 2s/step - accuracy: 0.8515 - auc: 0.9212 - loss: 0.4014 - precision: 0.7204 - recall: 0.8837 - val_accuracy: 0.5489 - val_auc: 0.9133 - val_loss: 0.7889 - val_precision: 0.4175 - val_recall: 1.0000 - learning_rate: 2.5000e-05
Epoch 54/80

[1m 1/17[0m [32m━[0m[37m━━━━━━━━━━━━━━━━━━━[0m [1m23s[0m 1s/step - accuracy: 0.9375 - auc: 0.9682 - loss: 0.2731 - precision: 0.8333 - recall: 1.0000
[1m 2/17[0m [32m━━[0m[37m━━━━━━━━━━━━━━━━━━[0m [1m22s[0m 1s/step - accuracy: 0.9297 - auc: 0.9619 - loss: 0.2846 - precision: 0.8258 - recall: 0.9737
[1m 3/17[0m [32m━━━[0m[37m━━━━━━━━━━━━━━━━━[0m [1m20s[0m 1s/step - accuracy: 0.9253 - auc: 0.9597 - loss: 0.2950 - precision: 0.8298 - recall: 0.9623
[1m 4/17[0m [32m━━━━[0m[37m━━━━━━━━━━━━━━━━[0m [1m18s[0m 1s/step - accuracy: 0.9264 - auc: 0.9611 - loss: 0.2987 - precision: 0.8417 - recall: 0.9554
[1m 5/17[0m [32m━━━━━[0m[37m━━━━━━━━━━━━━━━[0m [1m17s[0m 1s/step - accuracy: 0.9274 - auc: 0.9614 - loss: 0.3005 - precision: 0.8476 - recall: 0.9538
[1m 6/17[0m [32m━━━━━━━[0m[37m━━━━━━━━━━━━━[0m [1m15s[0m 1s/step - accuracy: 0.9247 - auc: 0.9597 - loss: 0.3062 - precision: 0.8463 - recall: 0.9492
[1m 7/17[0m [32m━━━━━━━━[0m[37m━━━━━━━━━━━━[0m [1m14s[0m 1s/step - accuracy: 0.9208 - auc: 0.9575 - loss: 0.3115 - precision: 0.8394 - recall: 0.9447
[1m 8/17[0m [32m━━━━━━━━━[0m[37m━━━━━━━━━━━[0m [1m12s[0m 1s/step - accuracy: 0.9161 - auc: 0.9547 - loss: 0.3184 - precision: 0.8311 - recall: 0.9396
[1m 9/17[0m [32m━━━━━━━━━━[0m[37m━━━━━━━━━━[0m [1m11s[0m 1s/step - accuracy: 0.9111 - auc: 0.9522 - loss: 0.3255 - precision: 0.8246 - recall: 0.9326
[1m10/17[0m [32m━━━━━━━━━━━[0m[37m━━━━━━━━━[0m [1m10s[0m 1s/step - accuracy: 0.9056 - auc: 0.9490 - loss: 0.3339 - precision: 0.8165 - recall: 0.9262
[1m11/17[0m [32m━━━━━━━━━━━━[0m[37m━━━━━━━━[0m [1m8s[0m 1s/step - accuracy: 0.9008 - auc: 0.9461 - loss: 0.3411 - precision: 0.8084 - recall: 0.9219 
[1m12/17[0m [32m━━━━━━━━━━━━━━[0m[37m━━━━━━[0m [1m7s[0m 1s/step - accuracy: 0.8969 - auc: 0.9438 - loss: 0.3465 - precision: 0.8021 - recall: 0.9178
[1m13/17[0m [32m━━━━━━━━━━━━━━━[0m[37m━━━━━[0m [1m5s[0m 1s/step - accuracy: 0.8937 - auc: 0.9422 - loss: 0.3507 - precision: 0.7975 - recall: 0.9142
[1m14/17[0m [32m━━━━━━━━━━━━━━━━[0m[37m━━━━[0m [1m4s[0m 1s/step - accuracy: 0.8910 - auc: 0.9407 - loss: 0.3544 - precision: 0.7934 - recall: 0.9112
[1m15/17[0m [32m━━━━━━━━━━━━━━━━━[0m[37m━━━[0m [1m2s[0m 1s/step - accuracy: 0.8885 - auc: 0.9395 - loss: 0.3575 - precision: 0.7893 - recall: 0.9086
[1m16/17[0m [32m━━━━━━━━━━━━━━━━━━[0m[37m━━[0m [1m1s[0m 1s/step - accuracy: 0.8866 - auc: 0.9387 - loss: 0.3597 - precision: 0.7857 - recall: 0.9067
[1m17/17[0m [32m━━━━━━━━━━━━━━━━━━━━[0m[37m[0m [1m0s[0m 1s/step - accuracy: 0.8846 - auc: 0.9379 - loss: 0.3619 - precision: 0.7822 - recall: 0.9051
Epoch 54: val_recall did not improve from 1.00000

[1m17/17[0m [32m━━━━━━━━━━━━━━━━━━━━[0m[37m[0m [1m25s[0m 1s/step - accuracy: 0.8534 - auc: 0.9258 - loss: 0.3965 - precision: 0.7260 - recall: 0.8779 - val_accuracy: 0.8120 - val_auc: 0.9255 - val_loss: 0.4368 - val_precision: 0.6324 - val_recall: 1.0000 - learning_rate: 2.5000e-05
Epoch 55/80

[1m 1/17[0m [32m━[0m[37m━━━━━━━━━━━━━━━━━━━[0m [1m23s[0m 1s/step - accuracy: 0.9375 - auc: 0.9886 - loss: 0.2555 - precision: 0.8333 - recall: 1.0000
[1m 2/17[0m [32m━━[0m[37m━━━━━━━━━━━━━━━━━━[0m [1m23s[0m 2s/step - accuracy: 0.9375 - auc: 0.9756 - loss: 0.2734 - precision: 0.8297 - recall: 1.0000
[1m 3/17[0m [32m━━━[0m[37m━━━━━━━━━━━━━━━━━[0m [1m21s[0m 2s/step - accuracy: 0.9340 - auc: 0.9727 - loss: 0.2847 - precision: 0.8338 - recall: 0.9899
[1m 4/17[0m [32m━━━━[0m[37m━━━━━━━━━━━━━━━━[0m [1m19s[0m 2s/step - accuracy: 0.9329 - auc: 0.9720 - loss: 0.2890 - precision: 0.8448 - recall: 0.9761
[1m 5/17[0m [32m━━━━━[0m[37m━━━━━━━━━━━━━━━[0m [1m18s[0m 2s/step - accuracy: 0.9326 - auc: 0.9710 - loss: 0.2911 - precision: 0.8500 - recall: 0.9704
[1m 6/17[0m [32m━━━━━━━[0m[37m━━━━━━━━━━━━━[0m [1m17s[0m 2s/step - accuracy: 0.9291 - auc: 0.9699 - loss: 0.2953 - precision: 0.8499 - recall: 0.9606
[1m 7/17[0m [32m━━━━━━━━[0m[37m━━━━━━━━━━━━[0m [1m15s[0m 2s/step - accuracy: 0.9252 - auc: 0.9684 - loss: 0.2998 - precision: 0.8449 - recall: 0.9525
[1m 8/17[0m [32m━━━━━━━━━[0m[37m━━━━━━━━━━━[0m [1m14s[0m 2s/step - accuracy: 0.9204 - auc: 0.9666 - loss: 0.3049 - precision: 0.8369 - recall: 0.9464
[1m 9/17[0m [32m━━━━━━━━━━[0m[37m━━━━━━━━━━[0m [1m12s[0m 2s/step - accuracy: 0.9157 - auc: 0.9645 - loss: 0.3104 - precision: 0.8308 - recall: 0.9398
[1m10/17[0m [32m━━━━━━━━━━━[0m[37m━━━━━━━━━[0m [1m10s[0m 2s/step - accuracy: 0.9104 - auc: 0.9616 - loss: 0.3174 - precision: 0.8229 - recall: 0.9336
[1m11/17[0m [32m━━━━━━━━━━━━[0m[37m━━━━━━━━[0m [1m9s[0m 2s/step - accuracy: 0.9059 - auc: 0.9589 - loss: 0.3234 - precision: 0.8153 - recall: 0.9294 
[1m12/17[0m [32m━━━━━━━━━━━━━━[0m[37m━━━━━━[0m [1m7s[0m 2s/step - accuracy: 0.9020 - auc: 0.9567 - loss: 0.3282 - precision: 0.8093 - recall: 0.9247
[1m13/17[0m [32m━━━━━━━━━━━━━━━[0m[37m━━━━━[0m [1m5s[0m 1s/step - accuracy: 0.8990 - auc: 0.9550 - loss: 0.3319 - precision: 0.8050 - recall: 0.9211
[1m14/17[0m [32m━━━━━━━━━━━━━━━━[0m[37m━━━━[0m [1m4s[0m 1s/step - accuracy: 0.8963 - auc: 0.9533 - loss: 0.3358 - precision: 0.8011 - recall: 0.9182
[1m15/17[0m [32m━━━━━━━━━━━━━━━━━[0m[37m━━━[0m [1m2s[0m 1s/step - accuracy: 0.8941 - auc: 0.9518 - loss: 0.3390 - precision: 0.7971 - recall: 0.9159
[1m16/17[0m [32m━━━━━━━━━━━━━━━━━━[0m[37m━━[0m [1m1s[0m 1s/step - accuracy: 0.8924 - auc: 0.9507 - loss: 0.3414 - precision: 0.7939 - recall: 0.9144
[1m17/17[0m [32m━━━━━━━━━━━━━━━━━━━━[0m[37m[0m [1m0s[0m 1s/step - accuracy: 0.8907 - auc: 0.9495 - loss: 0.3439 - precision: 0.7907 - recall: 0.9129
Epoch 55: ReduceLROnPlateau reducing learning rate to 1.249999968422344e-05.

Epoch 55: val_recall did not improve from 1.00000

[1m17/17[0m [32m━━━━━━━━━━━━━━━━━━━━[0m[37m[0m [1m26s[0m 2s/step - accuracy: 0.8628 - auc: 0.9311 - loss: 0.3842 - precision: 0.7391 - recall: 0.8895 - val_accuracy: 0.8271 - val_auc: 0.9291 - val_loss: 0.4134 - val_precision: 0.6515 - val_recall: 1.0000 - learning_rate: 2.5000e-05
Epoch 55: early stopping
Restoring model weights from the end of the best epoch: 45.

--- [Fecha/hora inicio=20260716_1519] ---

--- [T=1582.57s] ---
5. Guardado y Ploteo (Usando utils_train)

Historial guardado en 'C:\workspace\hd-image-pest-detection-cnn-and-rf\history/MULTIESPECTRAL/binary_crossentropy\history_20260716_1546_epochs_80_MULTIESPECTRAL_BCE.json'

[1m 1/17[0m [32m━[0m[37m━━━━━━━━━━━━━━━━━━━[0m [1m7s[0m 447ms/step
[1m 2/17[0m [32m━━[0m[37m━━━━━━━━━━━━━━━━━━[0m [1m4s[0m 288ms/step
[1m 3/17[0m [32m━━━[0m[37m━━━━━━━━━━━━━━━━━[0m [1m4s[0m 316ms/step
[1m 4/17[0m [32m━━━━[0m[37m━━━━━━━━━━━━━━━━[0m [1m4s[0m 310ms/step
[1m 5/17[0m [32m━━━━━[0m[37m━━━━━━━━━━━━━━━[0m [1m3s[0m 315ms/step
[1m 6/17[0m [32m━━━━━━━[0m[37m━━━━━━━━━━━━━[0m [1m3s[0m 308ms/step
[1m 7/17[0m [32m━━━━━━━━[0m[37m━━━━━━━━━━━━[0m [1m3s[0m 300ms/step
[1m 8/17[0m [32m━━━━━━━━━[0m[37m━━━━━━━━━━━[0m [1m2s[0m 294ms/step
[1m 9/17[0m [32m━━━━━━━━━━[0m[37m━━━━━━━━━━[0m [1m2s[0m 290ms/step
[1m10/17[0m [32m━━━━━━━━━━━[0m[37m━━━━━━━━━[0m [1m2s[0m 286ms/step
[1m11/17[0m [32m━━━━━━━━━━━━[0m[37m━━━━━━━━[0m [1m1s[0m 283ms/step
[1m12/17[0m [32m━━━━━━━━━━━━━━[0m[37m━━━━━━[0m [1m1s[0m 280ms/step
[1m13/17[0m [32m━━━━━━━━━━━━━━━[0m[37m━━━━━[0m [1m1s[0m 278ms/step
[1m14/17[0m [32m━━━━━━━━━━━━━━━━[0m[37m━━━━[0m [1m0s[0m 276ms/step
[1m15/17[0m [32m━━━━━━━━━━━━━━━━━[0m[37m━━━[0m [1m0s[0m 274ms/step
[1m16/17[0m [32m━━━━━━━━━━━━━━━━━━[0m[37m━━[0m [1m0s[0m 273ms/step
[1m17/17[0m [32m━━━━━━━━━━━━━━━━━━━━[0m[37m[0m [1m0s[0m 269ms/step
[1m17/17[0m [32m━━━━━━━━━━━━━━━━━━━━[0m[37m[0m [1m5s[0m 269ms/step

--- ANÁLISIS DE UMBRAL ÓPTIMO ---
Mejor Umbral detectado: 0.1577

Nueva Matriz de Confusión con Umbral Óptimo:
[[285  75]
 [  2 170]]

Reporte de Clasificación:
              precision    recall  f1-score   support

           0       0.99      0.79      0.88       360
           1       0.69      0.99      0.82       172

    accuracy                           0.86       532
   macro avg       0.84      0.89      0.85       532
weighted avg       0.90      0.86      0.86       532


Auc: 0.9218669250645994
Umbral mas optimo:  0.15765475

[1m1/5[0m [32m━━━━[0m[37m━━━━━━━━━━━━━━━━[0m [1m1s[0m 289ms/step
[1m2/5[0m [32m━━━━━━━━[0m[37m━━━━━━━━━━━━[0m [1m0s[0m 256ms/step
[1m3/5[0m [32m━━━━━━━━━━━━[0m[37m━━━━━━━━[0m [1m0s[0m 256ms/step
[1m4/5[0m [32m━━━━━━━━━━━━━━━━[0m[37m━━━━[0m [1m0s[0m 256ms/step
[1m5/5[0m [32m━━━━━━━━━━━━━━━━━━━━[0m[37m[0m [1m1s[0m 203ms/step

✅ Reporte de Clasificación guardado en: C:\workspace\hd-image-pest-detection-cnn-and-rf\evaluation_results\CNN\MULTIESPECTRAL\binary_crossentropy\post_train_val\report_post_train_MULTIESPECTRAL_binary_crossentropy_20260716_1546_t15.json
✅ Matriz de Confusión guardada en: C:\workspace\hd-image-pest-detection-cnn-and-rf\evaluation_results\CNN\MULTIESPECTRAL\binary_crossentropy\post_train_val\report_post_train_MULTIESPECTRAL_binary_crossentropy_20260716_1546_t15_confusion.png
Matriz de confusión:
[[71 19]
 [ 0 43]]

--- RESUMEN DEL REPORTE DE CLASIFICACIÓN ---
              precision    recall  f1-score   support

       Plaga       1.00      0.79      0.88        90
        Sana       0.69      1.00      0.82        43

    accuracy                           0.86       133
   macro avg       0.85      0.89      0.85       133
weighted avg       0.90      0.86      0.86       133

✅ Reporte Markdown (Tabla) guardado en: C:\workspace\hd-image-pest-detection-cnn-and-rf\evaluation_results\CNN\MULTIESPECTRAL\binary_crossentropy\post_train_val\report_table_post_train_MULTIESPECTRAL_binary_crossentropy_20260716_1546_t15.md
✅ Curva ROC guardada en: C:\workspace\hd-image-pest-detection-cnn-and-rf\evaluation_results\CNN\MULTIESPECTRAL\binary_crossentropy\post_train_val\ROC_post_train_MULTIESPECTRAL_binary_crossentropy_20260716_1546_t0.1576547473669052.png
ROC guardada en C:\workspace\hd-image-pest-detection-cnn-and-rf\evaluation_results\CNN\MULTIESPECTRAL\binary_crossentropy\post_train_val\ROC_data_post_train_MULTIESPECTRAL_binary_crossentropy_20260716_1546_t0.1576547473669052.npz (AUC=0.9245)
