Modelo cnn focal_loss | RGB? True | alpha 0.75 | gamma 2.0

--- [Fecha/hora inicio=20260716_1546] ---

--- [T=0.00s] ---
init. Iniciando entrenamiento RGB con perdida Focal Loss

--- [Fecha/hora inicio=20260716_1546] ---

--- [T=0.00s] ---
1. 1. Extrayendo datos

--- [Fecha/hora inicio=20260716_1546] ---

--- [T=0.35s] ---
1. Carga de datos cnn RGB

--- [Fecha/hora inicio=20260716_1546] ---

--- [T=0.46s] ---
2. Filtrado y extracción de datos

--- [Fecha/hora inicio=20260716_1546] ---

--- [T=0.47s] ---
2.1. Iniciando procesamiento de 665 imágenes etiquetadas...

--- [Fecha/hora inicio=20260716_1546] ---

--- [T=0.47s] ---
2.2. Archivos seleccionados: ['RGB.tif']

--- [Fecha/hora inicio=20260716_1547] ---

--- [T=0.00s] ---
7. Extracción de imágenes completada.

Datos listos para entrenamiento. Total de muestras: 665

Resumen de Datos Multiespectrales:
Total de parches extraídos: 665
X Train/Val Split: 532 / 133
Y Train/Val Split: 532 / 133
Forma X_train: (532, 224, 224, 3)
Forma Y_train: (532,)
Shape train: (532, 224, 224, 3)
Pesos de Clase Calculados: Plaga (0): 1.11, Sana (1): 1.55
------------------------------
DEBUG - Conteo: Plaga: 360, Sana: 172
RESULTADO - Pesos Finales: Plaga (0): 1.11, Sana (1): 1.55
------------------------------
Epoch 1/80

[1m 1/17[0m [32m━[0m[37m━━━━━━━━━━━━━━━━━━━[0m [1m48s[0m 3s/step - accuracy: 0.2812 - auc: 0.3295 - loss: 0.0710 - precision: 0.2903 - recall: 0.9000
[1m 2/17[0m [32m━━[0m[37m━━━━━━━━━━━━━━━━━━[0m [1m21s[0m 1s/step - accuracy: 0.2812 - auc: 0.3890 - loss: 0.0700 - precision: 0.2880 - recall: 0.9237
[1m 3/17[0m [32m━━━[0m[37m━━━━━━━━━━━━━━━━━[0m [1m20s[0m 1s/step - accuracy: 0.3021 - auc: 0.4280 - loss: 0.0706 - precision: 0.3055 - recall: 0.9390
[1m 4/17[0m [32m━━━━[0m[37m━━━━━━━━━━━━━━━━[0m [1m18s[0m 1s/step - accuracy: 0.3184 - auc: 0.4620 - loss: 0.0710 - precision: 0.3180 - recall: 0.9380
[1m 5/17[0m [32m━━━━━[0m[37m━━━━━━━━━━━━━━━[0m [1m17s[0m 1s/step - accuracy: 0.3309 - auc: 0.4970 - loss: 0.0711 - precision: 0.3264 - recall: 0.9398
[1m 6/17[0m [32m━━━━━━━[0m[37m━━━━━━━━━━━━━[0m [1m15s[0m 1s/step - accuracy: 0.3426 - auc: 0.5191 - loss: 0.0711 - precision: 0.3332 - recall: 0.9425
[1m 7/17[0m [32m━━━━━━━━[0m[37m━━━━━━━━━━━━[0m [1m14s[0m 1s/step - accuracy: 0.3498 - auc: 0.5365 - loss: 0.0709 - precision: 0.3348 - recall: 0.9449
[1m 8/17[0m [32m━━━━━━━━━[0m[37m━━━━━━━━━━━[0m [1m12s[0m 1s/step - accuracy: 0.3564 - auc: 0.5497 - loss: 0.0706 - precision: 0.3365 - recall: 0.9472
[1m 9/17[0m [32m━━━━━━━━━━[0m[37m━━━━━━━━━━[0m [1m11s[0m 1s/step - accuracy: 0.3635 - auc: 0.5630 - loss: 0.0705 - precision: 0.3394 - recall: 0.9485
[1m10/17[0m [32m━━━━━━━━━━━[0m[37m━━━━━━━━━[0m [1m9s[0m 1s/step - accuracy: 0.3687 - auc: 0.5739 - loss: 0.0704 - precision: 0.3415 - recall: 0.9499 
[1m11/17[0m [32m━━━━━━━━━━━━[0m[37m━━━━━━━━[0m [1m8s[0m 1s/step - accuracy: 0.3721 - auc: 0.5839 - loss: 0.0702 - precision: 0.3424 - recall: 0.9513
[1m12/17[0m [32m━━━━━━━━━━━━━━[0m[37m━━━━━━[0m [1m7s[0m 1s/step - accuracy: 0.3762 - auc: 0.5946 - loss: 0.0700 - precision: 0.3438 - recall: 0.9527
[1m13/17[0m [32m━━━━━━━━━━━━━━━[0m[37m━━━━━[0m [1m5s[0m 1s/step - accuracy: 0.3804 - auc: 0.6035 - loss: 0.0698 - precision: 0.3455 - recall: 0.9536
[1m14/17[0m [32m━━━━━━━━━━━━━━━━[0m[37m━━━━[0m [1m4s[0m 1s/step - accuracy: 0.3846 - auc: 0.6109 - loss: 0.0697 - precision: 0.3473 - recall: 0.9545
[1m15/17[0m [32m━━━━━━━━━━━━━━━━━[0m[37m━━━[0m [1m2s[0m 1s/step - accuracy: 0.3880 - auc: 0.6173 - loss: 0.0696 - precision: 0.3483 - recall: 0.9554
[1m16/17[0m [32m━━━━━━━━━━━━━━━━━━[0m[37m━━[0m [1m1s[0m 1s/step - accuracy: 0.3912 - auc: 0.6234 - loss: 0.0694 - precision: 0.3491 - recall: 0.9563
[1m17/17[0m [32m━━━━━━━━━━━━━━━━━━━━[0m[37m[0m [1m0s[0m 1s/step - accuracy: 0.3944 - auc: 0.6291 - loss: 0.0693 - precision: 0.3501 - recall: 0.9572
Epoch 1: val_recall improved from None to 1.00000, saving model to C:\workspace\hd-image-pest-detection-cnn-and-rf\best_models\best_model_final_RGB_focal_loss.keras

[1m17/17[0m [32m━━━━━━━━━━━━━━━━━━━━[0m[37m[0m [1m27s[0m 1s/step - accuracy: 0.4455 - auc: 0.7200 - loss: 0.0670 - precision: 0.3654 - recall: 0.9709 - val_accuracy: 0.3233 - val_auc: 0.5000 - val_loss: 0.0710 - val_precision: 0.3233 - val_recall: 1.0000 - learning_rate: 1.0000e-04
Epoch 2/80

[1m 1/17[0m [32m━[0m[37m━━━━━━━━━━━━━━━━━━━[0m [1m23s[0m 1s/step - accuracy: 0.5000 - auc: 0.7955 - loss: 0.0640 - precision: 0.3846 - recall: 1.0000
[1m 2/17[0m [32m━━[0m[37m━━━━━━━━━━━━━━━━━━[0m [1m22s[0m 1s/step - accuracy: 0.5000 - auc: 0.8121 - loss: 0.0629 - precision: 0.3786 - recall: 1.0000
[1m 3/17[0m [32m━━━[0m[37m━━━━━━━━━━━━━━━━━[0m [1m21s[0m 2s/step - accuracy: 0.5208 - auc: 0.8216 - loss: 0.0631 - precision: 0.3991 - recall: 1.0000
[1m 4/17[0m [32m━━━━[0m[37m━━━━━━━━━━━━━━━━[0m [1m19s[0m 2s/step - accuracy: 0.5371 - auc: 0.8202 - loss: 0.0633 - precision: 0.4153 - recall: 0.9946
[1m 5/17[0m [32m━━━━━[0m[37m━━━━━━━━━━━━━━━[0m [1m18s[0m 2s/step - accuracy: 0.5472 - auc: 0.8223 - loss: 0.0633 - precision: 0.4248 - recall: 0.9921
[1m 6/17[0m [32m━━━━━━━[0m[37m━━━━━━━━━━━━━[0m [1m17s[0m 2s/step - accuracy: 0.5541 - auc: 0.8182 - loss: 0.0634 - precision: 0.4308 - recall: 0.9861
[1m 7/17[0m [32m━━━━━━━━[0m[37m━━━━━━━━━━━━[0m [1m15s[0m 2s/step - accuracy: 0.5566 - auc: 0.8134 - loss: 0.0633 - precision: 0.4305 - recall: 0.9803
[1m 8/17[0m [32m━━━━━━━━━[0m[37m━━━━━━━━━━━[0m [1m13s[0m 2s/step - accuracy: 0.5583 - auc: 0.8074 - loss: 0.0634 - precision: 0.4300 - recall: 0.9752
[1m 9/17[0m [32m━━━━━━━━━━[0m[37m━━━━━━━━━━[0m [1m12s[0m 2s/step - accuracy: 0.5622 - auc: 0.8041 - loss: 0.0634 - precision: 0.4323 - recall: 0.9722
[1m10/17[0m [32m━━━━━━━━━━━[0m[37m━━━━━━━━━[0m [1m10s[0m 2s/step - accuracy: 0.5641 - auc: 0.8005 - loss: 0.0634 - precision: 0.4332 - recall: 0.9694
[1m11/17[0m [32m━━━━━━━━━━━━[0m[37m━━━━━━━━[0m [1m8s[0m 1s/step - accuracy: 0.5655 - auc: 0.7977 - loss: 0.0634 - precision: 0.4333 - recall: 0.9674 
[1m12/17[0m [32m━━━━━━━━━━━━━━[0m[37m━━━━━━[0m [1m7s[0m 1s/step - accuracy: 0.5672 - auc: 0.7961 - loss: 0.0633 - precision: 0.4337 - recall: 0.9649
[1m13/17[0m [32m━━━━━━━━━━━━━━━[0m[37m━━━━━[0m [1m5s[0m 1s/step - accuracy: 0.5683 - auc: 0.7945 - loss: 0.0633 - precision: 0.4342 - recall: 0.9620
[1m14/17[0m [32m━━━━━━━━━━━━━━━━[0m[37m━━━━[0m [1m4s[0m 1s/step - accuracy: 0.5697 - auc: 0.7931 - loss: 0.0633 - precision: 0.4350 - recall: 0.9600
[1m15/17[0m [32m━━━━━━━━━━━━━━━━━[0m[37m━━━[0m [1m2s[0m 1s/step - accuracy: 0.5703 - auc: 0.7919 - loss: 0.0632 - precision: 0.4348 - recall: 0.9584
[1m16/17[0m [32m━━━━━━━━━━━━━━━━━━[0m[37m━━[0m [1m1s[0m 1s/step - accuracy: 0.5712 - auc: 0.7913 - loss: 0.0631 - precision: 0.4346 - recall: 0.9572
[1m17/17[0m [32m━━━━━━━━━━━━━━━━━━━━[0m[37m[0m [1m0s[0m 1s/step - accuracy: 0.5718 - auc: 0.7908 - loss: 0.0631 - precision: 0.4346 - recall: 0.9563
Epoch 2: val_recall did not improve from 1.00000

[1m17/17[0m [32m━━━━━━━━━━━━━━━━━━━━[0m[37m[0m [1m26s[0m 2s/step - accuracy: 0.5827 - auc: 0.7824 - loss: 0.0622 - precision: 0.4332 - recall: 0.9419 - val_accuracy: 0.3233 - val_auc: 0.5000 - val_loss: 0.0708 - val_precision: 0.3233 - val_recall: 1.0000 - learning_rate: 1.0000e-04
Epoch 3/80

[1m 1/17[0m [32m━[0m[37m━━━━━━━━━━━━━━━━━━━[0m [1m26s[0m 2s/step - accuracy: 0.6250 - auc: 0.8750 - loss: 0.0573 - precision: 0.4545 - recall: 1.0000
[1m 2/17[0m [32m━━[0m[37m━━━━━━━━━━━━━━━━━━[0m [1m21s[0m 1s/step - accuracy: 0.6406 - auc: 0.8773 - loss: 0.0568 - precision: 0.4590 - recall: 1.0000
[1m 3/17[0m [32m━━━[0m[37m━━━━━━━━━━━━━━━━━[0m [1m19s[0m 1s/step - accuracy: 0.6597 - auc: 0.8769 - loss: 0.0571 - precision: 0.4838 - recall: 0.9899
[1m 4/17[0m [32m━━━━[0m[37m━━━━━━━━━━━━━━━━[0m [1m18s[0m 1s/step - accuracy: 0.6725 - auc: 0.8749 - loss: 0.0572 - precision: 0.5021 - recall: 0.9816
[1m 5/17[0m [32m━━━━━[0m[37m━━━━━━━━━━━━━━━[0m [1m17s[0m 1s/step - accuracy: 0.6805 - auc: 0.8742 - loss: 0.0571 - precision: 0.5128 - recall: 0.9782
[1m 6/17[0m [32m━━━━━━━[0m[37m━━━━━━━━━━━━━[0m [1m15s[0m 1s/step - accuracy: 0.6834 - auc: 0.8693 - loss: 0.0572 - precision: 0.5177 - recall: 0.9721
[1m 7/17[0m [32m━━━━━━━━[0m[37m━━━━━━━━━━━━[0m [1m14s[0m 1s/step - accuracy: 0.6827 - auc: 0.8653 - loss: 0.0572 - precision: 0.5157 - recall: 0.9682
[1m 8/17[0m [32m━━━━━━━━━[0m[37m━━━━━━━━━━━[0m [1m12s[0m 1s/step - accuracy: 0.6819 - auc: 0.8607 - loss: 0.0573 - precision: 0.5137 - recall: 0.9632
[1m 9/17[0m [32m━━━━━━━━━━[0m[37m━━━━━━━━━━[0m [1m11s[0m 1s/step - accuracy: 0.6825 - auc: 0.8568 - loss: 0.0574 - precision: 0.5145 - recall: 0.9581
[1m10/17[0m [32m━━━━━━━━━━━[0m[37m━━━━━━━━━[0m [1m10s[0m 1s/step - accuracy: 0.6827 - auc: 0.8530 - loss: 0.0575 - precision: 0.5146 - recall: 0.9548
[1m11/17[0m [32m━━━━━━━━━━━━[0m[37m━━━━━━━━[0m [1m8s[0m 1s/step - accuracy: 0.6834 - auc: 0.8499 - loss: 0.0575 - precision: 0.5146 - recall: 0.9526 
[1m12/17[0m [32m━━━━━━━━━━━━━━[0m[37m━━━━━━[0m [1m7s[0m 1s/step - accuracy: 0.6841 - auc: 0.8479 - loss: 0.0575 - precision: 0.5148 - recall: 0.9506
[1m13/17[0m [32m━━━━━━━━━━━━━━━[0m[37m━━━━━[0m [1m5s[0m 1s/step - accuracy: 0.6850 - auc: 0.8463 - loss: 0.0575 - precision: 0.5156 - recall: 0.9483
[1m14/17[0m [32m━━━━━━━━━━━━━━━━[0m[37m━━━━[0m [1m4s[0m 1s/step - accuracy: 0.6859 - auc: 0.8450 - loss: 0.0575 - precision: 0.5165 - recall: 0.9468
[1m15/17[0m [32m━━━━━━━━━━━━━━━━━[0m[37m━━━[0m [1m2s[0m 1s/step - accuracy: 0.6869 - auc: 0.8437 - loss: 0.0575 - precision: 0.5169 - recall: 0.9452
[1m16/17[0m [32m━━━━━━━━━━━━━━━━━━[0m[37m━━[0m [1m1s[0m 1s/step - accuracy: 0.6879 - auc: 0.8430 - loss: 0.0574 - precision: 0.5172 - recall: 0.9441
[1m17/17[0m [32m━━━━━━━━━━━━━━━━━━━━[0m[37m[0m [1m0s[0m 1s/step - accuracy: 0.6891 - auc: 0.8425 - loss: 0.0574 - precision: 0.5178 - recall: 0.9432
Epoch 3: val_recall did not improve from 1.00000

[1m17/17[0m [32m━━━━━━━━━━━━━━━━━━━━[0m[37m[0m [1m26s[0m 1s/step - accuracy: 0.7086 - auc: 0.8337 - loss: 0.0567 - precision: 0.5281 - recall: 0.9302 - val_accuracy: 0.3233 - val_auc: 0.5000 - val_loss: 0.0707 - val_precision: 0.3233 - val_recall: 1.0000 - learning_rate: 1.0000e-04
Epoch 4/80

[1m 1/17[0m [32m━[0m[37m━━━━━━━━━━━━━━━━━━━[0m [1m23s[0m 1s/step - accuracy: 0.7812 - auc: 0.9114 - loss: 0.0488 - precision: 0.5882 - recall: 1.0000
[1m 2/17[0m [32m━━[0m[37m━━━━━━━━━━━━━━━━━━[0m [1m21s[0m 1s/step - accuracy: 0.7812 - auc: 0.8954 - loss: 0.0500 - precision: 0.5844 - recall: 0.9737
[1m 3/17[0m [32m━━━[0m[37m━━━━━━━━━━━━━━━━━[0m [1m19s[0m 1s/step - accuracy: 0.7847 - auc: 0.8914 - loss: 0.0504 - precision: 0.6005 - recall: 0.9623
[1m 4/17[0m [32m━━━━[0m[37m━━━━━━━━━━━━━━━━[0m [1m18s[0m 1s/step - accuracy: 0.7858 - auc: 0.8882 - loss: 0.0508 - precision: 0.6119 - recall: 0.9500
[1m 5/17[0m [32m━━━━━[0m[37m━━━━━━━━━━━━━━━[0m [1m17s[0m 1s/step - accuracy: 0.7849 - auc: 0.8865 - loss: 0.0509 - precision: 0.6157 - recall: 0.9459
[1m 6/17[0m [32m━━━━━━━[0m[37m━━━━━━━━━━━━━[0m [1m16s[0m 1s/step - accuracy: 0.7808 - auc: 0.8798 - loss: 0.0514 - precision: 0.6148 - recall: 0.9378
[1m 7/17[0m [32m━━━━━━━━[0m[37m━━━━━━━━━━━━[0m [1m14s[0m 1s/step - accuracy: 0.7751 - auc: 0.8737 - loss: 0.0518 - precision: 0.6077 - recall: 0.9310
[1m 8/17[0m [32m━━━━━━━━━[0m[37m━━━━━━━━━━━[0m [1m13s[0m 2s/step - accuracy: 0.7705 - auc: 0.8682 - loss: 0.0521 - precision: 0.6018 - recall: 0.9261
[1m 9/17[0m [32m━━━━━━━━━━[0m[37m━━━━━━━━━━[0m [1m12s[0m 2s/step - accuracy: 0.7675 - auc: 0.8640 - loss: 0.0525 - precision: 0.5992 - recall: 0.9206
[1m10/17[0m [32m━━━━━━━━━━━[0m[37m━━━━━━━━━[0m [1m10s[0m 1s/step - accuracy: 0.7651 - auc: 0.8599 - loss: 0.0528 - precision: 0.5968 - recall: 0.9173
[1m11/17[0m [32m━━━━━━━━━━━━[0m[37m━━━━━━━━[0m [1m8s[0m 1s/step - accuracy: 0.7630 - auc: 0.8567 - loss: 0.0530 - precision: 0.5941 - recall: 0.9145 
[1m12/17[0m [32m━━━━━━━━━━━━━━[0m[37m━━━━━━[0m [1m7s[0m 1s/step - accuracy: 0.7614 - auc: 0.8546 - loss: 0.0531 - precision: 0.5923 - recall: 0.9117
[1m13/17[0m [32m━━━━━━━━━━━━━━━[0m[37m━━━━━[0m [1m5s[0m 1s/step - accuracy: 0.7604 - auc: 0.8526 - loss: 0.0533 - precision: 0.5915 - recall: 0.9086
[1m14/17[0m [32m━━━━━━━━━━━━━━━━[0m[37m━━━━[0m [1m4s[0m 1s/step - accuracy: 0.7596 - auc: 0.8508 - loss: 0.0534 - precision: 0.5910 - recall: 0.9060
[1m15/17[0m [32m━━━━━━━━━━━━━━━━━[0m[37m━━━[0m [1m2s[0m 1s/step - accuracy: 0.7590 - auc: 0.8493 - loss: 0.0535 - precision: 0.5900 - recall: 0.9038
[1m16/17[0m [32m━━━━━━━━━━━━━━━━━━[0m[37m━━[0m [1m1s[0m 1s/step - accuracy: 0.7586 - auc: 0.8484 - loss: 0.0535 - precision: 0.5891 - recall: 0.9022
[1m17/17[0m [32m━━━━━━━━━━━━━━━━━━━━[0m[37m[0m [1m0s[0m 1s/step - accuracy: 0.7584 - auc: 0.8476 - loss: 0.0535 - precision: 0.5886 - recall: 0.9011
Epoch 4: val_recall did not improve from 1.00000

[1m17/17[0m [32m━━━━━━━━━━━━━━━━━━━━[0m[37m[0m [1m25s[0m 1s/step - accuracy: 0.7556 - auc: 0.8351 - loss: 0.0540 - precision: 0.5802 - recall: 0.8837 - val_accuracy: 0.3233 - val_auc: 0.5000 - val_loss: 0.0706 - val_precision: 0.3233 - val_recall: 1.0000 - learning_rate: 1.0000e-04
Epoch 5/80

[1m 1/17[0m [32m━[0m[37m━━━━━━━━━━━━━━━━━━━[0m [1m23s[0m 1s/step - accuracy: 0.8438 - auc: 0.8864 - loss: 0.0495 - precision: 0.6667 - recall: 1.0000
[1m 2/17[0m [32m━━[0m[37m━━━━━━━━━━━━━━━━━━[0m [1m22s[0m 1s/step - accuracy: 0.8359 - auc: 0.8768 - loss: 0.0498 - precision: 0.6548 - recall: 0.9737
[1m 3/17[0m [32m━━━[0m[37m━━━━━━━━━━━━━━━━━[0m [1m21s[0m 2s/step - accuracy: 0.8351 - auc: 0.8830 - loss: 0.0493 - precision: 0.6661 - recall: 0.9623
[1m 4/17[0m [32m━━━━[0m[37m━━━━━━━━━━━━━━━━[0m [1m19s[0m 2s/step - accuracy: 0.8314 - auc: 0.8879 - loss: 0.0490 - precision: 0.6702 - recall: 0.9554
[1m 5/17[0m [32m━━━━━[0m[37m━━━━━━━━━━━━━━━[0m [1m17s[0m 1s/step - accuracy: 0.8276 - auc: 0.8917 - loss: 0.0487 - precision: 0.6695 - recall: 0.9538
[1m 6/17[0m [32m━━━━━━━[0m[37m━━━━━━━━━━━━━[0m [1m16s[0m 1s/step - accuracy: 0.8234 - auc: 0.8904 - loss: 0.0488 - precision: 0.6673 - recall: 0.9492
[1m 7/17[0m [32m━━━━━━━━[0m[37m━━━━━━━━━━━━[0m [1m14s[0m 1s/step - accuracy: 0.8180 - auc: 0.8888 - loss: 0.0488 - precision: 0.6595 - recall: 0.9467
[1m 8/17[0m [32m━━━━━━━━━[0m[37m━━━━━━━━━━━[0m [1m13s[0m 1s/step - accuracy: 0.8139 - auc: 0.8859 - loss: 0.0490 - precision: 0.6537 - recall: 0.9428
[1m 9/17[0m [32m━━━━━━━━━━[0m[37m━━━━━━━━━━[0m [1m11s[0m 1s/step - accuracy: 0.8106 - auc: 0.8836 - loss: 0.0492 - precision: 0.6506 - recall: 0.9377
[1m10/17[0m [32m━━━━━━━━━━━[0m[37m━━━━━━━━━[0m [1m10s[0m 1s/step - accuracy: 0.8074 - auc: 0.8802 - loss: 0.0496 - precision: 0.6471 - recall: 0.9337
[1m11/17[0m [32m━━━━━━━━━━━━[0m[37m━━━━━━━━[0m [1m8s[0m 1s/step - accuracy: 0.8050 - auc: 0.8773 - loss: 0.0498 - precision: 0.6439 - recall: 0.9310 
[1m12/17[0m [32m━━━━━━━━━━━━━━[0m[37m━━━━━━[0m [1m7s[0m 1s/step - accuracy: 0.8035 - auc: 0.8756 - loss: 0.0499 - precision: 0.6419 - recall: 0.9282
[1m13/17[0m [32m━━━━━━━━━━━━━━━[0m[37m━━━━━[0m [1m5s[0m 1s/step - accuracy: 0.8021 - auc: 0.8740 - loss: 0.0500 - precision: 0.6408 - recall: 0.9248
[1m14/17[0m [32m━━━━━━━━━━━━━━━━[0m[37m━━━━[0m [1m4s[0m 1s/step - accuracy: 0.8011 - auc: 0.8726 - loss: 0.0501 - precision: 0.6401 - recall: 0.9221
[1m15/17[0m [32m━━━━━━━━━━━━━━━━━[0m[37m━━━[0m [1m2s[0m 1s/step - accuracy: 0.7999 - auc: 0.8713 - loss: 0.0502 - precision: 0.6385 - recall: 0.9196
[1m16/17[0m [32m━━━━━━━━━━━━━━━━━━[0m[37m━━[0m [1m1s[0m 1s/step - accuracy: 0.7989 - auc: 0.8703 - loss: 0.0503 - precision: 0.6369 - recall: 0.9178
[1m17/17[0m [32m━━━━━━━━━━━━━━━━━━━━[0m[37m[0m [1m0s[0m 1s/step - accuracy: 0.7981 - auc: 0.8695 - loss: 0.0503 - precision: 0.6357 - recall: 0.9161
Epoch 5: val_recall did not improve from 1.00000

[1m17/17[0m [32m━━━━━━━━━━━━━━━━━━━━[0m[37m[0m [1m26s[0m 2s/step - accuracy: 0.7857 - auc: 0.8558 - loss: 0.0512 - precision: 0.6169 - recall: 0.8895 - val_accuracy: 0.3233 - val_auc: 0.6527 - val_loss: 0.0703 - val_precision: 0.3233 - val_recall: 1.0000 - learning_rate: 1.0000e-04
Epoch 6/80

[1m 1/17[0m [32m━[0m[37m━━━━━━━━━━━━━━━━━━━[0m [1m22s[0m 1s/step - accuracy: 0.8750 - auc: 0.9159 - loss: 0.0463 - precision: 0.7143 - recall: 1.0000
[1m 2/17[0m [32m━━[0m[37m━━━━━━━━━━━━━━━━━━[0m [1m21s[0m 1s/step - accuracy: 0.8672 - auc: 0.9167 - loss: 0.0455 - precision: 0.7033 - recall: 0.9737
[1m 3/17[0m [32m━━━[0m[37m━━━━━━━━━━━━━━━━━[0m [1m20s[0m 1s/step - accuracy: 0.8559 - auc: 0.9191 - loss: 0.0451 - precision: 0.6985 - recall: 0.9623
[1m 4/17[0m [32m━━━━[0m[37m━━━━━━━━━━━━━━━━[0m [1m18s[0m 1s/step - accuracy: 0.8509 - auc: 0.9220 - loss: 0.0447 - precision: 0.6985 - recall: 0.9608
[1m 5/17[0m [32m━━━━━[0m[37m━━━━━━━━━━━━━━━[0m [1m17s[0m 1s/step - accuracy: 0.8445 - auc: 0.9235 - loss: 0.0445 - precision: 0.6929 - recall: 0.9616
[1m 6/17[0m [32m━━━━━━━[0m[37m━━━━━━━━━━━━━[0m [1m15s[0m 1s/step - accuracy: 0.8383 - auc: 0.9218 - loss: 0.0446 - precision: 0.6880 - recall: 0.9558
[1m 7/17[0m [32m━━━━━━━━[0m[37m━━━━━━━━━━━━[0m [1m14s[0m 1s/step - accuracy: 0.8295 - auc: 0.9193 - loss: 0.0447 - precision: 0.6759 - recall: 0.9504
[1m 8/17[0m [32m━━━━━━━━━[0m[37m━━━━━━━━━━━[0m [1m13s[0m 1s/step - accuracy: 0.8225 - auc: 0.9157 - loss: 0.0449 - precision: 0.6664 - recall: 0.9445
[1m 9/17[0m [32m━━━━━━━━━━[0m[37m━━━━━━━━━━[0m [1m11s[0m 1s/step - accuracy: 0.8167 - auc: 0.9119 - loss: 0.0453 - precision: 0.6603 - recall: 0.9369
[1m10/17[0m [32m━━━━━━━━━━━[0m[37m━━━━━━━━━[0m [1m10s[0m 2s/step - accuracy: 0.8116 - auc: 0.9077 - loss: 0.0457 - precision: 0.6545 - recall: 0.9311
[1m11/17[0m [32m━━━━━━━━━━━━[0m[37m━━━━━━━━[0m [1m9s[0m 2s/step - accuracy: 0.8073 - auc: 0.9044 - loss: 0.0459 - precision: 0.6491 - recall: 0.9263 
[1m12/17[0m [32m━━━━━━━━━━━━━━[0m[37m━━━━━━[0m [1m7s[0m 1s/step - accuracy: 0.8045 - auc: 0.9020 - loss: 0.0461 - precision: 0.6455 - recall: 0.9225
[1m13/17[0m [32m━━━━━━━━━━━━━━━[0m[37m━━━━━[0m [1m5s[0m 1s/step - accuracy: 0.8029 - auc: 0.9002 - loss: 0.0462 - precision: 0.6440 - recall: 0.9191
[1m14/17[0m [32m━━━━━━━━━━━━━━━━[0m[37m━━━━[0m [1m4s[0m 1s/step - accuracy: 0.8017 - auc: 0.8984 - loss: 0.0464 - precision: 0.6430 - recall: 0.9158
[1m15/17[0m [32m━━━━━━━━━━━━━━━━━[0m[37m━━━[0m [1m2s[0m 1s/step - accuracy: 0.8003 - auc: 0.8968 - loss: 0.0465 - precision: 0.6412 - recall: 0.9124
[1m16/17[0m [32m━━━━━━━━━━━━━━━━━━[0m[37m━━[0m [1m1s[0m 1s/step - accuracy: 0.7992 - auc: 0.8954 - loss: 0.0466 - precision: 0.6396 - recall: 0.9100
[1m17/17[0m [32m━━━━━━━━━━━━━━━━━━━━[0m[37m[0m [1m0s[0m 1s/step - accuracy: 0.7983 - auc: 0.8940 - loss: 0.0467 - precision: 0.6383 - recall: 0.9077
Epoch 6: val_recall did not improve from 1.00000

[1m17/17[0m [32m━━━━━━━━━━━━━━━━━━━━[0m[37m[0m [1m26s[0m 2s/step - accuracy: 0.7838 - auc: 0.8727 - loss: 0.0481 - precision: 0.6173 - recall: 0.8721 - val_accuracy: 0.3233 - val_auc: 0.7478 - val_loss: 0.0700 - val_precision: 0.3233 - val_recall: 1.0000 - learning_rate: 1.0000e-04
Epoch 7/80

[1m 1/17[0m [32m━[0m[37m━━━━━━━━━━━━━━━━━━━[0m [1m22s[0m 1s/step - accuracy: 0.8438 - auc: 0.9409 - loss: 0.0400 - precision: 0.6667 - recall: 1.0000
[1m 2/17[0m [32m━━[0m[37m━━━━━━━━━━━━━━━━━━[0m [1m21s[0m 1s/step - accuracy: 0.8359 - auc: 0.9453 - loss: 0.0390 - precision: 0.6548 - recall: 0.9737
[1m 3/17[0m [32m━━━[0m[37m━━━━━━━━━━━━━━━━━[0m [1m20s[0m 1s/step - accuracy: 0.8316 - auc: 0.9405 - loss: 0.0396 - precision: 0.6611 - recall: 0.9623
[1m 4/17[0m [32m━━━━[0m[37m━━━━━━━━━━━━━━━━[0m [1m18s[0m 1s/step - accuracy: 0.8327 - auc: 0.9379 - loss: 0.0400 - precision: 0.6705 - recall: 0.9608
[1m 5/17[0m [32m━━━━━[0m[37m━━━━━━━━━━━━━━━[0m [1m17s[0m 1s/step - accuracy: 0.8299 - auc: 0.9371 - loss: 0.0401 - precision: 0.6714 - recall: 0.9581
[1m 6/17[0m [32m━━━━━━━[0m[37m━━━━━━━━━━━━━[0m [1m16s[0m 2s/step - accuracy: 0.8253 - auc: 0.9309 - loss: 0.0409 - precision: 0.6694 - recall: 0.9504
[1m 7/17[0m [32m━━━━━━━━[0m[37m━━━━━━━━━━━━[0m [1m14s[0m 1s/step - accuracy: 0.8177 - auc: 0.9260 - loss: 0.0415 - precision: 0.6595 - recall: 0.9438
[1m 8/17[0m [32m━━━━━━━━━[0m[37m━━━━━━━━━━━[0m [1m13s[0m 1s/step - accuracy: 0.8112 - auc: 0.9200 - loss: 0.0422 - precision: 0.6511 - recall: 0.9373
[1m 9/17[0m [32m━━━━━━━━━━[0m[37m━━━━━━━━━━[0m [1m11s[0m 1s/step - accuracy: 0.8055 - auc: 0.9152 - loss: 0.0428 - precision: 0.6452 - recall: 0.9305
[1m10/17[0m [32m━━━━━━━━━━━[0m[37m━━━━━━━━━[0m [1m10s[0m 1s/step - accuracy: 0.8009 - auc: 0.9109 - loss: 0.0433 - precision: 0.6402 - recall: 0.9253
[1m11/17[0m [32m━━━━━━━━━━━━[0m[37m━━━━━━━━[0m [1m8s[0m 1s/step - accuracy: 0.7976 - auc: 0.9071 - loss: 0.0438 - precision: 0.6359 - recall: 0.9218 
[1m12/17[0m [32m━━━━━━━━━━━━━━[0m[37m━━━━━━[0m [1m7s[0m 1s/step - accuracy: 0.7951 - auc: 0.9044 - loss: 0.0441 - precision: 0.6329 - recall: 0.9184
[1m13/17[0m [32m━━━━━━━━━━━━━━━[0m[37m━━━━━[0m [1m5s[0m 1s/step - accuracy: 0.7932 - auc: 0.9020 - loss: 0.0444 - precision: 0.6310 - recall: 0.9147
[1m14/17[0m [32m━━━━━━━━━━━━━━━━[0m[37m━━━━[0m [1m4s[0m 1s/step - accuracy: 0.7917 - auc: 0.9000 - loss: 0.0447 - precision: 0.6297 - recall: 0.9118
[1m15/17[0m [32m━━━━━━━━━━━━━━━━━[0m[37m━━━[0m [1m2s[0m 1s/step - accuracy: 0.7899 - auc: 0.8981 - loss: 0.0449 - precision: 0.6273 - recall: 0.9087
[1m16/17[0m [32m━━━━━━━━━━━━━━━━━━[0m[37m━━[0m [1m1s[0m 1s/step - accuracy: 0.7885 - auc: 0.8968 - loss: 0.0451 - precision: 0.6253 - recall: 0.9064
[1m17/17[0m [32m━━━━━━━━━━━━━━━━━━━━[0m[37m[0m [1m0s[0m 1s/step - accuracy: 0.7874 - auc: 0.8957 - loss: 0.0452 - precision: 0.6238 - recall: 0.9044
Epoch 7: val_recall did not improve from 1.00000

[1m17/17[0m [32m━━━━━━━━━━━━━━━━━━━━[0m[37m[0m [1m26s[0m 2s/step - accuracy: 0.7707 - auc: 0.8768 - loss: 0.0476 - precision: 0.6000 - recall: 0.8721 - val_accuracy: 0.3233 - val_auc: 0.6056 - val_loss: 0.0699 - val_precision: 0.3233 - val_recall: 1.0000 - learning_rate: 1.0000e-04
Epoch 8/80

[1m 1/17[0m [32m━[0m[37m━━━━━━━━━━━━━━━━━━━[0m [1m23s[0m 1s/step - accuracy: 0.8438 - auc: 0.9591 - loss: 0.0381 - precision: 0.6667 - recall: 1.0000
[1m 2/17[0m [32m━━[0m[37m━━━━━━━━━━━━━━━━━━[0m [1m21s[0m 1s/step - accuracy: 0.8359 - auc: 0.9491 - loss: 0.0383 - precision: 0.6603 - recall: 0.9474
[1m 3/17[0m [32m━━━[0m[37m━━━━━━━━━━━━━━━━━[0m [1m20s[0m 1s/step - accuracy: 0.8316 - auc: 0.9424 - loss: 0.0394 - precision: 0.6674 - recall: 0.9346
[1m 4/17[0m [32m━━━━[0m[37m━━━━━━━━━━━━━━━━[0m [1m18s[0m 1s/step - accuracy: 0.8307 - auc: 0.9422 - loss: 0.0396 - precision: 0.6740 - recall: 0.9347
[1m 5/17[0m [32m━━━━━[0m[37m━━━━━━━━━━━━━━━[0m [1m17s[0m 1s/step - accuracy: 0.8333 - auc: 0.9428 - loss: 0.0397 - precision: 0.6813 - recall: 0.9372
[1m 6/17[0m [32m━━━━━━━[0m[37m━━━━━━━━━━━━━[0m [1m15s[0m 1s/step - accuracy: 0.8333 - auc: 0.9394 - loss: 0.0402 - precision: 0.6844 - recall: 0.9354
[1m 7/17[0m [32m━━━━━━━━[0m[37m━━━━━━━━━━━━[0m [1m14s[0m 1s/step - accuracy: 0.8297 - auc: 0.9359 - loss: 0.0405 - precision: 0.6787 - recall: 0.9329
[1m 8/17[0m [32m━━━━━━━━━[0m[37m━━━━━━━━━━━[0m [1m12s[0m 1s/step - accuracy: 0.8266 - auc: 0.9313 - loss: 0.0411 - precision: 0.6740 - recall: 0.9292
[1m 9/17[0m [32m━━━━━━━━━━[0m[37m━━━━━━━━━━[0m [1m11s[0m 1s/step - accuracy: 0.8239 - auc: 0.9272 - loss: 0.0416 - precision: 0.6715 - recall: 0.9245
[1m10/17[0m [32m━━━━━━━━━━━[0m[37m━━━━━━━━━[0m [1m10s[0m 1s/step - accuracy: 0.8212 - auc: 0.9230 - loss: 0.0420 - precision: 0.6683 - recall: 0.9218
[1m11/17[0m [32m━━━━━━━━━━━━[0m[37m━━━━━━━━[0m [1m8s[0m 1s/step - accuracy: 0.8188 - auc: 0.9194 - loss: 0.0424 - precision: 0.6650 - recall: 0.9194 
[1m12/17[0m [32m━━━━━━━━━━━━━━[0m[37m━━━━━━[0m [1m7s[0m 1s/step - accuracy: 0.8172 - auc: 0.9169 - loss: 0.0427 - precision: 0.6628 - recall: 0.9175
[1m13/17[0m [32m━━━━━━━━━━━━━━━[0m[37m━━━━━[0m [1m5s[0m 1s/step - accuracy: 0.8161 - auc: 0.9148 - loss: 0.0429 - precision: 0.6617 - recall: 0.9156
[1m14/17[0m [32m━━━━━━━━━━━━━━━━[0m[37m━━━━[0m [1m4s[0m 2s/step - accuracy: 0.8152 - auc: 0.9131 - loss: 0.0431 - precision: 0.6609 - recall: 0.9140
[1m15/17[0m [32m━━━━━━━━━━━━━━━━━[0m[37m━━━[0m [1m3s[0m 2s/step - accuracy: 0.8136 - auc: 0.9112 - loss: 0.0433 - precision: 0.6585 - recall: 0.9129
[1m16/17[0m [32m━━━━━━━━━━━━━━━━━━[0m[37m━━[0m [1m1s[0m 1s/step - accuracy: 0.8122 - auc: 0.9097 - loss: 0.0434 - precision: 0.6562 - recall: 0.9123
[1m17/17[0m [32m━━━━━━━━━━━━━━━━━━━━[0m[37m[0m [1m0s[0m 1s/step - accuracy: 0.8110 - auc: 0.9084 - loss: 0.0436 - precision: 0.6542 - recall: 0.9116
Epoch 8: val_recall did not improve from 1.00000

[1m17/17[0m [32m━━━━━━━━━━━━━━━━━━━━[0m[37m[0m [1m26s[0m 2s/step - accuracy: 0.7914 - auc: 0.8863 - loss: 0.0456 - precision: 0.6225 - recall: 0.9012 - val_accuracy: 0.3233 - val_auc: 0.5000 - val_loss: 0.0697 - val_precision: 0.3233 - val_recall: 1.0000 - learning_rate: 1.0000e-04
Epoch 9/80

[1m 1/17[0m [32m━[0m[37m━━━━━━━━━━━━━━━━━━━[0m [1m23s[0m 1s/step - accuracy: 0.8438 - auc: 0.9318 - loss: 0.0407 - precision: 0.6667 - recall: 1.0000
[1m 2/17[0m [32m━━[0m[37m━━━━━━━━━━━━━━━━━━[0m [1m22s[0m 1s/step - accuracy: 0.8359 - auc: 0.9297 - loss: 0.0400 - precision: 0.6603 - recall: 0.9474
[1m 3/17[0m [32m━━━[0m[37m━━━━━━━━━━━━━━━━━[0m [1m22s[0m 2s/step - accuracy: 0.8351 - auc: 0.9242 - loss: 0.0405 - precision: 0.6727 - recall: 0.9346
[1m 4/17[0m [32m━━━━[0m[37m━━━━━━━━━━━━━━━━[0m [1m20s[0m 2s/step - accuracy: 0.8392 - auc: 0.9254 - loss: 0.0403 - precision: 0.6888 - recall: 0.9292
[1m 5/17[0m [32m━━━━━[0m[37m━━━━━━━━━━━━━━━[0m [1m18s[0m 2s/step - accuracy: 0.8426 - auc: 0.9264 - loss: 0.0402 - precision: 0.6982 - recall: 0.9293
[1m 6/17[0m [32m━━━━━━━[0m[37m━━━━━━━━━━━━━[0m [1m17s[0m 2s/step - accuracy: 0.8411 - auc: 0.9240 - loss: 0.0405 - precision: 0.7009 - recall: 0.9215
[1m 7/17[0m [32m━━━━━━━━[0m[37m━━━━━━━━━━━━[0m [1m16s[0m 2s/step - accuracy: 0.8370 - auc: 0.9220 - loss: 0.0408 - precision: 0.6946 - recall: 0.9171
[1m 8/17[0m [32m━━━━━━━━━[0m[37m━━━━━━━━━━━[0m [1m14s[0m 2s/step - accuracy: 0.8329 - auc: 0.9187 - loss: 0.0412 - precision: 0.6885 - recall: 0.9124
[1m 9/17[0m [32m━━━━━━━━━━[0m[37m━━━━━━━━━━[0m [1m12s[0m 2s/step - accuracy: 0.8291 - auc: 0.9152 - loss: 0.0417 - precision: 0.6846 - recall: 0.9061
[1m10/17[0m [32m━━━━━━━━━━━[0m[37m━━━━━━━━━[0m [1m10s[0m 2s/step - accuracy: 0.8253 - auc: 0.9116 - loss: 0.0421 - precision: 0.6800 - recall: 0.9014
[1m11/17[0m [32m━━━━━━━━━━━━[0m[37m━━━━━━━━[0m [1m9s[0m 2s/step - accuracy: 0.8223 - auc: 0.9086 - loss: 0.0425 - precision: 0.6758 - recall: 0.8985 
[1m12/17[0m [32m━━━━━━━━━━━━━━[0m[37m━━━━━━[0m [1m7s[0m 2s/step - accuracy: 0.8202 - auc: 0.9064 - loss: 0.0428 - precision: 0.6727 - recall: 0.8964
[1m13/17[0m [32m━━━━━━━━━━━━━━━[0m[37m━━━━━[0m [1m6s[0m 2s/step - accuracy: 0.8187 - auc: 0.9047 - loss: 0.0430 - precision: 0.6712 - recall: 0.8939
[1m14/17[0m [32m━━━━━━━━━━━━━━━━[0m[37m━━━━[0m [1m4s[0m 2s/step - accuracy: 0.8173 - auc: 0.9032 - loss: 0.0432 - precision: 0.6696 - recall: 0.8919
[1m15/17[0m [32m━━━━━━━━━━━━━━━━━[0m[37m━━━[0m [1m3s[0m 2s/step - accuracy: 0.8158 - auc: 0.9018 - loss: 0.0434 - precision: 0.6674 - recall: 0.8906
[1m16/17[0m [32m━━━━━━━━━━━━━━━━━━[0m[37m━━[0m [1m1s[0m 2s/step - accuracy: 0.8145 - auc: 0.9008 - loss: 0.0435 - precision: 0.6651 - recall: 0.8899
[1m17/17[0m [32m━━━━━━━━━━━━━━━━━━━━[0m[37m[0m [1m0s[0m 1s/step - accuracy: 0.8135 - auc: 0.8999 - loss: 0.0436 - precision: 0.6632 - recall: 0.8895
Epoch 9: val_recall did not improve from 1.00000

[1m17/17[0m [32m━━━━━━━━━━━━━━━━━━━━[0m[37m[0m [1m26s[0m 2s/step - accuracy: 0.7970 - auc: 0.8862 - loss: 0.0449 - precision: 0.6333 - recall: 0.8837 - val_accuracy: 0.3233 - val_auc: 0.8040 - val_loss: 0.0697 - val_precision: 0.3233 - val_recall: 1.0000 - learning_rate: 1.0000e-04
Epoch 10/80

[1m 1/17[0m [32m━[0m[37m━━━━━━━━━━━━━━━━━━━[0m [1m25s[0m 2s/step - accuracy: 0.8125 - auc: 0.9364 - loss: 0.0386 - precision: 0.6250 - recall: 1.0000
[1m 2/17[0m [32m━━[0m[37m━━━━━━━━━━━━━━━━━━[0m [1m23s[0m 2s/step - accuracy: 0.8281 - auc: 0.9430 - loss: 0.0365 - precision: 0.6401 - recall: 1.0000
[1m 3/17[0m [32m━━━[0m[37m━━━━━━━━━━━━━━━━━[0m [1m21s[0m 2s/step - accuracy: 0.8333 - auc: 0.9429 - loss: 0.0365 - precision: 0.6586 - recall: 0.9899
[1m 4/17[0m [32m━━━━[0m[37m━━━━━━━━━━━━━━━━[0m [1m19s[0m 2s/step - accuracy: 0.8398 - auc: 0.9435 - loss: 0.0366 - precision: 0.6773 - recall: 0.9816
[1m 5/17[0m [32m━━━━━[0m[37m━━━━━━━━━━━━━━━[0m [1m17s[0m 1s/step - accuracy: 0.8444 - auc: 0.9437 - loss: 0.0366 - precision: 0.6885 - recall: 0.9782
[1m 6/17[0m [32m━━━━━━━[0m[37m━━━━━━━━━━━━━[0m [1m16s[0m 1s/step - accuracy: 0.8434 - auc: 0.9393 - loss: 0.0373 - precision: 0.6917 - recall: 0.9696
[1m 7/17[0m [32m━━━━━━━━[0m[37m━━━━━━━━━━━━[0m [1m14s[0m 1s/step - accuracy: 0.8409 - auc: 0.9354 - loss: 0.0378 - precision: 0.6881 - recall: 0.9642
[1m 8/17[0m [32m━━━━━━━━━[0m[37m━━━━━━━━━━━[0m [1m13s[0m 1s/step - accuracy: 0.8378 - auc: 0.9310 - loss: 0.0383 - precision: 0.6840 - recall: 0.9581
[1m 9/17[0m [32m━━━━━━━━━━[0m[37m━━━━━━━━━━[0m [1m11s[0m 1s/step - accuracy: 0.8346 - auc: 0.9262 - loss: 0.0390 - precision: 0.6815 - recall: 0.9502
[1m10/17[0m [32m━━━━━━━━━━━[0m[37m━━━━━━━━━[0m [1m10s[0m 1s/step - accuracy: 0.8309 - auc: 0.9214 - loss: 0.0397 - precision: 0.6778 - recall: 0.9430
[1m11/17[0m [32m━━━━━━━━━━━━[0m[37m━━━━━━━━[0m [1m8s[0m 1s/step - accuracy: 0.8271 - auc: 0.9174 - loss: 0.0402 - precision: 0.6730 - recall: 0.9379 
[1m12/17[0m [32m━━━━━━━━━━━━━━[0m[37m━━━━━━[0m [1m7s[0m 1s/step - accuracy: 0.8246 - auc: 0.9146 - loss: 0.0406 - precision: 0.6700 - recall: 0.9338
[1m13/17[0m [32m━━━━━━━━━━━━━━━[0m[37m━━━━━[0m [1m5s[0m 1s/step - accuracy: 0.8231 - auc: 0.9125 - loss: 0.0409 - precision: 0.6686 - recall: 0.9306
[1m14/17[0m [32m━━━━━━━━━━━━━━━━[0m[37m━━━━[0m [1m4s[0m 1s/step - accuracy: 0.8220 - auc: 0.9107 - loss: 0.0412 - precision: 0.6678 - recall: 0.9279
[1m15/17[0m [32m━━━━━━━━━━━━━━━━━[0m[37m━━━[0m [1m2s[0m 1s/step - accuracy: 0.8210 - auc: 0.9089 - loss: 0.0414 - precision: 0.6664 - recall: 0.9255
[1m16/17[0m [32m━━━━━━━━━━━━━━━━━━[0m[37m━━[0m [1m1s[0m 1s/step - accuracy: 0.8200 - auc: 0.9077 - loss: 0.0416 - precision: 0.6648 - recall: 0.9237
[1m17/17[0m [32m━━━━━━━━━━━━━━━━━━━━[0m[37m[0m [1m0s[0m 1s/step - accuracy: 0.8191 - auc: 0.9064 - loss: 0.0418 - precision: 0.6634 - recall: 0.9220
Epoch 10: val_recall did not improve from 1.00000

[1m17/17[0m [32m━━━━━━━━━━━━━━━━━━━━[0m[37m[0m [1m26s[0m 2s/step - accuracy: 0.8045 - auc: 0.8855 - loss: 0.0448 - precision: 0.6417 - recall: 0.8953 - val_accuracy: 0.3233 - val_auc: 0.6222 - val_loss: 0.0697 - val_precision: 0.3233 - val_recall: 1.0000 - learning_rate: 1.0000e-04
Epoch 11/80

[1m 1/17[0m [32m━[0m[37m━━━━━━━━━━━━━━━━━━━[0m [1m23s[0m 1s/step - accuracy: 0.9375 - auc: 0.9591 - loss: 0.0314 - precision: 0.8333 - recall: 1.0000
[1m 2/17[0m [32m━━[0m[37m━━━━━━━━━━━━━━━━━━[0m [1m21s[0m 1s/step - accuracy: 0.9062 - auc: 0.9483 - loss: 0.0335 - precision: 0.7767 - recall: 0.9737
[1m 3/17[0m [32m━━━[0m[37m━━━━━━━━━━━━━━━━━[0m [1m19s[0m 1s/step - accuracy: 0.8924 - auc: 0.9464 - loss: 0.0346 - precision: 0.7638 - recall: 0.9623
[1m 4/17[0m [32m━━━━[0m[37m━━━━━━━━━━━━━━━━[0m [1m18s[0m 1s/step - accuracy: 0.8841 - auc: 0.9471 - loss: 0.0351 - precision: 0.7582 - recall: 0.9554
[1m 5/17[0m [32m━━━━━[0m[37m━━━━━━━━━━━━━━━[0m [1m17s[0m 1s/step - accuracy: 0.8785 - auc: 0.9473 - loss: 0.0353 - precision: 0.7525 - recall: 0.9538
[1m 6/17[0m [32m━━━━━━━[0m[37m━━━━━━━━━━━━━[0m [1m15s[0m 1s/step - accuracy: 0.8710 - auc: 0.9428 - loss: 0.0362 - precision: 0.7445 - recall: 0.9468
[1m 7/17[0m [32m━━━━━━━━[0m[37m━━━━━━━━━━━━[0m [1m14s[0m 1s/step - accuracy: 0.8633 - auc: 0.9390 - loss: 0.0368 - precision: 0.7320 - recall: 0.9426
[1m 8/17[0m [32m━━━━━━━━━[0m[37m━━━━━━━━━━━[0m [1m12s[0m 1s/step - accuracy: 0.8564 - auc: 0.9343 - loss: 0.0375 - precision: 0.7210 - recall: 0.9393
[1m 9/17[0m [32m━━━━━━━━━━[0m[37m━━━━━━━━━━[0m [1m11s[0m 1s/step - accuracy: 0.8508 - auc: 0.9305 - loss: 0.0382 - precision: 0.7136 - recall: 0.9346
[1m10/17[0m [32m━━━━━━━━━━━[0m[37m━━━━━━━━━[0m [1m10s[0m 1s/step - accuracy: 0.8457 - auc: 0.9265 - loss: 0.0388 - precision: 0.7065 - recall: 0.9318
[1m11/17[0m [32m━━━━━━━━━━━━[0m[37m━━━━━━━━[0m [1m8s[0m 1s/step - accuracy: 0.8414 - auc: 0.9225 - loss: 0.0394 - precision: 0.6997 - recall: 0.9301 
[1m12/17[0m [32m━━━━━━━━━━━━━━[0m[37m━━━━━━[0m [1m7s[0m 1s/step - accuracy: 0.8381 - auc: 0.9196 - loss: 0.0398 - precision: 0.6945 - recall: 0.9293
[1m13/17[0m [32m━━━━━━━━━━━━━━━[0m[37m━━━━━[0m [1m5s[0m 1s/step - accuracy: 0.8356 - auc: 0.9172 - loss: 0.0402 - precision: 0.6910 - recall: 0.9281
[1m14/17[0m [32m━━━━━━━━━━━━━━━━[0m[37m━━━━[0m [1m4s[0m 1s/step - accuracy: 0.8335 - auc: 0.9152 - loss: 0.0405 - precision: 0.6880 - recall: 0.9270
[1m15/17[0m [32m━━━━━━━━━━━━━━━━━[0m[37m━━━[0m [1m2s[0m 1s/step - accuracy: 0.8310 - auc: 0.9133 - loss: 0.0408 - precision: 0.6840 - recall: 0.9259
[1m16/17[0m [32m━━━━━━━━━━━━━━━━━━[0m[37m━━[0m [1m1s[0m 1s/step - accuracy: 0.8288 - auc: 0.9118 - loss: 0.0410 - precision: 0.6804 - recall: 0.9252
[1m17/17[0m [32m━━━━━━━━━━━━━━━━━━━━[0m[37m[0m [1m0s[0m 1s/step - accuracy: 0.8270 - auc: 0.9106 - loss: 0.0412 - precision: 0.6773 - recall: 0.9245
Epoch 11: val_recall did not improve from 1.00000

[1m17/17[0m [32m━━━━━━━━━━━━━━━━━━━━[0m[37m[0m [1m25s[0m 1s/step - accuracy: 0.7970 - auc: 0.8899 - loss: 0.0442 - precision: 0.6280 - recall: 0.9128 - val_accuracy: 0.3233 - val_auc: 0.6944 - val_loss: 0.0696 - val_precision: 0.3233 - val_recall: 1.0000 - learning_rate: 1.0000e-04
Epoch 12/80

[1m 1/17[0m [32m━[0m[37m━━━━━━━━━━━━━━━━━━━[0m [1m23s[0m 1s/step - accuracy: 0.9062 - auc: 0.9364 - loss: 0.0394 - precision: 0.7692 - recall: 1.0000
[1m 2/17[0m [32m━━[0m[37m━━━━━━━━━━━━━━━━━━[0m [1m21s[0m 1s/step - accuracy: 0.9141 - auc: 0.9433 - loss: 0.0371 - precision: 0.7804 - recall: 1.0000
[1m 3/17[0m [32m━━━[0m[37m━━━━━━━━━━━━━━━━━[0m [1m20s[0m 1s/step - accuracy: 0.9080 - auc: 0.9402 - loss: 0.0374 - precision: 0.7805 - recall: 0.9899
[1m 4/17[0m [32m━━━━[0m[37m━━━━━━━━━━━━━━━━[0m [1m18s[0m 1s/step - accuracy: 0.9036 - auc: 0.9415 - loss: 0.0374 - precision: 0.7844 - recall: 0.9761
[1m 5/17[0m [32m━━━━━[0m[37m━━━━━━━━━━━━━━━[0m [1m17s[0m 1s/step - accuracy: 0.9004 - auc: 0.9423 - loss: 0.0374 - precision: 0.7857 - recall: 0.9669
[1m 6/17[0m [32m━━━━━━━[0m[37m━━━━━━━━━━━━━[0m [1m16s[0m 1s/step - accuracy: 0.8944 - auc: 0.9386 - loss: 0.0380 - precision: 0.7819 - recall: 0.9552
[1m 7/17[0m [32m━━━━━━━━[0m[37m━━━━━━━━━━━━[0m [1m14s[0m 1s/step - accuracy: 0.8872 - auc: 0.9348 - loss: 0.0385 - precision: 0.7711 - recall: 0.9460
[1m 8/17[0m [32m━━━━━━━━━[0m[37m━━━━━━━━━━━[0m [1m13s[0m 1s/step - accuracy: 0.8808 - auc: 0.9302 - loss: 0.0391 - precision: 0.7616 - recall: 0.9377
[1m 9/17[0m [32m━━━━━━━━━━[0m[37m━━━━━━━━━━[0m [1m11s[0m 1s/step - accuracy: 0.8744 - auc: 0.9254 - loss: 0.0397 - precision: 0.7539 - recall: 0.9286
[1m10/17[0m [32m━━━━━━━━━━━[0m[37m━━━━━━━━━[0m [1m10s[0m 1s/step - accuracy: 0.8685 - auc: 0.9211 - loss: 0.0403 - precision: 0.7459 - recall: 0.9226
[1m11/17[0m [32m━━━━━━━━━━━━[0m[37m━━━━━━━━[0m [1m8s[0m 1s/step - accuracy: 0.8637 - auc: 0.9173 - loss: 0.0408 - precision: 0.7385 - recall: 0.9186 
[1m12/17[0m [32m━━━━━━━━━━━━━━[0m[37m━━━━━━[0m [1m7s[0m 1s/step - accuracy: 0.8596 - auc: 0.9144 - loss: 0.0411 - precision: 0.7325 - recall: 0.9148
[1m13/17[0m [32m━━━━━━━━━━━━━━━[0m[37m━━━━━[0m [1m5s[0m 1s/step - accuracy: 0.8567 - auc: 0.9120 - loss: 0.0414 - precision: 0.7287 - recall: 0.9114
[1m14/17[0m [32m━━━━━━━━━━━━━━━━[0m[37m━━━━[0m [1m4s[0m 1s/step - accuracy: 0.8545 - auc: 0.9101 - loss: 0.0417 - precision: 0.7258 - recall: 0.9091
[1m15/17[0m [32m━━━━━━━━━━━━━━━━━[0m[37m━━━[0m [1m2s[0m 1s/step - accuracy: 0.8521 - auc: 0.9083 - loss: 0.0419 - precision: 0.7218 - recall: 0.9075
[1m16/17[0m [32m━━━━━━━━━━━━━━━━━━[0m[37m━━[0m [1m1s[0m 1s/step - accuracy: 0.8500 - auc: 0.9070 - loss: 0.0420 - precision: 0.7181 - recall: 0.9065
[1m17/17[0m [32m━━━━━━━━━━━━━━━━━━━━[0m[37m[0m [1m0s[0m 1s/step - accuracy: 0.8481 - auc: 0.9059 - loss: 0.0421 - precision: 0.7148 - recall: 0.9055
Epoch 12: val_recall did not improve from 1.00000

[1m17/17[0m [32m━━━━━━━━━━━━━━━━━━━━[0m[37m[0m [1m26s[0m 2s/step - accuracy: 0.8177 - auc: 0.8883 - loss: 0.0439 - precision: 0.6623 - recall: 0.8895 - val_accuracy: 0.3233 - val_auc: 0.6699 - val_loss: 0.0696 - val_precision: 0.3233 - val_recall: 1.0000 - learning_rate: 1.0000e-04
Epoch 13/80

[1m 1/17[0m [32m━[0m[37m━━━━━━━━━━━━━━━━━━━[0m [1m23s[0m 1s/step - accuracy: 0.8750 - auc: 0.9659 - loss: 0.0339 - precision: 0.7143 - recall: 1.0000
[1m 2/17[0m [32m━━[0m[37m━━━━━━━━━━━━━━━━━━[0m [1m21s[0m 1s/step - accuracy: 0.8828 - auc: 0.9578 - loss: 0.0349 - precision: 0.7321 - recall: 0.9737
[1m 3/17[0m [32m━━━[0m[37m━━━━━━━━━━━━━━━━━[0m [1m20s[0m 1s/step - accuracy: 0.8802 - auc: 0.9538 - loss: 0.0354 - precision: 0.7401 - recall: 0.9623
[1m 4/17[0m [32m━━━━[0m[37m━━━━━━━━━━━━━━━━[0m [1m18s[0m 1s/step - accuracy: 0.8828 - auc: 0.9543 - loss: 0.0355 - precision: 0.7515 - recall: 0.9608
[1m 5/17[0m [32m━━━━━[0m[37m━━━━━━━━━━━━━━━[0m [1m17s[0m 1s/step - accuracy: 0.8812 - auc: 0.9535 - loss: 0.0357 - precision: 0.7519 - recall: 0.9616
[1m 6/17[0m [32m━━━━━━━[0m[37m━━━━━━━━━━━━━[0m [1m16s[0m 1s/step - accuracy: 0.8759 - auc: 0.9493 - loss: 0.0362 - precision: 0.7464 - recall: 0.9582
[1m 7/17[0m [32m━━━━━━━━[0m[37m━━━━━━━━━━━━[0m [1m14s[0m 1s/step - accuracy: 0.8687 - auc: 0.9452 - loss: 0.0367 - precision: 0.7346 - recall: 0.9564
[1m 8/17[0m [32m━━━━━━━━━[0m[37m━━━━━━━━━━━[0m [1m13s[0m 1s/step - accuracy: 0.8627 - auc: 0.9404 - loss: 0.0373 - precision: 0.7250 - recall: 0.9528
[1m 9/17[0m [32m━━━━━━━━━━[0m[37m━━━━━━━━━━[0m [1m11s[0m 1s/step - accuracy: 0.8571 - auc: 0.9355 - loss: 0.0380 - precision: 0.7183 - recall: 0.9466
[1m10/17[0m [32m━━━━━━━━━━━[0m[37m━━━━━━━━━[0m [1m10s[0m 1s/step - accuracy: 0.8517 - auc: 0.9312 - loss: 0.0385 - precision: 0.7113 - recall: 0.9416
[1m11/17[0m [32m━━━━━━━━━━━━[0m[37m━━━━━━━━[0m [1m8s[0m 1s/step - accuracy: 0.8468 - auc: 0.9275 - loss: 0.0390 - precision: 0.7043 - recall: 0.9382 
[1m12/17[0m [32m━━━━━━━━━━━━━━[0m[37m━━━━━━[0m [1m7s[0m 1s/step - accuracy: 0.8429 - auc: 0.9248 - loss: 0.0393 - precision: 0.6988 - recall: 0.9348
[1m13/17[0m [32m━━━━━━━━━━━━━━━[0m[37m━━━━━[0m [1m5s[0m 1s/step - accuracy: 0.8400 - auc: 0.9226 - loss: 0.0396 - precision: 0.6952 - recall: 0.9315
[1m14/17[0m [32m━━━━━━━━━━━━━━━━[0m[37m━━━━[0m [1m4s[0m 1s/step - accuracy: 0.8376 - auc: 0.9205 - loss: 0.0398 - precision: 0.6923 - recall: 0.9288
[1m15/17[0m [32m━━━━━━━━━━━━━━━━━[0m[37m━━━[0m [1m2s[0m 1s/step - accuracy: 0.8352 - auc: 0.9185 - loss: 0.0401 - precision: 0.6887 - recall: 0.9267
[1m16/17[0m [32m━━━━━━━━━━━━━━━━━━[0m[37m━━[0m [1m1s[0m 1s/step - accuracy: 0.8329 - auc: 0.9169 - loss: 0.0403 - precision: 0.6852 - recall: 0.9252
[1m17/17[0m [32m━━━━━━━━━━━━━━━━━━━━[0m[37m[0m [1m0s[0m 1s/step - accuracy: 0.8308 - auc: 0.9156 - loss: 0.0405 - precision: 0.6819 - recall: 0.9238
Epoch 13: val_recall did not improve from 1.00000

[1m17/17[0m [32m━━━━━━━━━━━━━━━━━━━━[0m[37m[0m [1m26s[0m 2s/step - accuracy: 0.7970 - auc: 0.8937 - loss: 0.0433 - precision: 0.6301 - recall: 0.9012 - val_accuracy: 0.3233 - val_auc: 0.8353 - val_loss: 0.0695 - val_precision: 0.3233 - val_recall: 1.0000 - learning_rate: 1.0000e-04
Epoch 14/80

[1m 1/17[0m [32m━[0m[37m━━━━━━━━━━━━━━━━━━━[0m [1m26s[0m 2s/step - accuracy: 0.9062 - auc: 0.9841 - loss: 0.0303 - precision: 0.7692 - recall: 1.0000
[1m 2/17[0m [32m━━[0m[37m━━━━━━━━━━━━━━━━━━[0m [1m21s[0m 1s/step - accuracy: 0.8984 - auc: 0.9689 - loss: 0.0314 - precision: 0.7596 - recall: 0.9737
[1m 3/17[0m [32m━━━[0m[37m━━━━━━━━━━━━━━━━━[0m [1m20s[0m 1s/step - accuracy: 0.8906 - auc: 0.9610 - loss: 0.0325 - precision: 0.7584 - recall: 0.9623
[1m 4/17[0m [32m━━━━[0m[37m━━━━━━━━━━━━━━━━[0m [1m18s[0m 1s/step - accuracy: 0.8906 - auc: 0.9591 - loss: 0.0328 - precision: 0.7653 - recall: 0.9608
[1m 5/17[0m [32m━━━━━[0m[37m━━━━━━━━━━━━━━━[0m [1m17s[0m 1s/step - accuracy: 0.8913 - auc: 0.9578 - loss: 0.0330 - precision: 0.7694 - recall: 0.9616
[1m 6/17[0m [32m━━━━━━━[0m[37m━━━━━━━━━━━━━[0m [1m16s[0m 1s/step - accuracy: 0.8885 - auc: 0.9542 - loss: 0.0336 - precision: 0.7671 - recall: 0.9607
[1m 7/17[0m [32m━━━━━━━━[0m[37m━━━━━━━━━━━━[0m [1m15s[0m 2s/step - accuracy: 0.8841 - auc: 0.9511 - loss: 0.0340 - precision: 0.7585 - recall: 0.9604
[1m 8/17[0m [32m━━━━━━━━━[0m[37m━━━━━━━━━━━[0m [1m13s[0m 1s/step - accuracy: 0.8795 - auc: 0.9474 - loss: 0.0346 - precision: 0.7508 - recall: 0.9578
[1m 9/17[0m [32m━━━━━━━━━━[0m[37m━━━━━━━━━━[0m [1m12s[0m 2s/step - accuracy: 0.8751 - auc: 0.9439 - loss: 0.0351 - precision: 0.7452 - recall: 0.9534
[1m10/17[0m [32m━━━━━━━━━━━[0m[37m━━━━━━━━━[0m [1m10s[0m 1s/step - accuracy: 0.8711 - auc: 0.9399 - loss: 0.0357 - precision: 0.7394 - recall: 0.9506
[1m11/17[0m [32m━━━━━━━━━━━━[0m[37m━━━━━━━━[0m [1m8s[0m 1s/step - accuracy: 0.8668 - auc: 0.9364 - loss: 0.0361 - precision: 0.7328 - recall: 0.9479 
[1m12/17[0m [32m━━━━━━━━━━━━━━[0m[37m━━━━━━[0m [1m7s[0m 1s/step - accuracy: 0.8633 - auc: 0.9335 - loss: 0.0365 - precision: 0.7278 - recall: 0.9450
[1m13/17[0m [32m━━━━━━━━━━━━━━━[0m[37m━━━━━[0m [1m5s[0m 1s/step - accuracy: 0.8605 - auc: 0.9311 - loss: 0.0369 - precision: 0.7242 - recall: 0.9420
[1m14/17[0m [32m━━━━━━━━━━━━━━━━[0m[37m━━━━[0m [1m4s[0m 1s/step - accuracy: 0.8582 - auc: 0.9290 - loss: 0.0372 - precision: 0.7213 - recall: 0.9395
[1m15/17[0m [32m━━━━━━━━━━━━━━━━━[0m[37m━━━[0m [1m2s[0m 1s/step - accuracy: 0.8557 - auc: 0.9269 - loss: 0.0375 - precision: 0.7175 - recall: 0.9371
[1m16/17[0m [32m━━━━━━━━━━━━━━━━━━[0m[37m━━[0m [1m1s[0m 1s/step - accuracy: 0.8535 - auc: 0.9252 - loss: 0.0377 - precision: 0.7140 - recall: 0.9354
[1m17/17[0m [32m━━━━━━━━━━━━━━━━━━━━[0m[37m[0m [1m0s[0m 1s/step - accuracy: 0.8514 - auc: 0.9237 - loss: 0.0379 - precision: 0.7107 - recall: 0.9337
Epoch 14: val_recall did not improve from 1.00000

[1m17/17[0m [32m━━━━━━━━━━━━━━━━━━━━[0m[37m[0m [1m26s[0m 1s/step - accuracy: 0.8177 - auc: 0.8997 - loss: 0.0413 - precision: 0.6582 - recall: 0.9070 - val_accuracy: 0.3233 - val_auc: 0.7078 - val_loss: 0.0693 - val_precision: 0.3233 - val_recall: 1.0000 - learning_rate: 1.0000e-04
Epoch 15/80

[1m 1/17[0m [32m━[0m[37m━━━━━━━━━━━━━━━━━━━[0m [1m27s[0m 2s/step - accuracy: 0.9062 - auc: 0.9795 - loss: 0.0298 - precision: 0.7692 - recall: 1.0000
[1m 2/17[0m [32m━━[0m[37m━━━━━━━━━━━━━━━━━━[0m [1m26s[0m 2s/step - accuracy: 0.8984 - auc: 0.9640 - loss: 0.0319 - precision: 0.7500 - recall: 1.0000
[1m 3/17[0m [32m━━━[0m[37m━━━━━━━━━━━━━━━━━[0m [1m22s[0m 2s/step - accuracy: 0.8906 - auc: 0.9529 - loss: 0.0341 - precision: 0.7481 - recall: 0.9899
[1m 4/17[0m [32m━━━━[0m[37m━━━━━━━━━━━━━━━━[0m [1m19s[0m 2s/step - accuracy: 0.8887 - auc: 0.9503 - loss: 0.0348 - precision: 0.7540 - recall: 0.9816
[1m 5/17[0m [32m━━━━━[0m[37m━━━━━━━━━━━━━━━[0m [1m18s[0m 2s/step - accuracy: 0.8872 - auc: 0.9497 - loss: 0.0349 - precision: 0.7560 - recall: 0.9782
[1m 6/17[0m [32m━━━━━━━[0m[37m━━━━━━━━━━━━━[0m [1m16s[0m 1s/step - accuracy: 0.8826 - auc: 0.9465 - loss: 0.0355 - precision: 0.7517 - recall: 0.9745
[1m 7/17[0m [32m━━━━━━━━[0m[37m━━━━━━━━━━━━[0m [1m14s[0m 1s/step - accuracy: 0.8745 - auc: 0.9425 - loss: 0.0361 - precision: 0.7396 - recall: 0.9684
[1m 8/17[0m [32m━━━━━━━━━[0m[37m━━━━━━━━━━━[0m [1m13s[0m 1s/step - accuracy: 0.8667 - auc: 0.9373 - loss: 0.0368 - precision: 0.7283 - recall: 0.9618
[1m 9/17[0m [32m━━━━━━━━━━[0m[37m━━━━━━━━━━[0m [1m11s[0m 1s/step - accuracy: 0.8607 - auc: 0.9331 - loss: 0.0374 - precision: 0.7209 - recall: 0.9557
[1m10/17[0m [32m━━━━━━━━━━━[0m[37m━━━━━━━━━[0m [1m10s[0m 2s/step - accuracy: 0.8556 - auc: 0.9293 - loss: 0.0379 - precision: 0.7144 - recall: 0.9508
[1m11/17[0m [32m━━━━━━━━━━━━[0m[37m━━━━━━━━[0m [1m9s[0m 2s/step - accuracy: 0.8514 - auc: 0.9257 - loss: 0.0384 - precision: 0.7083 - recall: 0.9474 
[1m12/17[0m [32m━━━━━━━━━━━━━━[0m[37m━━━━━━[0m [1m7s[0m 2s/step - accuracy: 0.8481 - auc: 0.9230 - loss: 0.0388 - precision: 0.7038 - recall: 0.9445
[1m13/17[0m [32m━━━━━━━━━━━━━━━[0m[37m━━━━━[0m [1m6s[0m 2s/step - accuracy: 0.8456 - auc: 0.9207 - loss: 0.0391 - precision: 0.7008 - recall: 0.9410
[1m14/17[0m [32m━━━━━━━━━━━━━━━━[0m[37m━━━━[0m [1m4s[0m 2s/step - accuracy: 0.8435 - auc: 0.9187 - loss: 0.0394 - precision: 0.6985 - recall: 0.9381
[1m15/17[0m [32m━━━━━━━━━━━━━━━━━[0m[37m━━━[0m [1m3s[0m 2s/step - accuracy: 0.8411 - auc: 0.9165 - loss: 0.0397 - precision: 0.6949 - recall: 0.9354
[1m16/17[0m [32m━━━━━━━━━━━━━━━━━━[0m[37m━━[0m [1m1s[0m 2s/step - accuracy: 0.8388 - auc: 0.9147 - loss: 0.0399 - precision: 0.6914 - recall: 0.9333
[1m17/17[0m [32m━━━━━━━━━━━━━━━━━━━━[0m[37m[0m [1m0s[0m 2s/step - accuracy: 0.8369 - auc: 0.9131 - loss: 0.0401 - precision: 0.6886 - recall: 0.9314
Epoch 15: val_recall did not improve from 1.00000

[1m17/17[0m [32m━━━━━━━━━━━━━━━━━━━━[0m[37m[0m [1m29s[0m 2s/step - accuracy: 0.8064 - auc: 0.8871 - loss: 0.0436 - precision: 0.6432 - recall: 0.9012 - val_accuracy: 0.3233 - val_auc: 0.8391 - val_loss: 0.0693 - val_precision: 0.3233 - val_recall: 1.0000 - learning_rate: 1.0000e-04
Epoch 16/80

[1m 1/17[0m [32m━[0m[37m━━━━━━━━━━━━━━━━━━━[0m [1m3:38[0m 14s/step - accuracy: 0.9375 - auc: 0.9659 - loss: 0.0338 - precision: 0.8333 - recall: 1.0000
[1m 2/17[0m [32m━━[0m[37m━━━━━━━━━━━━━━━━━━[0m [1m26s[0m 2s/step - accuracy: 0.9219 - auc: 0.9631 - loss: 0.0329 - precision: 0.8080 - recall: 0.9737  
[1m 3/17[0m [32m━━━[0m[37m━━━━━━━━━━━━━━━━━[0m [1m24s[0m 2s/step - accuracy: 0.9097 - auc: 0.9569 - loss: 0.0334 - precision: 0.7970 - recall: 0.9623
[1m 4/17[0m [32m━━━━[0m[37m━━━━━━━━━━━━━━━━[0m [1m22s[0m 2s/step - accuracy: 0.9030 - auc: 0.9565 - loss: 0.0334 - precision: 0.7932 - recall: 0.9554
[1m 5/17[0m [32m━━━━━[0m[37m━━━━━━━━━━━━━━━[0m [1m21s[0m 2s/step - accuracy: 0.8986 - auc: 0.9571 - loss: 0.0332 - precision: 0.7888 - recall: 0.9538
[1m 6/17[0m [32m━━━━━━━[0m[37m━━━━━━━━━━━━━[0m [1m19s[0m 2s/step - accuracy: 0.8938 - auc: 0.9557 - loss: 0.0334 - precision: 0.7829 - recall: 0.9517
[1m 7/17[0m [32m━━━━━━━━[0m[37m━━━━━━━━━━━━[0m [1m17s[0m 2s/step - accuracy: 0.8880 - auc: 0.9530 - loss: 0.0337 - precision: 0.7716 - recall: 0.9508
[1m 8/17[0m [32m━━━━━━━━━[0m[37m━━━━━━━━━━━[0m [1m16s[0m 2s/step - accuracy: 0.8824 - auc: 0.9495 - loss: 0.0342 - precision: 0.7610 - recall: 0.9509
[1m 9/17[0m [32m━━━━━━━━━━[0m[37m━━━━━━━━━━[0m [1m14s[0m 2s/step - accuracy: 0.8766 - auc: 0.9458 - loss: 0.0347 - precision: 0.7529 - recall: 0.9460
[1m10/17[0m [32m━━━━━━━━━━━[0m[37m━━━━━━━━━[0m [1m12s[0m 2s/step - accuracy: 0.8714 - auc: 0.9417 - loss: 0.0353 - precision: 0.7452 - recall: 0.9430
[1m11/17[0m [32m━━━━━━━━━━━━[0m[37m━━━━━━━━[0m [1m10s[0m 2s/step - accuracy: 0.8668 - auc: 0.9380 - loss: 0.0358 - precision: 0.7378 - recall: 0.9403
[1m12/17[0m [32m━━━━━━━━━━━━━━[0m[37m━━━━━━[0m [1m8s[0m 2s/step - accuracy: 0.8636 - auc: 0.9353 - loss: 0.0362 - precision: 0.7325 - recall: 0.9387 
[1m13/17[0m [32m━━━━━━━━━━━━━━━[0m[37m━━━━━[0m [1m7s[0m 2s/step - accuracy: 0.8614 - auc: 0.9332 - loss: 0.0364 - precision: 0.7291 - recall: 0.9373
[1m14/17[0m [32m━━━━━━━━━━━━━━━━[0m[37m━━━━[0m [1m5s[0m 2s/step - accuracy: 0.8593 - auc: 0.9313 - loss: 0.0367 - precision: 0.7261 - recall: 0.9361
[1m15/17[0m [32m━━━━━━━━━━━━━━━━━[0m[37m━━━[0m [1m3s[0m 2s/step - accuracy: 0.8569 - auc: 0.9293 - loss: 0.0370 - precision: 0.7220 - recall: 0.9348
[1m16/17[0m [32m━━━━━━━━━━━━━━━━━━[0m[37m━━[0m [1m1s[0m 2s/step - accuracy: 0.8547 - auc: 0.9277 - loss: 0.0371 - precision: 0.7182 - recall: 0.9339
[1m17/17[0m [32m━━━━━━━━━━━━━━━━━━━━[0m[37m[0m [1m0s[0m 2s/step - accuracy: 0.8526 - auc: 0.9262 - loss: 0.0373 - precision: 0.7147 - recall: 0.9330
Epoch 16: val_recall did not improve from 1.00000

[1m17/17[0m [32m━━━━━━━━━━━━━━━━━━━━[0m[37m[0m [1m44s[0m 2s/step - accuracy: 0.8195 - auc: 0.9013 - loss: 0.0405 - precision: 0.6583 - recall: 0.9186 - val_accuracy: 0.3233 - val_auc: 0.8251 - val_loss: 0.0692 - val_precision: 0.3233 - val_recall: 1.0000 - learning_rate: 1.0000e-04
Epoch 17/80

[1m 1/17[0m [32m━[0m[37m━━━━━━━━━━━━━━━━━━━[0m [1m2:53[0m 11s/step - accuracy: 0.9062 - auc: 0.9455 - loss: 0.0309 - precision: 0.7692 - recall: 1.0000
[1m 2/17[0m [32m━━[0m[37m━━━━━━━━━━━━━━━━━━[0m [1m25s[0m 2s/step - accuracy: 0.9062 - auc: 0.9473 - loss: 0.0311 - precision: 0.7646 - recall: 1.0000  
[1m 3/17[0m [32m━━━[0m[37m━━━━━━━━━━━━━━━━━[0m [1m23s[0m 2s/step - accuracy: 0.8993 - auc: 0.9402 - loss: 0.0325 - precision: 0.7637 - recall: 0.9899
[1m 4/17[0m [32m━━━━[0m[37m━━━━━━━━━━━━━━━━[0m [1m22s[0m 2s/step - accuracy: 0.8991 - auc: 0.9394 - loss: 0.0332 - precision: 0.7728 - recall: 0.9816
[1m 5/17[0m [32m━━━━━[0m[37m━━━━━━━━━━━━━━━[0m [1m21s[0m 2s/step - accuracy: 0.8980 - auc: 0.9396 - loss: 0.0334 - precision: 0.7754 - recall: 0.9782
[1m 6/17[0m [32m━━━━━━━[0m[37m━━━━━━━━━━━━━[0m [1m19s[0m 2s/step - accuracy: 0.8942 - auc: 0.9373 - loss: 0.0341 - precision: 0.7731 - recall: 0.9721
[1m 7/17[0m [32m━━━━━━━━[0m[37m━━━━━━━━━━━━[0m [1m17s[0m 2s/step - accuracy: 0.8883 - auc: 0.9347 - loss: 0.0346 - precision: 0.7633 - recall: 0.9682
[1m 8/17[0m [32m━━━━━━━━━[0m[37m━━━━━━━━━━━[0m [1m15s[0m 2s/step - accuracy: 0.8832 - auc: 0.9311 - loss: 0.0352 - precision: 0.7549 - recall: 0.9647
[1m 9/17[0m [32m━━━━━━━━━━[0m[37m━━━━━━━━━━[0m [1m13s[0m 2s/step - accuracy: 0.8776 - auc: 0.9276 - loss: 0.0359 - precision: 0.7484 - recall: 0.9571
[1m10/17[0m [32m━━━━━━━━━━━[0m[37m━━━━━━━━━[0m [1m12s[0m 2s/step - accuracy: 0.8724 - auc: 0.9241 - loss: 0.0366 - precision: 0.7416 - recall: 0.9511
[1m11/17[0m [32m━━━━━━━━━━━━[0m[37m━━━━━━━━[0m [1m10s[0m 2s/step - accuracy: 0.8680 - auc: 0.9209 - loss: 0.0371 - precision: 0.7352 - recall: 0.9469
[1m12/17[0m [32m━━━━━━━━━━━━━━[0m[37m━━━━━━[0m [1m8s[0m 2s/step - accuracy: 0.8646 - auc: 0.9186 - loss: 0.0375 - precision: 0.7303 - recall: 0.9440 
[1m13/17[0m [32m━━━━━━━━━━━━━━━[0m[37m━━━━━[0m [1m6s[0m 2s/step - accuracy: 0.8621 - auc: 0.9168 - loss: 0.0379 - precision: 0.7271 - recall: 0.9411
[1m14/17[0m [32m━━━━━━━━━━━━━━━━[0m[37m━━━━[0m [1m5s[0m 2s/step - accuracy: 0.8598 - auc: 0.9151 - loss: 0.0382 - precision: 0.7242 - recall: 0.9387
[1m15/17[0m [32m━━━━━━━━━━━━━━━━━[0m[37m━━━[0m [1m3s[0m 2s/step - accuracy: 0.8575 - auc: 0.9135 - loss: 0.0385 - precision: 0.7206 - recall: 0.9368
[1m16/17[0m [32m━━━━━━━━━━━━━━━━━━[0m[37m━━[0m [1m1s[0m 2s/step - accuracy: 0.8552 - auc: 0.9122 - loss: 0.0387 - precision: 0.7168 - recall: 0.9354
[1m17/17[0m [32m━━━━━━━━━━━━━━━━━━━━[0m[37m[0m [1m0s[0m 2s/step - accuracy: 0.8530 - auc: 0.9112 - loss: 0.0388 - precision: 0.7132 - recall: 0.9341
Epoch 17: val_recall did not improve from 1.00000

[1m17/17[0m [32m━━━━━━━━━━━━━━━━━━━━[0m[37m[0m [1m41s[0m 2s/step - accuracy: 0.8177 - auc: 0.8941 - loss: 0.0416 - precision: 0.6569 - recall: 0.9128 - val_accuracy: 0.3233 - val_auc: 0.8040 - val_loss: 0.0691 - val_precision: 0.3233 - val_recall: 1.0000 - learning_rate: 1.0000e-04
Epoch 18/80

[1m 1/17[0m [32m━[0m[37m━━━━━━━━━━━━━━━━━━━[0m [1m2:58[0m 11s/step - accuracy: 0.9062 - auc: 0.9818 - loss: 0.0288 - precision: 0.7692 - recall: 1.0000
[1m 2/17[0m [32m━━[0m[37m━━━━━━━━━━━━━━━━━━[0m [1m30s[0m 2s/step - accuracy: 0.8906 - auc: 0.9672 - loss: 0.0295 - precision: 0.7446 - recall: 0.9737  
[1m 3/17[0m [32m━━━[0m[37m━━━━━━━━━━━━━━━━━[0m [1m26s[0m 2s/step - accuracy: 0.8819 - auc: 0.9594 - loss: 0.0308 - precision: 0.7424 - recall: 0.9623
[1m 4/17[0m [32m━━━━[0m[37m━━━━━━━━━━━━━━━━[0m [1m23s[0m 2s/step - accuracy: 0.8802 - auc: 0.9578 - loss: 0.0313 - precision: 0.7465 - recall: 0.9608
[1m 5/17[0m [32m━━━━━[0m[37m━━━━━━━━━━━━━━━[0m [1m21s[0m 2s/step - accuracy: 0.8804 - auc: 0.9563 - loss: 0.0317 - precision: 0.7500 - recall: 0.9616
[1m 6/17[0m [32m━━━━━━━[0m[37m━━━━━━━━━━━━━[0m [1m19s[0m 2s/step - accuracy: 0.8769 - auc: 0.9524 - loss: 0.0325 - precision: 0.7476 - recall: 0.9582
[1m 7/17[0m [32m━━━━━━━━[0m[37m━━━━━━━━━━━━[0m [1m17s[0m 2s/step - accuracy: 0.8709 - auc: 0.9495 - loss: 0.0331 - precision: 0.7374 - recall: 0.9564
[1m 8/17[0m [32m━━━━━━━━━[0m[37m━━━━━━━━━━━[0m [1m15s[0m 2s/step - accuracy: 0.8660 - auc: 0.9452 - loss: 0.0338 - precision: 0.7293 - recall: 0.9543
[1m 9/17[0m [32m━━━━━━━━━━[0m[37m━━━━━━━━━━[0m [1m14s[0m 2s/step - accuracy: 0.8609 - auc: 0.9410 - loss: 0.0346 - precision: 0.7232 - recall: 0.9479
[1m10/17[0m [32m━━━━━━━━━━━[0m[37m━━━━━━━━━[0m [1m12s[0m 2s/step - accuracy: 0.8554 - auc: 0.9364 - loss: 0.0353 - precision: 0.7164 - recall: 0.9419
[1m11/17[0m [32m━━━━━━━━━━━━[0m[37m━━━━━━━━[0m [1m10s[0m 2s/step - accuracy: 0.8510 - auc: 0.9324 - loss: 0.0359 - precision: 0.7102 - recall: 0.9377
[1m12/17[0m [32m━━━━━━━━━━━━━━[0m[37m━━━━━━[0m [1m9s[0m 2s/step - accuracy: 0.8473 - auc: 0.9293 - loss: 0.0364 - precision: 0.7051 - recall: 0.9343 
[1m13/17[0m [32m━━━━━━━━━━━━━━━[0m[37m━━━━━[0m [1m7s[0m 2s/step - accuracy: 0.8448 - auc: 0.9269 - loss: 0.0368 - precision: 0.7020 - recall: 0.9316
[1m14/17[0m [32m━━━━━━━━━━━━━━━━[0m[37m━━━━[0m [1m5s[0m 2s/step - accuracy: 0.8427 - auc: 0.9246 - loss: 0.0372 - precision: 0.6994 - recall: 0.9293
[1m15/17[0m [32m━━━━━━━━━━━━━━━━━[0m[37m━━━[0m [1m3s[0m 2s/step - accuracy: 0.8405 - auc: 0.9224 - loss: 0.0375 - precision: 0.6961 - recall: 0.9276
[1m16/17[0m [32m━━━━━━━━━━━━━━━━━━[0m[37m━━[0m [1m1s[0m 2s/step - accuracy: 0.8385 - auc: 0.9207 - loss: 0.0378 - precision: 0.6928 - recall: 0.9265
[1m17/17[0m [32m━━━━━━━━━━━━━━━━━━━━[0m[37m[0m [1m0s[0m 2s/step - accuracy: 0.8367 - auc: 0.9192 - loss: 0.0380 - precision: 0.6898 - recall: 0.9253
Epoch 18: val_recall did not improve from 1.00000

[1m17/17[0m [32m━━━━━━━━━━━━━━━━━━━━[0m[37m[0m [1m43s[0m 2s/step - accuracy: 0.8064 - auc: 0.8953 - loss: 0.0418 - precision: 0.6420 - recall: 0.9070 - val_accuracy: 0.3233 - val_auc: 0.8065 - val_loss: 0.0689 - val_precision: 0.3233 - val_recall: 1.0000 - learning_rate: 1.0000e-04
Epoch 19/80

[1m 1/17[0m [32m━[0m[37m━━━━━━━━━━━━━━━━━━━[0m [1m2:34[0m 10s/step - accuracy: 0.9062 - auc: 0.9545 - loss: 0.0317 - precision: 0.7692 - recall: 1.0000
[1m 2/17[0m [32m━━[0m[37m━━━━━━━━━━━━━━━━━━[0m [1m27s[0m 2s/step - accuracy: 0.8906 - auc: 0.9501 - loss: 0.0319 - precision: 0.7365 - recall: 1.0000  
[1m 3/17[0m [32m━━━[0m[37m━━━━━━━━━━━━━━━━━[0m [1m25s[0m 2s/step - accuracy: 0.8819 - auc: 0.9452 - loss: 0.0329 - precision: 0.7334 - recall: 0.9899
[1m 4/17[0m [32m━━━━[0m[37m━━━━━━━━━━━━━━━━[0m [1m24s[0m 2s/step - accuracy: 0.8783 - auc: 0.9449 - loss: 0.0334 - precision: 0.7365 - recall: 0.9816
[1m 5/17[0m [32m━━━━━[0m[37m━━━━━━━━━━━━━━━[0m [1m23s[0m 2s/step - accuracy: 0.8776 - auc: 0.9443 - loss: 0.0338 - precision: 0.7399 - recall: 0.9782
[1m 6/17[0m [32m━━━━━━━[0m[37m━━━━━━━━━━━━━[0m [1m20s[0m 2s/step - accuracy: 0.8746 - auc: 0.9413 - loss: 0.0345 - precision: 0.7383 - recall: 0.9745
[1m 7/17[0m [32m━━━━━━━━[0m[37m━━━━━━━━━━━━[0m [1m18s[0m 2s/step - accuracy: 0.8708 - auc: 0.9384 - loss: 0.0350 - precision: 0.7318 - recall: 0.9723
[1m 8/17[0m [32m━━━━━━━━━[0m[37m━━━━━━━━━━━[0m [1m16s[0m 2s/step - accuracy: 0.8669 - auc: 0.9345 - loss: 0.0356 - precision: 0.7259 - recall: 0.9682
[1m 9/17[0m [32m━━━━━━━━━━[0m[37m━━━━━━━━━━[0m [1m15s[0m 2s/step - accuracy: 0.8628 - auc: 0.9306 - loss: 0.0363 - precision: 0.7216 - recall: 0.9614
[1m10/17[0m [32m━━━━━━━━━━━[0m[37m━━━━━━━━━[0m [1m13s[0m 2s/step - accuracy: 0.8590 - auc: 0.9268 - loss: 0.0369 - precision: 0.7170 - recall: 0.9569
[1m11/17[0m [32m━━━━━━━━━━━━[0m[37m━━━━━━━━[0m [1m11s[0m 2s/step - accuracy: 0.8558 - auc: 0.9239 - loss: 0.0374 - precision: 0.7125 - recall: 0.9537
[1m12/17[0m [32m━━━━━━━━━━━━━━[0m[37m━━━━━━[0m [1m9s[0m 2s/step - accuracy: 0.8533 - auc: 0.9216 - loss: 0.0377 - precision: 0.7091 - recall: 0.9503 
[1m13/17[0m [32m━━━━━━━━━━━━━━━[0m[37m━━━━━[0m [1m7s[0m 2s/step - accuracy: 0.8515 - auc: 0.9199 - loss: 0.0380 - precision: 0.7073 - recall: 0.9469
[1m14/17[0m [32m━━━━━━━━━━━━━━━━[0m[37m━━━━[0m [1m5s[0m 2s/step - accuracy: 0.8500 - auc: 0.9182 - loss: 0.0383 - precision: 0.7058 - recall: 0.9440
[1m15/17[0m [32m━━━━━━━━━━━━━━━━━[0m[37m━━━[0m [1m3s[0m 2s/step - accuracy: 0.8480 - auc: 0.9166 - loss: 0.0385 - precision: 0.7031 - recall: 0.9413
[1m16/17[0m [32m━━━━━━━━━━━━━━━━━━[0m[37m━━[0m [1m1s[0m 2s/step - accuracy: 0.8463 - auc: 0.9154 - loss: 0.0387 - precision: 0.7004 - recall: 0.9393
[1m17/17[0m [32m━━━━━━━━━━━━━━━━━━━━[0m[37m[0m [1m0s[0m 2s/step - accuracy: 0.8447 - auc: 0.9142 - loss: 0.0388 - precision: 0.6981 - recall: 0.9374
Epoch 19: val_recall did not improve from 1.00000

[1m17/17[0m [32m━━━━━━━━━━━━━━━━━━━━[0m[37m[0m [1m41s[0m 2s/step - accuracy: 0.8195 - auc: 0.8960 - loss: 0.0414 - precision: 0.6610 - recall: 0.9070 - val_accuracy: 0.3233 - val_auc: 0.8494 - val_loss: 0.0685 - val_precision: 0.3233 - val_recall: 1.0000 - learning_rate: 1.0000e-04
Epoch 20/80

[1m 1/17[0m [32m━[0m[37m━━━━━━━━━━━━━━━━━━━[0m [1m2:36[0m 10s/step - accuracy: 0.9375 - auc: 0.9727 - loss: 0.0288 - precision: 0.8333 - recall: 1.0000
[1m 2/17[0m [32m━━[0m[37m━━━━━━━━━━━━━━━━━━[0m [1m25s[0m 2s/step - accuracy: 0.9297 - auc: 0.9612 - loss: 0.0297 - precision: 0.8125 - recall: 1.0000  
[1m 3/17[0m [32m━━━[0m[37m━━━━━━━━━━━━━━━━━[0m [1m24s[0m 2s/step - accuracy: 0.9184 - auc: 0.9534 - loss: 0.0312 - precision: 0.8018 - recall: 0.9899
[1m 4/17[0m [32m━━━━[0m[37m━━━━━━━━━━━━━━━━[0m [1m22s[0m 2s/step - accuracy: 0.9154 - auc: 0.9515 - loss: 0.0318 - precision: 0.8051 - recall: 0.9816
[1m 5/17[0m [32m━━━━━[0m[37m━━━━━━━━━━━━━━━[0m [1m22s[0m 2s/step - accuracy: 0.9135 - auc: 0.9508 - loss: 0.0321 - precision: 0.8058 - recall: 0.9782
[1m 6/17[0m [32m━━━━━━━[0m[37m━━━━━━━━━━━━━[0m [1m20s[0m 2s/step - accuracy: 0.9089 - auc: 0.9486 - loss: 0.0326 - precision: 0.8016 - recall: 0.9721
[1m 7/17[0m [32m━━━━━━━━[0m[37m━━━━━━━━━━━━[0m [1m18s[0m 2s/step - accuracy: 0.9027 - auc: 0.9466 - loss: 0.0330 - precision: 0.7908 - recall: 0.9682
[1m 8/17[0m [32m━━━━━━━━━[0m[37m━━━━━━━━━━━[0m [1m16s[0m 2s/step - accuracy: 0.8968 - auc: 0.9437 - loss: 0.0336 - precision: 0.7806 - recall: 0.9647
[1m 9/17[0m [32m━━━━━━━━━━[0m[37m━━━━━━━━━━[0m [1m14s[0m 2s/step - accuracy: 0.8913 - auc: 0.9411 - loss: 0.0341 - precision: 0.7730 - recall: 0.9594
[1m10/17[0m [32m━━━━━━━━━━━[0m[37m━━━━━━━━━[0m [1m12s[0m 2s/step - accuracy: 0.8863 - auc: 0.9377 - loss: 0.0347 - precision: 0.7654 - recall: 0.9560
[1m11/17[0m [32m━━━━━━━━━━━━[0m[37m━━━━━━━━[0m [1m10s[0m 2s/step - accuracy: 0.8819 - auc: 0.9343 - loss: 0.0352 - precision: 0.7582 - recall: 0.9537
[1m12/17[0m [32m━━━━━━━━━━━━━━[0m[37m━━━━━━[0m [1m9s[0m 2s/step - accuracy: 0.8785 - auc: 0.9317 - loss: 0.0357 - precision: 0.7527 - recall: 0.9516 
[1m13/17[0m [32m━━━━━━━━━━━━━━━[0m[37m━━━━━[0m [1m7s[0m 2s/step - accuracy: 0.8756 - auc: 0.9295 - loss: 0.0360 - precision: 0.7488 - recall: 0.9487
[1m14/17[0m [32m━━━━━━━━━━━━━━━━[0m[37m━━━━[0m [1m5s[0m 2s/step - accuracy: 0.8730 - auc: 0.9275 - loss: 0.0364 - precision: 0.7452 - recall: 0.9461
[1m15/17[0m [32m━━━━━━━━━━━━━━━━━[0m[37m━━━[0m [1m3s[0m 2s/step - accuracy: 0.8702 - auc: 0.9256 - loss: 0.0367 - precision: 0.7407 - recall: 0.9442
[1m16/17[0m [32m━━━━━━━━━━━━━━━━━━[0m[37m━━[0m [1m1s[0m 2s/step - accuracy: 0.8677 - auc: 0.9242 - loss: 0.0369 - precision: 0.7365 - recall: 0.9427
[1m17/17[0m [32m━━━━━━━━━━━━━━━━━━━━[0m[37m[0m [1m0s[0m 2s/step - accuracy: 0.8654 - auc: 0.9229 - loss: 0.0371 - precision: 0.7327 - recall: 0.9413
Epoch 20: val_recall did not improve from 1.00000

[1m17/17[0m [32m━━━━━━━━━━━━━━━━━━━━[0m[37m[0m [1m40s[0m 2s/step - accuracy: 0.8289 - auc: 0.9024 - loss: 0.0401 - precision: 0.6723 - recall: 0.9186 - val_accuracy: 0.3233 - val_auc: 0.8519 - val_loss: 0.0680 - val_precision: 0.3233 - val_recall: 1.0000 - learning_rate: 1.0000e-04
Epoch 21/80

[1m 1/17[0m [32m━[0m[37m━━━━━━━━━━━━━━━━━━━[0m [1m2:58[0m 11s/step - accuracy: 0.9062 - auc: 0.9341 - loss: 0.0328 - precision: 0.7692 - recall: 1.0000
[1m 2/17[0m [32m━━[0m[37m━━━━━━━━━━━━━━━━━━[0m [1m30s[0m 2s/step - accuracy: 0.8984 - auc: 0.9407 - loss: 0.0322 - precision: 0.7500 - recall: 1.0000  
[1m 3/17[0m [32m━━━[0m[37m━━━━━━━━━━━━━━━━━[0m [1m27s[0m 2s/step - accuracy: 0.8906 - auc: 0.9378 - loss: 0.0332 - precision: 0.7444 - recall: 1.0000
[1m 4/17[0m [32m━━━━[0m[37m━━━━━━━━━━━━━━━━[0m [1m24s[0m 2s/step - accuracy: 0.8887 - auc: 0.9410 - loss: 0.0331 - precision: 0.7469 - recall: 1.0000
[1m 5/17[0m [32m━━━━━[0m[37m━━━━━━━━━━━━━━━[0m [1m22s[0m 2s/step - accuracy: 0.8859 - auc: 0.9426 - loss: 0.0332 - precision: 0.7455 - recall: 1.0000
[1m 6/17[0m [32m━━━━━━━[0m[37m━━━━━━━━━━━━━[0m [1m20s[0m 2s/step - accuracy: 0.8806 - auc: 0.9411 - loss: 0.0336 - precision: 0.7408 - recall: 0.9951
[1m 7/17[0m [32m━━━━━━━━[0m[37m━━━━━━━━━━━━[0m [1m17s[0m 2s/step - accuracy: 0.8747 - auc: 0.9390 - loss: 0.0340 - precision: 0.7316 - recall: 0.9919
[1m 8/17[0m [32m━━━━━━━━━[0m[37m━━━━━━━━━━━[0m [1m16s[0m 2s/step - accuracy: 0.8694 - auc: 0.9364 - loss: 0.0346 - precision: 0.7232 - recall: 0.9899
[1m 9/17[0m [32m━━━━━━━━━━[0m[37m━━━━━━━━━━[0m [1m14s[0m 2s/step - accuracy: 0.8646 - auc: 0.9336 - loss: 0.0351 - precision: 0.7174 - recall: 0.9853
[1m10/17[0m [32m━━━━━━━━━━━[0m[37m━━━━━━━━━[0m [1m12s[0m 2s/step - accuracy: 0.8603 - auc: 0.9303 - loss: 0.0357 - precision: 0.7119 - recall: 0.9821
[1m11/17[0m [32m━━━━━━━━━━━━[0m[37m━━━━━━━━[0m [1m10s[0m 2s/step - accuracy: 0.8568 - auc: 0.9274 - loss: 0.0361 - precision: 0.7067 - recall: 0.9798
[1m12/17[0m [32m━━━━━━━━━━━━━━[0m[37m━━━━━━[0m [1m8s[0m 2s/step - accuracy: 0.8542 - auc: 0.9254 - loss: 0.0364 - precision: 0.7031 - recall: 0.9775 
[1m13/17[0m [32m━━━━━━━━━━━━━━━[0m[37m━━━━━[0m [1m7s[0m 2s/step - accuracy: 0.8523 - auc: 0.9236 - loss: 0.0367 - precision: 0.7009 - recall: 0.9748
[1m14/17[0m [32m━━━━━━━━━━━━━━━━[0m[37m━━━━[0m [1m5s[0m 2s/step - accuracy: 0.8505 - auc: 0.9222 - loss: 0.0369 - precision: 0.6991 - recall: 0.9723
[1m15/17[0m [32m━━━━━━━━━━━━━━━━━[0m[37m━━━[0m [1m3s[0m 2s/step - accuracy: 0.8490 - auc: 0.9209 - loss: 0.0371 - precision: 0.6969 - recall: 0.9699
[1m16/17[0m [32m━━━━━━━━━━━━━━━━━━[0m[37m━━[0m [1m1s[0m 2s/step - accuracy: 0.8477 - auc: 0.9199 - loss: 0.0373 - precision: 0.6949 - recall: 0.9680
[1m17/17[0m [32m━━━━━━━━━━━━━━━━━━━━[0m[37m[0m [1m0s[0m 2s/step - accuracy: 0.8465 - auc: 0.9188 - loss: 0.0374 - precision: 0.6932 - recall: 0.9661
Epoch 21: val_recall did not improve from 1.00000

[1m17/17[0m [32m━━━━━━━━━━━━━━━━━━━━[0m[37m[0m [1m42s[0m 2s/step - accuracy: 0.8271 - auc: 0.9021 - loss: 0.0399 - precision: 0.6653 - recall: 0.9360 - val_accuracy: 0.3233 - val_auc: 0.8570 - val_loss: 0.0679 - val_precision: 0.3233 - val_recall: 1.0000 - learning_rate: 1.0000e-04
Epoch 22/80

[1m 1/17[0m [32m━[0m[37m━━━━━━━━━━━━━━━━━━━[0m [1m29s[0m 2s/step - accuracy: 0.9375 - auc: 0.9591 - loss: 0.0276 - precision: 0.8333 - recall: 1.0000
[1m 2/17[0m [32m━━[0m[37m━━━━━━━━━━━━━━━━━━[0m [1m26s[0m 2s/step - accuracy: 0.9219 - auc: 0.9588 - loss: 0.0274 - precision: 0.8080 - recall: 0.9737
[1m 3/17[0m [32m━━━[0m[37m━━━━━━━━━━━━━━━━━[0m [1m24s[0m 2s/step - accuracy: 0.9097 - auc: 0.9566 - loss: 0.0286 - precision: 0.7970 - recall: 0.9623
[1m 4/17[0m [32m━━━━[0m[37m━━━━━━━━━━━━━━━━[0m [1m23s[0m 2s/step - accuracy: 0.9089 - auc: 0.9578 - loss: 0.0289 - precision: 0.8014 - recall: 0.9608
[1m 5/17[0m [32m━━━━━[0m[37m━━━━━━━━━━━━━━━[0m [1m22s[0m 2s/step - accuracy: 0.9083 - auc: 0.9577 - loss: 0.0292 - precision: 0.8029 - recall: 0.9616
[1m 6/17[0m [32m━━━━━━━[0m[37m━━━━━━━━━━━━━[0m [1m20s[0m 2s/step - accuracy: 0.9045 - auc: 0.9555 - loss: 0.0298 - precision: 0.7992 - recall: 0.9582
[1m 7/17[0m [32m━━━━━━━━[0m[37m━━━━━━━━━━━━[0m [1m18s[0m 2s/step - accuracy: 0.8971 - auc: 0.9528 - loss: 0.0304 - precision: 0.7856 - recall: 0.9564
[1m 8/17[0m [32m━━━━━━━━━[0m[37m━━━━━━━━━━━[0m [1m17s[0m 2s/step - accuracy: 0.8914 - auc: 0.9493 - loss: 0.0311 - precision: 0.7748 - recall: 0.9558
[1m 9/17[0m [32m━━━━━━━━━━[0m[37m━━━━━━━━━━[0m [1m15s[0m 2s/step - accuracy: 0.8853 - auc: 0.9454 - loss: 0.0318 - precision: 0.7663 - recall: 0.9504
[1m10/17[0m [32m━━━━━━━━━━━[0m[37m━━━━━━━━━[0m [1m13s[0m 2s/step - accuracy: 0.8799 - auc: 0.9414 - loss: 0.0325 - precision: 0.7582 - recall: 0.9469
[1m11/17[0m [32m━━━━━━━━━━━━[0m[37m━━━━━━━━[0m [1m10s[0m 2s/step - accuracy: 0.8754 - auc: 0.9379 - loss: 0.0332 - precision: 0.7507 - recall: 0.9447
[1m12/17[0m [32m━━━━━━━━━━━━━━[0m[37m━━━━━━[0m [1m8s[0m 2s/step - accuracy: 0.8716 - auc: 0.9352 - loss: 0.0336 - precision: 0.7446 - recall: 0.9427 
[1m13/17[0m [32m━━━━━━━━━━━━━━━[0m[37m━━━━━[0m [1m7s[0m 2s/step - accuracy: 0.8689 - auc: 0.9331 - loss: 0.0340 - precision: 0.7406 - recall: 0.9410
[1m14/17[0m [32m━━━━━━━━━━━━━━━━[0m[37m━━━━[0m [1m5s[0m 2s/step - accuracy: 0.8667 - auc: 0.9312 - loss: 0.0343 - precision: 0.7371 - recall: 0.9400
[1m15/17[0m [32m━━━━━━━━━━━━━━━━━[0m[37m━━━[0m [1m3s[0m 2s/step - accuracy: 0.8643 - auc: 0.9294 - loss: 0.0346 - precision: 0.7329 - recall: 0.9393
[1m16/17[0m [32m━━━━━━━━━━━━━━━━━━[0m[37m━━[0m [1m1s[0m 2s/step - accuracy: 0.8620 - auc: 0.9279 - loss: 0.0349 - precision: 0.7288 - recall: 0.9389
[1m17/17[0m [32m━━━━━━━━━━━━━━━━━━━━[0m[37m[0m [1m0s[0m 2s/step - accuracy: 0.8600 - auc: 0.9265 - loss: 0.0351 - precision: 0.7251 - recall: 0.9384
Epoch 22: val_recall did not improve from 1.00000

[1m17/17[0m [32m━━━━━━━━━━━━━━━━━━━━[0m[37m[0m [1m30s[0m 2s/step - accuracy: 0.8271 - auc: 0.9037 - loss: 0.0389 - precision: 0.6667 - recall: 0.9302 - val_accuracy: 0.3233 - val_auc: 0.8757 - val_loss: 0.0674 - val_precision: 0.3233 - val_recall: 1.0000 - learning_rate: 1.0000e-04
Epoch 23/80

[1m 1/17[0m [32m━[0m[37m━━━━━━━━━━━━━━━━━━━[0m [1m22s[0m 1s/step - accuracy: 0.9062 - auc: 0.9636 - loss: 0.0307 - precision: 0.7692 - recall: 1.0000
[1m 2/17[0m [32m━━[0m[37m━━━━━━━━━━━━━━━━━━[0m [1m22s[0m 1s/step - accuracy: 0.8906 - auc: 0.9473 - loss: 0.0323 - precision: 0.7446 - recall: 0.9737
[1m 3/17[0m [32m━━━[0m[37m━━━━━━━━━━━━━━━━━[0m [1m20s[0m 1s/step - accuracy: 0.8785 - auc: 0.9370 - loss: 0.0337 - precision: 0.7334 - recall: 0.9724
[1m 4/17[0m [32m━━━━[0m[37m━━━━━━━━━━━━━━━━[0m [1m19s[0m 1s/step - accuracy: 0.8737 - auc: 0.9365 - loss: 0.0342 - precision: 0.7315 - recall: 0.9738
[1m 5/17[0m [32m━━━━━[0m[37m━━━━━━━━━━━━━━━[0m [1m17s[0m 1s/step - accuracy: 0.8702 - auc: 0.9358 - loss: 0.0345 - precision: 0.7288 - recall: 0.9756
[1m 6/17[0m [32m━━━━━━━[0m[37m━━━━━━━━━━━━━[0m [1m15s[0m 1s/step - accuracy: 0.8667 - auc: 0.9336 - loss: 0.0350 - precision: 0.7256 - recall: 0.9747
[1m 7/17[0m [32m━━━━━━━━[0m[37m━━━━━━━━━━━━[0m [1m14s[0m 1s/step - accuracy: 0.8628 - auc: 0.9314 - loss: 0.0353 - precision: 0.7186 - recall: 0.9744
[1m 8/17[0m [32m━━━━━━━━━[0m[37m━━━━━━━━━━━[0m [1m13s[0m 1s/step - accuracy: 0.8594 - auc: 0.9291 - loss: 0.0356 - precision: 0.7128 - recall: 0.9731
[1m 9/17[0m [32m━━━━━━━━━━[0m[37m━━━━━━━━━━[0m [1m11s[0m 1s/step - accuracy: 0.8561 - auc: 0.9268 - loss: 0.0360 - precision: 0.7090 - recall: 0.9692
[1m10/17[0m [32m━━━━━━━━━━━[0m[37m━━━━━━━━━[0m [1m10s[0m 1s/step - accuracy: 0.8527 - auc: 0.9241 - loss: 0.0364 - precision: 0.7046 - recall: 0.9667
[1m11/17[0m [32m━━━━━━━━━━━━[0m[37m━━━━━━━━[0m [1m8s[0m 1s/step - accuracy: 0.8498 - auc: 0.9217 - loss: 0.0367 - precision: 0.7002 - recall: 0.9650 
[1m12/17[0m [32m━━━━━━━━━━━━━━[0m[37m━━━━━━[0m [1m7s[0m 1s/step - accuracy: 0.8478 - auc: 0.9201 - loss: 0.0369 - precision: 0.6973 - recall: 0.9633
[1m13/17[0m [32m━━━━━━━━━━━━━━━[0m[37m━━━━━[0m [1m5s[0m 1s/step - accuracy: 0.8462 - auc: 0.9187 - loss: 0.0371 - precision: 0.6956 - recall: 0.9606
[1m14/17[0m [32m━━━━━━━━━━━━━━━━[0m[37m━━━━[0m [1m4s[0m 1s/step - accuracy: 0.8449 - auc: 0.9173 - loss: 0.0373 - precision: 0.6942 - recall: 0.9586
[1m15/17[0m [32m━━━━━━━━━━━━━━━━━[0m[37m━━━[0m [1m3s[0m 2s/step - accuracy: 0.8436 - auc: 0.9159 - loss: 0.0375 - precision: 0.6922 - recall: 0.9571
[1m16/17[0m [32m━━━━━━━━━━━━━━━━━━[0m[37m━━[0m [1m1s[0m 2s/step - accuracy: 0.8424 - auc: 0.9149 - loss: 0.0376 - precision: 0.6901 - recall: 0.9560
[1m17/17[0m [32m━━━━━━━━━━━━━━━━━━━━[0m[37m[0m [1m0s[0m 2s/step - accuracy: 0.8414 - auc: 0.9141 - loss: 0.0378 - precision: 0.6885 - recall: 0.9548
Epoch 23: val_recall did not improve from 1.00000

[1m17/17[0m [32m━━━━━━━━━━━━━━━━━━━━[0m[37m[0m [1m28s[0m 2s/step - accuracy: 0.8252 - auc: 0.9007 - loss: 0.0396 - precision: 0.6626 - recall: 0.9360 - val_accuracy: 0.3233 - val_auc: 0.8890 - val_loss: 0.0671 - val_precision: 0.3233 - val_recall: 1.0000 - learning_rate: 1.0000e-04
Epoch 24/80

[1m 1/17[0m [32m━[0m[37m━━━━━━━━━━━━━━━━━━━[0m [1m3:56[0m 15s/step - accuracy: 0.9375 - auc: 0.9591 - loss: 0.0271 - precision: 0.8333 - recall: 1.0000
[1m 2/17[0m [32m━━[0m[37m━━━━━━━━━━━━━━━━━━[0m [1m21s[0m 1s/step - accuracy: 0.9297 - auc: 0.9582 - loss: 0.0276 - precision: 0.8125 - recall: 1.0000  
[1m 3/17[0m [32m━━━[0m[37m━━━━━━━━━━━━━━━━━[0m [1m20s[0m 1s/step - accuracy: 0.9184 - auc: 0.9546 - loss: 0.0293 - precision: 0.8018 - recall: 0.9899
[1m 4/17[0m [32m━━━━[0m[37m━━━━━━━━━━━━━━━━[0m [1m18s[0m 1s/step - accuracy: 0.9134 - auc: 0.9547 - loss: 0.0302 - precision: 0.7987 - recall: 0.9870
[1m 5/17[0m [32m━━━━━[0m[37m━━━━━━━━━━━━━━━[0m [1m17s[0m 1s/step - accuracy: 0.9095 - auc: 0.9544 - loss: 0.0307 - precision: 0.7945 - recall: 0.9861
[1m 6/17[0m [32m━━━━━━━[0m[37m━━━━━━━━━━━━━[0m [1m16s[0m 2s/step - accuracy: 0.9029 - auc: 0.9515 - loss: 0.0315 - precision: 0.7866 - recall: 0.9810
[1m 7/17[0m [32m━━━━━━━━[0m[37m━━━━━━━━━━━━[0m [1m15s[0m 2s/step - accuracy: 0.8957 - auc: 0.9486 - loss: 0.0322 - precision: 0.7743 - recall: 0.9779
[1m 8/17[0m [32m━━━━━━━━━[0m[37m━━━━━━━━━━━[0m [1m13s[0m 2s/step - accuracy: 0.8892 - auc: 0.9447 - loss: 0.0329 - precision: 0.7638 - recall: 0.9731
[1m 9/17[0m [32m━━━━━━━━━━[0m[37m━━━━━━━━━━[0m [1m11s[0m 1s/step - accuracy: 0.8834 - auc: 0.9410 - loss: 0.0336 - precision: 0.7562 - recall: 0.9669
[1m10/17[0m [32m━━━━━━━━━━━[0m[37m━━━━━━━━━[0m [1m10s[0m 1s/step - accuracy: 0.8779 - auc: 0.9367 - loss: 0.0343 - precision: 0.7486 - recall: 0.9618
[1m11/17[0m [32m━━━━━━━━━━━━[0m[37m━━━━━━━━[0m [1m8s[0m 1s/step - accuracy: 0.8732 - auc: 0.9327 - loss: 0.0350 - precision: 0.7415 - recall: 0.9582 
[1m12/17[0m [32m━━━━━━━━━━━━━━[0m[37m━━━━━━[0m [1m7s[0m 1s/step - accuracy: 0.8697 - auc: 0.9299 - loss: 0.0354 - precision: 0.7363 - recall: 0.9551
[1m13/17[0m [32m━━━━━━━━━━━━━━━[0m[37m━━━━━[0m [1m5s[0m 1s/step - accuracy: 0.8671 - auc: 0.9276 - loss: 0.0358 - precision: 0.7329 - recall: 0.9524
[1m14/17[0m [32m━━━━━━━━━━━━━━━━[0m[37m━━━━[0m [1m4s[0m 1s/step - accuracy: 0.8648 - auc: 0.9255 - loss: 0.0361 - precision: 0.7298 - recall: 0.9501
[1m15/17[0m [32m━━━━━━━━━━━━━━━━━[0m[37m━━━[0m [1m2s[0m 1s/step - accuracy: 0.8624 - auc: 0.9236 - loss: 0.0364 - precision: 0.7260 - recall: 0.9483
[1m16/17[0m [32m━━━━━━━━━━━━━━━━━━[0m[37m━━[0m [1m1s[0m 1s/step - accuracy: 0.8603 - auc: 0.9221 - loss: 0.0366 - precision: 0.7224 - recall: 0.9470
[1m17/17[0m [32m━━━━━━━━━━━━━━━━━━━━[0m[37m[0m [1m0s[0m 1s/step - accuracy: 0.8584 - auc: 0.9207 - loss: 0.0368 - precision: 0.7194 - recall: 0.9457
Epoch 24: val_recall did not improve from 1.00000

[1m17/17[0m [32m━━━━━━━━━━━━━━━━━━━━[0m[37m[0m [1m39s[0m 2s/step - accuracy: 0.8289 - auc: 0.8991 - loss: 0.0399 - precision: 0.6709 - recall: 0.9244 - val_accuracy: 0.4511 - val_auc: 0.8891 - val_loss: 0.0662 - val_precision: 0.3707 - val_recall: 1.0000 - learning_rate: 1.0000e-04
Epoch 25/80

[1m 1/17[0m [32m━[0m[37m━━━━━━━━━━━━━━━━━━━[0m [1m26s[0m 2s/step - accuracy: 0.9375 - auc: 0.9545 - loss: 0.0270 - precision: 0.8333 - recall: 1.0000
[1m 2/17[0m [32m━━[0m[37m━━━━━━━━━━━━━━━━━━[0m [1m23s[0m 2s/step - accuracy: 0.9375 - auc: 0.9553 - loss: 0.0267 - precision: 0.8297 - recall: 1.0000
[1m 3/17[0m [32m━━━[0m[37m━━━━━━━━━━━━━━━━━[0m [1m22s[0m 2s/step - accuracy: 0.9306 - auc: 0.9502 - loss: 0.0278 - precision: 0.8214 - recall: 1.0000
[1m 4/17[0m [32m━━━━[0m[37m━━━━━━━━━━━━━━━━[0m [1m20s[0m 2s/step - accuracy: 0.9245 - auc: 0.9506 - loss: 0.0284 - precision: 0.8144 - recall: 1.0000
[1m 5/17[0m [32m━━━━━[0m[37m━━━━━━━━━━━━━━━[0m [1m19s[0m 2s/step - accuracy: 0.9183 - auc: 0.9508 - loss: 0.0287 - precision: 0.8055 - recall: 1.0000
[1m 6/17[0m [32m━━━━━━━[0m[37m━━━━━━━━━━━━━[0m [1m18s[0m 2s/step - accuracy: 0.9102 - auc: 0.9494 - loss: 0.0293 - precision: 0.7949 - recall: 0.9951
[1m 7/17[0m [32m━━━━━━━━[0m[37m━━━━━━━━━━━━[0m [1m18s[0m 2s/step - accuracy: 0.9033 - auc: 0.9477 - loss: 0.0298 - precision: 0.7827 - recall: 0.9919
[1m 8/17[0m [32m━━━━━━━━━[0m[37m━━━━━━━━━━━[0m [1m17s[0m 2s/step - accuracy: 0.8968 - auc: 0.9449 - loss: 0.0304 - precision: 0.7719 - recall: 0.9884
[1m 9/17[0m [32m━━━━━━━━━━[0m[37m━━━━━━━━━━[0m [1m16s[0m 2s/step - accuracy: 0.8909 - auc: 0.9425 - loss: 0.0310 - precision: 0.7639 - recall: 0.9828
[1m10/17[0m [32m━━━━━━━━━━━[0m[37m━━━━━━━━━[0m [1m14s[0m 2s/step - accuracy: 0.8856 - auc: 0.9391 - loss: 0.0316 - precision: 0.7562 - recall: 0.9789
[1m11/17[0m [32m━━━━━━━━━━━━[0m[37m━━━━━━━━[0m [1m12s[0m 2s/step - accuracy: 0.8810 - auc: 0.9361 - loss: 0.0321 - precision: 0.7490 - recall: 0.9761
[1m12/17[0m [32m━━━━━━━━━━━━━━[0m[37m━━━━━━[0m [1m10s[0m 2s/step - accuracy: 0.8777 - auc: 0.9340 - loss: 0.0325 - precision: 0.7437 - recall: 0.9741
[1m13/17[0m [32m━━━━━━━━━━━━━━━[0m[37m━━━━━[0m [1m8s[0m 2s/step - accuracy: 0.8753 - auc: 0.9323 - loss: 0.0329 - precision: 0.7402 - recall: 0.9722 
[1m14/17[0m [32m━━━━━━━━━━━━━━━━[0m[37m━━━━[0m [1m6s[0m 2s/step - accuracy: 0.8732 - auc: 0.9308 - loss: 0.0332 - precision: 0.7372 - recall: 0.9709
[1m15/17[0m [32m━━━━━━━━━━━━━━━━━[0m[37m━━━[0m [1m4s[0m 2s/step - accuracy: 0.8709 - auc: 0.9292 - loss: 0.0334 - precision: 0.7335 - recall: 0.9694
[1m16/17[0m [32m━━━━━━━━━━━━━━━━━━[0m[37m━━[0m [1m2s[0m 2s/step - accuracy: 0.8689 - auc: 0.9280 - loss: 0.0337 - precision: 0.7300 - recall: 0.9683
[1m17/17[0m [32m━━━━━━━━━━━━━━━━━━━━[0m[37m[0m [1m0s[0m 2s/step - accuracy: 0.8670 - auc: 0.9269 - loss: 0.0339 - precision: 0.7268 - recall: 0.9671
Epoch 25: val_recall did not improve from 1.00000

[1m17/17[0m [32m━━━━━━━━━━━━━━━━━━━━[0m[37m[0m [1m36s[0m 2s/step - accuracy: 0.8365 - auc: 0.9089 - loss: 0.0372 - precision: 0.6763 - recall: 0.9477 - val_accuracy: 0.3233 - val_auc: 0.8879 - val_loss: 0.0667 - val_precision: 0.3233 - val_recall: 1.0000 - learning_rate: 1.0000e-04
Epoch 26/80

[1m 1/17[0m [32m━[0m[37m━━━━━━━━━━━━━━━━━━━[0m [1m1:51[0m 7s/step - accuracy: 0.9375 - auc: 0.9773 - loss: 0.0244 - precision: 0.8333 - recall: 1.0000
[1m 2/17[0m [32m━━[0m[37m━━━━━━━━━━━━━━━━━━[0m [1m44s[0m 3s/step - accuracy: 0.9297 - auc: 0.9644 - loss: 0.0272 - precision: 0.8258 - recall: 0.9737 
[1m 3/17[0m [32m━━━[0m[37m━━━━━━━━━━━━━━━━━[0m [1m36s[0m 3s/step - accuracy: 0.9184 - auc: 0.9574 - loss: 0.0291 - precision: 0.8155 - recall: 0.9623
[1m 4/17[0m [32m━━━━[0m[37m━━━━━━━━━━━━━━━━[0m [1m31s[0m 2s/step - accuracy: 0.9173 - auc: 0.9567 - loss: 0.0297 - precision: 0.8191 - recall: 0.9608
[1m 5/17[0m [32m━━━━━[0m[37m━━━━━━━━━━━━━━━[0m [1m28s[0m 2s/step - accuracy: 0.9164 - auc: 0.9564 - loss: 0.0300 - precision: 0.8195 - recall: 0.9616
[1m 6/17[0m [32m━━━━━━━[0m[37m━━━━━━━━━━━━━[0m [1m25s[0m 2s/step - accuracy: 0.9112 - auc: 0.9539 - loss: 0.0306 - precision: 0.8130 - recall: 0.9582
[1m 7/17[0m [32m━━━━━━━━[0m[37m━━━━━━━━━━━━[0m [1m23s[0m 2s/step - accuracy: 0.9048 - auc: 0.9511 - loss: 0.0312 - precision: 0.8006 - recall: 0.9564
[1m 8/17[0m [32m━━━━━━━━━[0m[37m━━━━━━━━━━━[0m [1m21s[0m 2s/step - accuracy: 0.8991 - auc: 0.9474 - loss: 0.0319 - precision: 0.7900 - recall: 0.9543
[1m 9/17[0m [32m━━━━━━━━━━[0m[37m━━━━━━━━━━[0m [1m18s[0m 2s/step - accuracy: 0.8933 - auc: 0.9440 - loss: 0.0327 - precision: 0.7817 - recall: 0.9491
[1m10/17[0m [32m━━━━━━━━━━━[0m[37m━━━━━━━━━[0m [1m15s[0m 2s/step - accuracy: 0.8880 - auc: 0.9403 - loss: 0.0333 - precision: 0.7735 - recall: 0.9457
[1m11/17[0m [32m━━━━━━━━━━━━[0m[37m━━━━━━━━[0m [1m13s[0m 2s/step - accuracy: 0.8835 - auc: 0.9369 - loss: 0.0339 - precision: 0.7658 - recall: 0.9436
[1m12/17[0m [32m━━━━━━━━━━━━━━[0m[37m━━━━━━[0m [1m11s[0m 2s/step - accuracy: 0.8800 - auc: 0.9342 - loss: 0.0343 - precision: 0.7599 - recall: 0.9417
[1m13/17[0m [32m━━━━━━━━━━━━━━━[0m[37m━━━━━[0m [1m8s[0m 2s/step - accuracy: 0.8774 - auc: 0.9319 - loss: 0.0347 - precision: 0.7558 - recall: 0.9401 
[1m14/17[0m [32m━━━━━━━━━━━━━━━━[0m[37m━━━━[0m [1m6s[0m 2s/step - accuracy: 0.8753 - auc: 0.9300 - loss: 0.0350 - precision: 0.7525 - recall: 0.9391
[1m15/17[0m [32m━━━━━━━━━━━━━━━━━[0m[37m━━━[0m [1m4s[0m 2s/step - accuracy: 0.8730 - auc: 0.9282 - loss: 0.0353 - precision: 0.7483 - recall: 0.9385
[1m16/17[0m [32m━━━━━━━━━━━━━━━━━━[0m[37m━━[0m [1m2s[0m 2s/step - accuracy: 0.8709 - auc: 0.9267 - loss: 0.0355 - precision: 0.7442 - recall: 0.9381
[1m17/17[0m [32m━━━━━━━━━━━━━━━━━━━━[0m[37m[0m [1m0s[0m 2s/step - accuracy: 0.8687 - auc: 0.9255 - loss: 0.0357 - precision: 0.7403 - recall: 0.9377
Epoch 26: val_recall did not improve from 1.00000

[1m17/17[0m [32m━━━━━━━━━━━━━━━━━━━━[0m[37m[0m [1m43s[0m 2s/step - accuracy: 0.8346 - auc: 0.9055 - loss: 0.0384 - precision: 0.6780 - recall: 0.9302 - val_accuracy: 0.3233 - val_auc: 0.8889 - val_loss: 0.0678 - val_precision: 0.3233 - val_recall: 1.0000 - learning_rate: 1.0000e-04
Epoch 27/80

[1m 1/17[0m [32m━[0m[37m━━━━━━━━━━━━━━━━━━━[0m [1m32s[0m 2s/step - accuracy: 0.9375 - auc: 0.9705 - loss: 0.0279 - precision: 0.8333 - recall: 1.0000
[1m 2/17[0m [32m━━[0m[37m━━━━━━━━━━━━━━━━━━[0m [1m29s[0m 2s/step - accuracy: 0.9219 - auc: 0.9618 - loss: 0.0281 - precision: 0.7967 - recall: 1.0000
[1m 3/17[0m [32m━━━[0m[37m━━━━━━━━━━━━━━━━━[0m [1m26s[0m 2s/step - accuracy: 0.9097 - auc: 0.9580 - loss: 0.0289 - precision: 0.7851 - recall: 0.9899
[1m 4/17[0m [32m━━━━[0m[37m━━━━━━━━━━━━━━━━[0m [1m24s[0m 2s/step - accuracy: 0.9049 - auc: 0.9576 - loss: 0.0293 - precision: 0.7828 - recall: 0.9870
[1m 5/17[0m [32m━━━━━[0m[37m━━━━━━━━━━━━━━━[0m [1m22s[0m 2s/step - accuracy: 0.9015 - auc: 0.9573 - loss: 0.0296 - precision: 0.7796 - recall: 0.9861
[1m 6/17[0m [32m━━━━━━━[0m[37m━━━━━━━━━━━━━[0m [1m21s[0m 2s/step - accuracy: 0.8962 - auc: 0.9548 - loss: 0.0302 - precision: 0.7742 - recall: 0.9810
[1m 7/17[0m [32m━━━━━━━━[0m[37m━━━━━━━━━━━━[0m [1m19s[0m 2s/step - accuracy: 0.8900 - auc: 0.9520 - loss: 0.0307 - precision: 0.7636 - recall: 0.9779
[1m 8/17[0m [32m━━━━━━━━━[0m[37m━━━━━━━━━━━[0m [1m18s[0m 2s/step - accuracy: 0.8847 - auc: 0.9485 - loss: 0.0314 - precision: 0.7548 - recall: 0.9746
[1m 9/17[0m [32m━━━━━━━━━━[0m[37m━━━━━━━━━━[0m [1m16s[0m 2s/step - accuracy: 0.8801 - auc: 0.9446 - loss: 0.0321 - precision: 0.7487 - recall: 0.9706
[1m10/17[0m [32m━━━━━━━━━━━[0m[37m━━━━━━━━━[0m [1m14s[0m 2s/step - accuracy: 0.8759 - auc: 0.9409 - loss: 0.0327 - precision: 0.7425 - recall: 0.9679
[1m11/17[0m [32m━━━━━━━━━━━━[0m[37m━━━━━━━━[0m [1m12s[0m 2s/step - accuracy: 0.8722 - auc: 0.9376 - loss: 0.0332 - precision: 0.7366 - recall: 0.9661
[1m12/17[0m [32m━━━━━━━━━━━━━━[0m[37m━━━━━━[0m [1m10s[0m 2s/step - accuracy: 0.8694 - auc: 0.9351 - loss: 0.0336 - precision: 0.7322 - recall: 0.9643
[1m13/17[0m [32m━━━━━━━━━━━━━━━[0m[37m━━━━━[0m [1m8s[0m 2s/step - accuracy: 0.8674 - auc: 0.9332 - loss: 0.0339 - precision: 0.7295 - recall: 0.9626 
[1m14/17[0m [32m━━━━━━━━━━━━━━━━[0m[37m━━━━[0m [1m6s[0m 2s/step - accuracy: 0.8657 - auc: 0.9316 - loss: 0.0341 - precision: 0.7271 - recall: 0.9615
[1m15/17[0m [32m━━━━━━━━━━━━━━━━━[0m[37m━━━[0m [1m4s[0m 2s/step - accuracy: 0.8640 - auc: 0.9302 - loss: 0.0343 - precision: 0.7241 - recall: 0.9606
[1m16/17[0m [32m━━━━━━━━━━━━━━━━━━[0m[37m━━[0m [1m2s[0m 2s/step - accuracy: 0.8622 - auc: 0.9292 - loss: 0.0345 - precision: 0.7209 - recall: 0.9600
[1m17/17[0m [32m━━━━━━━━━━━━━━━━━━━━[0m[37m[0m [1m0s[0m 2s/step - accuracy: 0.8606 - auc: 0.9282 - loss: 0.0346 - precision: 0.7182 - recall: 0.9593
Epoch 27: val_recall did not improve from 1.00000

[1m17/17[0m [32m━━━━━━━━━━━━━━━━━━━━[0m[37m[0m [1m38s[0m 2s/step - accuracy: 0.8346 - auc: 0.9129 - loss: 0.0368 - precision: 0.6736 - recall: 0.9477 - val_accuracy: 0.3233 - val_auc: 0.8871 - val_loss: 0.0688 - val_precision: 0.3233 - val_recall: 1.0000 - learning_rate: 1.0000e-04
Epoch 28/80

[1m 1/17[0m [32m━[0m[37m━━━━━━━━━━━━━━━━━━━[0m [1m36s[0m 2s/step - accuracy: 0.9062 - auc: 0.9636 - loss: 0.0299 - precision: 0.7692 - recall: 1.0000
[1m 2/17[0m [32m━━[0m[37m━━━━━━━━━━━━━━━━━━[0m [1m32s[0m 2s/step - accuracy: 0.8828 - auc: 0.9567 - loss: 0.0304 - precision: 0.7308 - recall: 0.9737
[1m 3/17[0m [32m━━━[0m[37m━━━━━━━━━━━━━━━━━[0m [1m31s[0m 2s/step - accuracy: 0.8733 - auc: 0.9512 - loss: 0.0314 - precision: 0.7275 - recall: 0.9623
[1m 4/17[0m [32m━━━━[0m[37m━━━━━━━━━━━━━━━━[0m [1m29s[0m 2s/step - accuracy: 0.8698 - auc: 0.9509 - loss: 0.0317 - precision: 0.7290 - recall: 0.9608
[1m 5/17[0m [32m━━━━━[0m[37m━━━━━━━━━━━━━━━[0m [1m26s[0m 2s/step - accuracy: 0.8683 - auc: 0.9503 - loss: 0.0319 - precision: 0.7298 - recall: 0.9616
[1m 6/17[0m [32m━━━━━━━[0m[37m━━━━━━━━━━━━━[0m [1m24s[0m 2s/step - accuracy: 0.8668 - auc: 0.9487 - loss: 0.0322 - precision: 0.7291 - recall: 0.9631
[1m 7/17[0m [32m━━━━━━━━[0m[37m━━━━━━━━━━━━[0m [1m22s[0m 2s/step - accuracy: 0.8642 - auc: 0.9471 - loss: 0.0325 - precision: 0.7234 - recall: 0.9645
[1m 8/17[0m [32m━━━━━━━━━[0m[37m━━━━━━━━━━━[0m [1m21s[0m 2s/step - accuracy: 0.8621 - auc: 0.9445 - loss: 0.0329 - precision: 0.7188 - recall: 0.9659
[1m 9/17[0m [32m━━━━━━━━━━[0m[37m━━━━━━━━━━[0m [1m18s[0m 2s/step - accuracy: 0.8593 - auc: 0.9418 - loss: 0.0333 - precision: 0.7155 - recall: 0.9628
[1m10/17[0m [32m━━━━━━━━━━━[0m[37m━━━━━━━━━[0m [1m16s[0m 2s/step - accuracy: 0.8559 - auc: 0.9383 - loss: 0.0338 - precision: 0.7108 - recall: 0.9609
[1m11/17[0m [32m━━━━━━━━━━━━[0m[37m━━━━━━━━[0m [1m13s[0m 2s/step - accuracy: 0.8527 - auc: 0.9353 - loss: 0.0342 - precision: 0.7061 - recall: 0.9590
[1m12/17[0m [32m━━━━━━━━━━━━━━[0m[37m━━━━━━[0m [1m11s[0m 2s/step - accuracy: 0.8509 - auc: 0.9331 - loss: 0.0344 - precision: 0.7033 - recall: 0.9577
[1m13/17[0m [32m━━━━━━━━━━━━━━━[0m[37m━━━━━[0m [1m9s[0m 2s/step - accuracy: 0.8498 - auc: 0.9313 - loss: 0.0346 - precision: 0.7019 - recall: 0.9566 
[1m14/17[0m [32m━━━━━━━━━━━━━━━━[0m[37m━━━━[0m [1m6s[0m 2s/step - accuracy: 0.8487 - auc: 0.9298 - loss: 0.0348 - precision: 0.7007 - recall: 0.9554
[1m15/17[0m [32m━━━━━━━━━━━━━━━━━[0m[37m━━━[0m [1m4s[0m 2s/step - accuracy: 0.8475 - auc: 0.9281 - loss: 0.0350 - precision: 0.6988 - recall: 0.9541
[1m16/17[0m [32m━━━━━━━━━━━━━━━━━━[0m[37m━━[0m [1m2s[0m 2s/step - accuracy: 0.8464 - auc: 0.9269 - loss: 0.0352 - precision: 0.6969 - recall: 0.9532
[1m17/17[0m [32m━━━━━━━━━━━━━━━━━━━━[0m[37m[0m [1m0s[0m 2s/step - accuracy: 0.8455 - auc: 0.9258 - loss: 0.0353 - precision: 0.6954 - recall: 0.9522
Epoch 28: val_recall did not improve from 1.00000

[1m17/17[0m [32m━━━━━━━━━━━━━━━━━━━━[0m[37m[0m [1m40s[0m 2s/step - accuracy: 0.8308 - auc: 0.9082 - loss: 0.0373 - precision: 0.6708 - recall: 0.9360 - val_accuracy: 0.3609 - val_auc: 0.8984 - val_loss: 0.0638 - val_precision: 0.3359 - val_recall: 1.0000 - learning_rate: 1.0000e-04
Epoch 29/80

[1m 1/17[0m [32m━[0m[37m━━━━━━━━━━━━━━━━━━━[0m [1m39s[0m 2s/step - accuracy: 0.8750 - auc: 0.9932 - loss: 0.0245 - precision: 0.7143 - recall: 1.0000
[1m 2/17[0m [32m━━[0m[37m━━━━━━━━━━━━━━━━━━[0m [1m38s[0m 3s/step - accuracy: 0.8750 - auc: 0.9808 - loss: 0.0249 - precision: 0.7090 - recall: 1.0000
[1m 3/17[0m [32m━━━[0m[37m━━━━━━━━━━━━━━━━━[0m [1m32s[0m 2s/step - accuracy: 0.8715 - auc: 0.9692 - loss: 0.0272 - precision: 0.7151 - recall: 0.9899
[1m 4/17[0m [32m━━━━[0m[37m━━━━━━━━━━━━━━━━[0m [1m28s[0m 2s/step - accuracy: 0.8763 - auc: 0.9659 - loss: 0.0282 - precision: 0.7303 - recall: 0.9870
[1m 5/17[0m [32m━━━━━[0m[37m━━━━━━━━━━━━━━━[0m [1m25s[0m 2s/step - accuracy: 0.8798 - auc: 0.9638 - loss: 0.0287 - precision: 0.7398 - recall: 0.9861
[1m 6/17[0m [32m━━━━━━━[0m[37m━━━━━━━━━━━━━[0m [1m22s[0m 2s/step - accuracy: 0.8799 - auc: 0.9609 - loss: 0.0293 - precision: 0.7429 - recall: 0.9835
[1m 7/17[0m [32m━━━━━━━━[0m[37m━━━━━━━━━━━━[0m [1m19s[0m 2s/step - accuracy: 0.8773 - auc: 0.9579 - loss: 0.0299 - precision: 0.7382 - recall: 0.9819
[1m 8/17[0m [32m━━━━━━━━━[0m[37m━━━━━━━━━━━[0m [1m18s[0m 2s/step - accuracy: 0.8745 - auc: 0.9541 - loss: 0.0306 - precision: 0.7332 - recall: 0.9812
[1m 9/17[0m [32m━━━━━━━━━━[0m[37m━━━━━━━━━━[0m [1m16s[0m 2s/step - accuracy: 0.8719 - auc: 0.9503 - loss: 0.0313 - precision: 0.7300 - recall: 0.9787
[1m10/17[0m [32m━━━━━━━━━━━[0m[37m━━━━━━━━━[0m [1m14s[0m 2s/step - accuracy: 0.8688 - auc: 0.9464 - loss: 0.0320 - precision: 0.7260 - recall: 0.9762
[1m11/17[0m [32m━━━━━━━━━━━━[0m[37m━━━━━━━━[0m [1m11s[0m 2s/step - accuracy: 0.8660 - auc: 0.9431 - loss: 0.0325 - precision: 0.7217 - recall: 0.9744
[1m12/17[0m [32m━━━━━━━━━━━━━━[0m[37m━━━━━━[0m [1m9s[0m 2s/step - accuracy: 0.8641 - auc: 0.9406 - loss: 0.0329 - precision: 0.7188 - recall: 0.9732 
[1m13/17[0m [32m━━━━━━━━━━━━━━━[0m[37m━━━━━[0m [1m7s[0m 2s/step - accuracy: 0.8627 - auc: 0.9384 - loss: 0.0333 - precision: 0.7173 - recall: 0.9714
[1m14/17[0m [32m━━━━━━━━━━━━━━━━[0m[37m━━━━[0m [1m5s[0m 2s/step - accuracy: 0.8614 - auc: 0.9364 - loss: 0.0336 - precision: 0.7158 - recall: 0.9696
[1m15/17[0m [32m━━━━━━━━━━━━━━━━━[0m[37m━━━[0m [1m3s[0m 2s/step - accuracy: 0.8598 - auc: 0.9345 - loss: 0.0339 - precision: 0.7133 - recall: 0.9682
[1m16/17[0m [32m━━━━━━━━━━━━━━━━━━[0m[37m━━[0m [1m1s[0m 2s/step - accuracy: 0.8582 - auc: 0.9329 - loss: 0.0341 - precision: 0.7106 - recall: 0.9672
[1m17/17[0m [32m━━━━━━━━━━━━━━━━━━━━[0m[37m[0m [1m0s[0m 2s/step - accuracy: 0.8568 - auc: 0.9315 - loss: 0.0343 - precision: 0.7084 - recall: 0.9664
Epoch 29: val_recall did not improve from 1.00000

[1m17/17[0m [32m━━━━━━━━━━━━━━━━━━━━[0m[37m[0m [1m36s[0m 2s/step - accuracy: 0.8346 - auc: 0.9096 - loss: 0.0373 - precision: 0.6721 - recall: 0.9535 - val_accuracy: 0.3233 - val_auc: 0.8994 - val_loss: 0.0666 - val_precision: 0.3233 - val_recall: 1.0000 - learning_rate: 1.0000e-04
Epoch 30/80

[1m 1/17[0m [32m━[0m[37m━━━━━━━━━━━━━━━━━━━[0m [1m1:56[0m 7s/step - accuracy: 0.9062 - auc: 0.9909 - loss: 0.0244 - precision: 0.7692 - recall: 1.0000
[1m 2/17[0m [32m━━[0m[37m━━━━━━━━━━━━━━━━━━[0m [1m28s[0m 2s/step - accuracy: 0.8984 - auc: 0.9744 - loss: 0.0262 - precision: 0.7500 - recall: 1.0000 
[1m 3/17[0m [32m━━━[0m[37m━━━━━━━━━━━━━━━━━[0m [1m26s[0m 2s/step - accuracy: 0.8941 - auc: 0.9635 - loss: 0.0279 - precision: 0.7500 - recall: 1.0000
[1m 4/17[0m [32m━━━━[0m[37m━━━━━━━━━━━━━━━━[0m [1m24s[0m 2s/step - accuracy: 0.8971 - auc: 0.9607 - loss: 0.0285 - precision: 0.7608 - recall: 1.0000
[1m 5/17[0m [32m━━━━━[0m[37m━━━━━━━━━━━━━━━[0m [1m22s[0m 2s/step - accuracy: 0.8990 - auc: 0.9585 - loss: 0.0289 - precision: 0.7670 - recall: 1.0000
[1m 6/17[0m [32m━━━━━━━[0m[37m━━━━━━━━━━━━━[0m [1m21s[0m 2s/step - accuracy: 0.8976 - auc: 0.9554 - loss: 0.0295 - precision: 0.7675 - recall: 0.9975
[1m 7/17[0m [32m━━━━━━━━[0m[37m━━━━━━━━━━━━[0m [1m19s[0m 2s/step - accuracy: 0.8956 - auc: 0.9534 - loss: 0.0298 - precision: 0.7639 - recall: 0.9959
[1m 8/17[0m [32m━━━━━━━━━[0m[37m━━━━━━━━━━━[0m [1m17s[0m 2s/step - accuracy: 0.8930 - auc: 0.9506 - loss: 0.0303 - precision: 0.7596 - recall: 0.9934
[1m 9/17[0m [32m━━━━━━━━━━[0m[37m━━━━━━━━━━[0m [1m15s[0m 2s/step - accuracy: 0.8907 - auc: 0.9478 - loss: 0.0308 - precision: 0.7568 - recall: 0.9907
[1m10/17[0m [32m━━━━━━━━━━━[0m[37m━━━━━━━━━[0m [1m13s[0m 2s/step - accuracy: 0.8875 - auc: 0.9446 - loss: 0.0313 - precision: 0.7527 - recall: 0.9879
[1m11/17[0m [32m━━━━━━━━━━━━[0m[37m━━━━━━━━[0m [1m11s[0m 2s/step - accuracy: 0.8846 - auc: 0.9416 - loss: 0.0317 - precision: 0.7481 - recall: 0.9859
[1m12/17[0m [32m━━━━━━━━━━━━━━[0m[37m━━━━━━[0m [1m9s[0m 2s/step - accuracy: 0.8825 - auc: 0.9394 - loss: 0.0320 - precision: 0.7451 - recall: 0.9837 
[1m13/17[0m [32m━━━━━━━━━━━━━━━[0m[37m━━━━━[0m [1m7s[0m 2s/step - accuracy: 0.8808 - auc: 0.9375 - loss: 0.0323 - precision: 0.7432 - recall: 0.9811
[1m14/17[0m [32m━━━━━━━━━━━━━━━━[0m[37m━━━━[0m [1m5s[0m 2s/step - accuracy: 0.8791 - auc: 0.9360 - loss: 0.0325 - precision: 0.7414 - recall: 0.9786
[1m15/17[0m [32m━━━━━━━━━━━━━━━━━[0m[37m━━━[0m [1m3s[0m 2s/step - accuracy: 0.8773 - auc: 0.9345 - loss: 0.0328 - precision: 0.7387 - recall: 0.9766
[1m16/17[0m [32m━━━━━━━━━━━━━━━━━━[0m[37m━━[0m [1m1s[0m 2s/step - accuracy: 0.8756 - auc: 0.9331 - loss: 0.0330 - precision: 0.7360 - recall: 0.9751
[1m17/17[0m [32m━━━━━━━━━━━━━━━━━━━━[0m[37m[0m [1m0s[0m 2s/step - accuracy: 0.8739 - auc: 0.9320 - loss: 0.0331 - precision: 0.7335 - recall: 0.9735
Epoch 30: val_recall did not improve from 1.00000

[1m17/17[0m [32m━━━━━━━━━━━━━━━━━━━━[0m[37m[0m [1m39s[0m 2s/step - accuracy: 0.8477 - auc: 0.9135 - loss: 0.0360 - precision: 0.6936 - recall: 0.9477 - val_accuracy: 0.3233 - val_auc: 0.8932 - val_loss: 0.0669 - val_precision: 0.3233 - val_recall: 1.0000 - learning_rate: 1.0000e-04
Epoch 31/80

[1m 1/17[0m [32m━[0m[37m━━━━━━━━━━━━━━━━━━━[0m [1m2:33[0m 10s/step - accuracy: 0.9062 - auc: 0.9864 - loss: 0.0276 - precision: 0.7692 - recall: 1.0000
[1m 2/17[0m [32m━━[0m[37m━━━━━━━━━━━━━━━━━━[0m [1m25s[0m 2s/step - accuracy: 0.9062 - auc: 0.9689 - loss: 0.0288 - precision: 0.7646 - recall: 1.0000  
[1m 3/17[0m [32m━━━[0m[37m━━━━━━━━━━━━━━━━━[0m [1m25s[0m 2s/step - accuracy: 0.9028 - auc: 0.9612 - loss: 0.0297 - precision: 0.7656 - recall: 1.0000
[1m 4/17[0m [32m━━━━[0m[37m━━━━━━━━━━━━━━━━[0m [1m24s[0m 2s/step - accuracy: 0.9017 - auc: 0.9606 - loss: 0.0298 - precision: 0.7691 - recall: 1.0000
[1m 5/17[0m [32m━━━━━[0m[37m━━━━━━━━━━━━━━━[0m [1m23s[0m 2s/step - accuracy: 0.8989 - auc: 0.9607 - loss: 0.0298 - precision: 0.7673 - recall: 1.0000
[1m 6/17[0m [32m━━━━━━━[0m[37m━━━━━━━━━━━━━[0m [1m22s[0m 2s/step - accuracy: 0.8949 - auc: 0.9591 - loss: 0.0300 - precision: 0.7626 - recall: 1.0000
[1m 7/17[0m [32m━━━━━━━━[0m[37m━━━━━━━━━━━━[0m [1m22s[0m 2s/step - accuracy: 0.8895 - auc: 0.9566 - loss: 0.0304 - precision: 0.7530 - recall: 1.0000
[1m 8/17[0m [32m━━━━━━━━━[0m[37m━━━━━━━━━━━[0m [1m21s[0m 2s/step - accuracy: 0.8843 - auc: 0.9532 - loss: 0.0309 - precision: 0.7443 - recall: 0.9985
[1m 9/17[0m [32m━━━━━━━━━━[0m[37m━━━━━━━━━━[0m [1m19s[0m 2s/step - accuracy: 0.8794 - auc: 0.9500 - loss: 0.0315 - precision: 0.7381 - recall: 0.9941
[1m10/17[0m [32m━━━━━━━━━━━[0m[37m━━━━━━━━━[0m [1m17s[0m 2s/step - accuracy: 0.8749 - auc: 0.9465 - loss: 0.0320 - precision: 0.7321 - recall: 0.9909
[1m11/17[0m [32m━━━━━━━━━━━━[0m[37m━━━━━━━━[0m [1m14s[0m 2s/step - accuracy: 0.8710 - auc: 0.9434 - loss: 0.0325 - precision: 0.7263 - recall: 0.9886
[1m12/17[0m [32m━━━━━━━━━━━━━━[0m[37m━━━━━━[0m [1m12s[0m 2s/step - accuracy: 0.8681 - auc: 0.9411 - loss: 0.0328 - precision: 0.7221 - recall: 0.9862
[1m13/17[0m [32m━━━━━━━━━━━━━━━[0m[37m━━━━━[0m [1m9s[0m 2s/step - accuracy: 0.8660 - auc: 0.9393 - loss: 0.0330 - precision: 0.7196 - recall: 0.9840 
[1m14/17[0m [32m━━━━━━━━━━━━━━━━[0m[37m━━━━[0m [1m7s[0m 2s/step - accuracy: 0.8641 - auc: 0.9374 - loss: 0.0333 - precision: 0.7173 - recall: 0.9818
[1m15/17[0m [32m━━━━━━━━━━━━━━━━━[0m[37m━━━[0m [1m4s[0m 2s/step - accuracy: 0.8623 - auc: 0.9357 - loss: 0.0335 - precision: 0.7146 - recall: 0.9800
[1m16/17[0m [32m━━━━━━━━━━━━━━━━━━[0m[37m━━[0m [1m2s[0m 2s/step - accuracy: 0.8607 - auc: 0.9344 - loss: 0.0336 - precision: 0.7120 - recall: 0.9786
[1m17/17[0m [32m━━━━━━━━━━━━━━━━━━━━[0m[37m[0m [1m0s[0m 2s/step - accuracy: 0.8592 - auc: 0.9332 - loss: 0.0338 - precision: 0.7096 - recall: 0.9771
Epoch 31: val_recall did not improve from 1.00000

[1m17/17[0m [32m━━━━━━━━━━━━━━━━━━━━[0m[37m[0m [1m47s[0m 2s/step - accuracy: 0.8346 - auc: 0.9149 - loss: 0.0361 - precision: 0.6721 - recall: 0.9535 - val_accuracy: 0.3233 - val_auc: 0.8895 - val_loss: 0.0725 - val_precision: 0.3233 - val_recall: 1.0000 - learning_rate: 1.0000e-04
Epoch 32/80

[1m 1/17[0m [32m━[0m[37m━━━━━━━━━━━━━━━━━━━[0m [1m53s[0m 3s/step - accuracy: 0.9375 - auc: 0.9909 - loss: 0.0245 - precision: 0.8333 - recall: 1.0000
[1m 2/17[0m [32m━━[0m[37m━━━━━━━━━━━━━━━━━━[0m [1m28s[0m 2s/step - accuracy: 0.9297 - auc: 0.9764 - loss: 0.0257 - precision: 0.8258 - recall: 0.9737
[1m 3/17[0m [32m━━━[0m[37m━━━━━━━━━━━━━━━━━[0m [1m26s[0m 2s/step - accuracy: 0.9184 - auc: 0.9666 - loss: 0.0273 - precision: 0.8107 - recall: 0.9724
[1m 4/17[0m [32m━━━━[0m[37m━━━━━━━━━━━━━━━━[0m [1m24s[0m 2s/step - accuracy: 0.9095 - auc: 0.9636 - loss: 0.0280 - precision: 0.8010 - recall: 0.9684
[1m 5/17[0m [32m━━━━━[0m[37m━━━━━━━━━━━━━━━[0m [1m22s[0m 2s/step - accuracy: 0.9026 - auc: 0.9617 - loss: 0.0284 - precision: 0.7915 - recall: 0.9677
[1m 6/17[0m [32m━━━━━━━[0m[37m━━━━━━━━━━━━━[0m [1m20s[0m 2s/step - accuracy: 0.8937 - auc: 0.9583 - loss: 0.0291 - precision: 0.7794 - recall: 0.9633
[1m 7/17[0m [32m━━━━━━━━[0m[37m━━━━━━━━━━━━[0m [1m18s[0m 2s/step - accuracy: 0.8859 - auc: 0.9555 - loss: 0.0296 - precision: 0.7657 - recall: 0.9607
[1m 8/17[0m [32m━━━━━━━━━[0m[37m━━━━━━━━━━━[0m [1m17s[0m 2s/step - accuracy: 0.8801 - auc: 0.9523 - loss: 0.0301 - precision: 0.7551 - recall: 0.9596
[1m 9/17[0m [32m━━━━━━━━━━[0m[37m━━━━━━━━━━[0m [1m15s[0m 2s/step - accuracy: 0.8753 - auc: 0.9494 - loss: 0.0306 - precision: 0.7478 - recall: 0.9572
[1m10/17[0m [32m━━━━━━━━━━━[0m[37m━━━━━━━━━[0m [1m13s[0m 2s/step - accuracy: 0.8703 - auc: 0.9456 - loss: 0.0312 - precision: 0.7401 - recall: 0.9549
[1m11/17[0m [32m━━━━━━━━━━━━[0m[37m━━━━━━━━[0m [1m11s[0m 2s/step - accuracy: 0.8661 - auc: 0.9420 - loss: 0.0317 - precision: 0.7331 - recall: 0.9535
[1m12/17[0m [32m━━━━━━━━━━━━━━[0m[37m━━━━━━[0m [1m9s[0m 2s/step - accuracy: 0.8631 - auc: 0.9394 - loss: 0.0321 - precision: 0.7280 - recall: 0.9527 
[1m13/17[0m [32m━━━━━━━━━━━━━━━[0m[37m━━━━━[0m [1m7s[0m 2s/step - accuracy: 0.8611 - auc: 0.9373 - loss: 0.0324 - precision: 0.7248 - recall: 0.9520
[1m14/17[0m [32m━━━━━━━━━━━━━━━━[0m[37m━━━━[0m [1m5s[0m 2s/step - accuracy: 0.8594 - auc: 0.9354 - loss: 0.0327 - precision: 0.7220 - recall: 0.9516
[1m15/17[0m [32m━━━━━━━━━━━━━━━━━[0m[37m━━━[0m [1m3s[0m 2s/step - accuracy: 0.8578 - auc: 0.9337 - loss: 0.0329 - precision: 0.7189 - recall: 0.9514
[1m16/17[0m [32m━━━━━━━━━━━━━━━━━━[0m[37m━━[0m [1m1s[0m 2s/step - accuracy: 0.8563 - auc: 0.9323 - loss: 0.0330 - precision: 0.7159 - recall: 0.9514
[1m17/17[0m [32m━━━━━━━━━━━━━━━━━━━━[0m[37m[0m [1m0s[0m 2s/step - accuracy: 0.8549 - auc: 0.9310 - loss: 0.0332 - precision: 0.7133 - recall: 0.9512
Epoch 32: val_recall did not improve from 1.00000

[1m17/17[0m [32m━━━━━━━━━━━━━━━━━━━━[0m[37m[0m [1m36s[0m 2s/step - accuracy: 0.8327 - auc: 0.9098 - loss: 0.0359 - precision: 0.6708 - recall: 0.9477 - val_accuracy: 0.4962 - val_auc: 0.8907 - val_loss: 0.0616 - val_precision: 0.3909 - val_recall: 1.0000 - learning_rate: 1.0000e-04
Epoch 33/80

[1m 1/17[0m [32m━[0m[37m━━━━━━━━━━━━━━━━━━━[0m [1m35s[0m 2s/step - accuracy: 0.9375 - auc: 0.9682 - loss: 0.0235 - precision: 0.8333 - recall: 1.0000
[1m 2/17[0m [32m━━[0m[37m━━━━━━━━━━━━━━━━━━[0m [1m27s[0m 2s/step - accuracy: 0.9297 - auc: 0.9592 - loss: 0.0249 - precision: 0.8125 - recall: 1.0000
[1m 3/17[0m [32m━━━[0m[37m━━━━━━━━━━━━━━━━━[0m [1m25s[0m 2s/step - accuracy: 0.9219 - auc: 0.9539 - loss: 0.0265 - precision: 0.8036 - recall: 1.0000
[1m 4/17[0m [32m━━━━[0m[37m━━━━━━━━━━━━━━━━[0m [1m24s[0m 2s/step - accuracy: 0.9199 - auc: 0.9534 - loss: 0.0272 - precision: 0.8044 - recall: 1.0000
[1m 5/17[0m [32m━━━━━[0m[37m━━━━━━━━━━━━━━━[0m [1m22s[0m 2s/step - accuracy: 0.9159 - auc: 0.9534 - loss: 0.0276 - precision: 0.7997 - recall: 1.0000
[1m 6/17[0m [32m━━━━━━━[0m[37m━━━━━━━━━━━━━[0m [1m20s[0m 2s/step - accuracy: 0.9109 - auc: 0.9515 - loss: 0.0283 - precision: 0.7924 - recall: 1.0000
[1m 7/17[0m [32m━━━━━━━━[0m[37m━━━━━━━━━━━━[0m [1m18s[0m 2s/step - accuracy: 0.9064 - auc: 0.9499 - loss: 0.0288 - precision: 0.7834 - recall: 1.0000
[1m 8/17[0m [32m━━━━━━━━━[0m[37m━━━━━━━━━━━[0m [1m16s[0m 2s/step - accuracy: 0.9020 - auc: 0.9471 - loss: 0.0294 - precision: 0.7754 - recall: 0.9985
[1m 9/17[0m [32m━━━━━━━━━━[0m[37m━━━━━━━━━━[0m [1m14s[0m 2s/step - accuracy: 0.8978 - auc: 0.9448 - loss: 0.0300 - precision: 0.7696 - recall: 0.9952
[1m10/17[0m [32m━━━━━━━━━━━[0m[37m━━━━━━━━━[0m [1m12s[0m 2s/step - accuracy: 0.8936 - auc: 0.9415 - loss: 0.0306 - precision: 0.7634 - recall: 0.9929
[1m11/17[0m [32m━━━━━━━━━━━━[0m[37m━━━━━━━━[0m [1m11s[0m 2s/step - accuracy: 0.8899 - auc: 0.9386 - loss: 0.0311 - precision: 0.7572 - recall: 0.9912
[1m12/17[0m [32m━━━━━━━━━━━━━━[0m[37m━━━━━━[0m [1m9s[0m 2s/step - accuracy: 0.8869 - auc: 0.9364 - loss: 0.0315 - precision: 0.7526 - recall: 0.9893 
[1m13/17[0m [32m━━━━━━━━━━━━━━━[0m[37m━━━━━[0m [1m7s[0m 2s/step - accuracy: 0.8845 - auc: 0.9345 - loss: 0.0319 - precision: 0.7494 - recall: 0.9868
[1m14/17[0m [32m━━━━━━━━━━━━━━━━[0m[37m━━━━[0m [1m5s[0m 2s/step - accuracy: 0.8822 - auc: 0.9327 - loss: 0.0323 - precision: 0.7464 - recall: 0.9844
[1m15/17[0m [32m━━━━━━━━━━━━━━━━━[0m[37m━━━[0m [1m3s[0m 2s/step - accuracy: 0.8802 - auc: 0.9311 - loss: 0.0326 - precision: 0.7433 - recall: 0.9824
[1m16/17[0m [32m━━━━━━━━━━━━━━━━━━[0m[37m━━[0m [1m1s[0m 2s/step - accuracy: 0.8783 - auc: 0.9298 - loss: 0.0328 - precision: 0.7402 - recall: 0.9809
[1m17/17[0m [32m━━━━━━━━━━━━━━━━━━━━[0m[37m[0m [1m0s[0m 2s/step - accuracy: 0.8766 - auc: 0.9288 - loss: 0.0330 - precision: 0.7375 - recall: 0.9793
Epoch 33: val_recall did not improve from 1.00000

[1m17/17[0m [32m━━━━━━━━━━━━━━━━━━━━[0m[37m[0m [1m33s[0m 2s/step - accuracy: 0.8496 - auc: 0.9117 - loss: 0.0364 - precision: 0.6949 - recall: 0.9535 - val_accuracy: 0.5038 - val_auc: 0.8921 - val_loss: 0.0606 - val_precision: 0.3945 - val_recall: 1.0000 - learning_rate: 1.0000e-04
Epoch 34/80

[1m 1/17[0m [32m━[0m[37m━━━━━━━━━━━━━━━━━━━[0m [1m28s[0m 2s/step - accuracy: 0.9375 - auc: 0.9705 - loss: 0.0240 - precision: 0.8333 - recall: 1.0000
[1m 2/17[0m [32m━━[0m[37m━━━━━━━━━━━━━━━━━━[0m [1m32s[0m 2s/step - accuracy: 0.9219 - auc: 0.9630 - loss: 0.0252 - precision: 0.8080 - recall: 0.9737
[1m 3/17[0m [32m━━━[0m[37m━━━━━━━━━━━━━━━━━[0m [1m28s[0m 2s/step - accuracy: 0.9097 - auc: 0.9552 - loss: 0.0271 - precision: 0.7926 - recall: 0.9724
[1m 4/17[0m [32m━━━━[0m[37m━━━━━━━━━━━━━━━━[0m [1m26s[0m 2s/step - accuracy: 0.9069 - auc: 0.9544 - loss: 0.0278 - precision: 0.7918 - recall: 0.9738
[1m 5/17[0m [32m━━━━━[0m[37m━━━━━━━━━━━━━━━[0m [1m24s[0m 2s/step - accuracy: 0.9018 - auc: 0.9548 - loss: 0.0281 - precision: 0.7848 - recall: 0.9756
[1m 6/17[0m [32m━━━━━━━[0m[37m━━━━━━━━━━━━━[0m [1m22s[0m 2s/step - accuracy: 0.8964 - auc: 0.9526 - loss: 0.0288 - precision: 0.7767 - recall: 0.9772
[1m 7/17[0m [32m━━━━━━━━[0m[37m━━━━━━━━━━━━[0m [1m20s[0m 2s/step - accuracy: 0.8902 - auc: 0.9505 - loss: 0.0294 - precision: 0.7647 - recall: 0.9785
[1m 8/17[0m [32m━━━━━━━━━[0m[37m━━━━━━━━━━━[0m [1m17s[0m 2s/step - accuracy: 0.8849 - auc: 0.9474 - loss: 0.0300 - precision: 0.7549 - recall: 0.9782
[1m 9/17[0m [32m━━━━━━━━━━[0m[37m━━━━━━━━━━[0m [1m15s[0m 2s/step - accuracy: 0.8803 - auc: 0.9445 - loss: 0.0306 - precision: 0.7481 - recall: 0.9760
[1m10/17[0m [32m━━━━━━━━━━━[0m[37m━━━━━━━━━[0m [1m13s[0m 2s/step - accuracy: 0.8757 - auc: 0.9412 - loss: 0.0312 - precision: 0.7413 - recall: 0.9737
[1m11/17[0m [32m━━━━━━━━━━━━[0m[37m━━━━━━━━[0m [1m11s[0m 2s/step - accuracy: 0.8718 - auc: 0.9381 - loss: 0.0318 - precision: 0.7349 - recall: 0.9722
[1m12/17[0m [32m━━━━━━━━━━━━━━[0m[37m━━━━━━[0m [1m9s[0m 2s/step - accuracy: 0.8688 - auc: 0.9358 - loss: 0.0321 - precision: 0.7302 - recall: 0.9705 
[1m13/17[0m [32m━━━━━━━━━━━━━━━[0m[37m━━━━━[0m [1m7s[0m 2s/step - accuracy: 0.8667 - auc: 0.9341 - loss: 0.0324 - precision: 0.7271 - recall: 0.9689
[1m14/17[0m [32m━━━━━━━━━━━━━━━━[0m[37m━━━━[0m [1m5s[0m 2s/step - accuracy: 0.8647 - auc: 0.9324 - loss: 0.0327 - precision: 0.7244 - recall: 0.9673
[1m15/17[0m [32m━━━━━━━━━━━━━━━━━[0m[37m━━━[0m [1m3s[0m 2s/step - accuracy: 0.8629 - auc: 0.9308 - loss: 0.0329 - precision: 0.7214 - recall: 0.9661
[1m16/17[0m [32m━━━━━━━━━━━━━━━━━━[0m[37m━━[0m [1m1s[0m 2s/step - accuracy: 0.8612 - auc: 0.9296 - loss: 0.0331 - precision: 0.7184 - recall: 0.9652
[1m17/17[0m [32m━━━━━━━━━━━━━━━━━━━━[0m[37m[0m [1m0s[0m 2s/step - accuracy: 0.8597 - auc: 0.9285 - loss: 0.0332 - precision: 0.7158 - recall: 0.9641
Epoch 34: val_recall did not improve from 1.00000

[1m17/17[0m [32m━━━━━━━━━━━━━━━━━━━━[0m[37m[0m [1m35s[0m 2s/step - accuracy: 0.8346 - auc: 0.9108 - loss: 0.0357 - precision: 0.6736 - recall: 0.9477 - val_accuracy: 0.4887 - val_auc: 0.9049 - val_loss: 0.0608 - val_precision: 0.3874 - val_recall: 1.0000 - learning_rate: 1.0000e-04
Epoch 35/80

[1m 1/17[0m [32m━[0m[37m━━━━━━━━━━━━━━━━━━━[0m [1m2:06[0m 8s/step - accuracy: 0.9375 - auc: 0.9727 - loss: 0.0251 - precision: 0.8333 - recall: 1.0000
[1m 2/17[0m [32m━━[0m[37m━━━━━━━━━━━━━━━━━━[0m [1m31s[0m 2s/step - accuracy: 0.9219 - auc: 0.9723 - loss: 0.0250 - precision: 0.8080 - recall: 0.9737 
[1m 3/17[0m [32m━━━[0m[37m━━━━━━━━━━━━━━━━━[0m [1m28s[0m 2s/step - accuracy: 0.9097 - auc: 0.9638 - loss: 0.0267 - precision: 0.7970 - recall: 0.9623
[1m 4/17[0m [32m━━━━[0m[37m━━━━━━━━━━━━━━━━[0m [1m25s[0m 2s/step - accuracy: 0.9089 - auc: 0.9630 - loss: 0.0272 - precision: 0.8014 - recall: 0.9608
[1m 5/17[0m [32m━━━━━[0m[37m━━━━━━━━━━━━━━━[0m [1m23s[0m 2s/step - accuracy: 0.9083 - auc: 0.9627 - loss: 0.0274 - precision: 0.8029 - recall: 0.9616
[1m 6/17[0m [32m━━━━━━━[0m[37m━━━━━━━━━━━━━[0m [1m21s[0m 2s/step - accuracy: 0.9045 - auc: 0.9604 - loss: 0.0280 - precision: 0.7970 - recall: 0.9631
[1m 7/17[0m [32m━━━━━━━━[0m[37m━━━━━━━━━━━━[0m [1m19s[0m 2s/step - accuracy: 0.9003 - auc: 0.9584 - loss: 0.0284 - precision: 0.7877 - recall: 0.9645
[1m 8/17[0m [32m━━━━━━━━━[0m[37m━━━━━━━━━━━[0m [1m17s[0m 2s/step - accuracy: 0.8966 - auc: 0.9552 - loss: 0.0289 - precision: 0.7796 - recall: 0.9659
[1m 9/17[0m [32m━━━━━━━━━━[0m[37m━━━━━━━━━━[0m [1m15s[0m 2s/step - accuracy: 0.8927 - auc: 0.9519 - loss: 0.0295 - precision: 0.7735 - recall: 0.9640
[1m10/17[0m [32m━━━━━━━━━━━[0m[37m━━━━━━━━━[0m [1m13s[0m 2s/step - accuracy: 0.8887 - auc: 0.9482 - loss: 0.0302 - precision: 0.7670 - recall: 0.9629
[1m11/17[0m [32m━━━━━━━━━━━━[0m[37m━━━━━━━━[0m [1m11s[0m 2s/step - accuracy: 0.8852 - auc: 0.9448 - loss: 0.0307 - precision: 0.7606 - recall: 0.9623
[1m12/17[0m [32m━━━━━━━━━━━━━━[0m[37m━━━━━━[0m [1m9s[0m 2s/step - accuracy: 0.8826 - auc: 0.9421 - loss: 0.0311 - precision: 0.7558 - recall: 0.9622 
[1m13/17[0m [32m━━━━━━━━━━━━━━━[0m[37m━━━━━[0m [1m7s[0m 2s/step - accuracy: 0.8809 - auc: 0.9400 - loss: 0.0315 - precision: 0.7528 - recall: 0.9623
[1m14/17[0m [32m━━━━━━━━━━━━━━━━[0m[37m━━━━[0m [1m5s[0m 2s/step - accuracy: 0.8794 - auc: 0.9381 - loss: 0.0318 - precision: 0.7500 - recall: 0.9626
[1m15/17[0m [32m━━━━━━━━━━━━━━━━━[0m[37m━━━[0m [1m3s[0m 2s/step - accuracy: 0.8778 - auc: 0.9362 - loss: 0.0321 - precision: 0.7469 - recall: 0.9630
[1m16/17[0m [32m━━━━━━━━━━━━━━━━━━[0m[37m━━[0m [1m1s[0m 2s/step - accuracy: 0.8763 - auc: 0.9348 - loss: 0.0323 - precision: 0.7437 - recall: 0.9634
[1m17/17[0m [32m━━━━━━━━━━━━━━━━━━━━[0m[37m[0m [1m0s[0m 2s/step - accuracy: 0.8748 - auc: 0.9335 - loss: 0.0325 - precision: 0.7408 - recall: 0.9635
Epoch 35: val_recall did not improve from 1.00000

[1m17/17[0m [32m━━━━━━━━━━━━━━━━━━━━[0m[37m[0m [1m40s[0m 2s/step - accuracy: 0.8515 - auc: 0.9129 - loss: 0.0358 - precision: 0.6946 - recall: 0.9651 - val_accuracy: 0.3233 - val_auc: 0.8995 - val_loss: 0.0664 - val_precision: 0.3233 - val_recall: 1.0000 - learning_rate: 1.0000e-04
Epoch 36/80

[1m 1/17[0m [32m━[0m[37m━━━━━━━━━━━━━━━━━━━[0m [1m2:22[0m 9s/step - accuracy: 0.9375 - auc: 0.9750 - loss: 0.0231 - precision: 0.8333 - recall: 1.0000
[1m 2/17[0m [32m━━[0m[37m━━━━━━━━━━━━━━━━━━[0m [1m28s[0m 2s/step - accuracy: 0.9219 - auc: 0.9664 - loss: 0.0243 - precision: 0.8080 - recall: 0.9737 
[1m 3/17[0m [32m━━━[0m[37m━━━━━━━━━━━━━━━━━[0m [1m26s[0m 2s/step - accuracy: 0.9132 - auc: 0.9620 - loss: 0.0256 - precision: 0.7988 - recall: 0.9724
[1m 4/17[0m [32m━━━━[0m[37m━━━━━━━━━━━━━━━━[0m [1m24s[0m 2s/step - accuracy: 0.9134 - auc: 0.9614 - loss: 0.0264 - precision: 0.8037 - recall: 0.9738
[1m 5/17[0m [32m━━━━━[0m[37m━━━━━━━━━━━━━━━[0m [1m22s[0m 2s/step - accuracy: 0.9107 - auc: 0.9608 - loss: 0.0269 - precision: 0.8007 - recall: 0.9756
[1m 6/17[0m [32m━━━━━━━[0m[37m━━━━━━━━━━━━━[0m [1m20s[0m 2s/step - accuracy: 0.9056 - auc: 0.9594 - loss: 0.0274 - precision: 0.7927 - recall: 0.9772
[1m 7/17[0m [32m━━━━━━━━[0m[37m━━━━━━━━━━━━[0m [1m18s[0m 2s/step - accuracy: 0.8994 - auc: 0.9573 - loss: 0.0279 - precision: 0.7803 - recall: 0.9785
[1m 8/17[0m [32m━━━━━━━━━[0m[37m━━━━━━━━━━━[0m [1m16s[0m 2s/step - accuracy: 0.8944 - auc: 0.9547 - loss: 0.0284 - precision: 0.7704 - recall: 0.9797
[1m 9/17[0m [32m━━━━━━━━━━[0m[37m━━━━━━━━━━[0m [1m15s[0m 2s/step - accuracy: 0.8903 - auc: 0.9519 - loss: 0.0289 - precision: 0.7635 - recall: 0.9796
[1m10/17[0m [32m━━━━━━━━━━━[0m[37m━━━━━━━━━[0m [1m13s[0m 2s/step - accuracy: 0.8859 - auc: 0.9482 - loss: 0.0295 - precision: 0.7563 - recall: 0.9798
[1m11/17[0m [32m━━━━━━━━━━━━[0m[37m━━━━━━━━[0m [1m11s[0m 2s/step - accuracy: 0.8821 - auc: 0.9448 - loss: 0.0301 - precision: 0.7494 - recall: 0.9801
[1m12/17[0m [32m━━━━━━━━━━━━━━[0m[37m━━━━━━[0m [1m9s[0m 2s/step - accuracy: 0.8796 - auc: 0.9423 - loss: 0.0304 - precision: 0.7447 - recall: 0.9804 
[1m13/17[0m [32m━━━━━━━━━━━━━━━[0m[37m━━━━━[0m [1m7s[0m 2s/step - accuracy: 0.8779 - auc: 0.9403 - loss: 0.0308 - precision: 0.7417 - recall: 0.9808
[1m14/17[0m [32m━━━━━━━━━━━━━━━━[0m[37m━━━━[0m [1m5s[0m 2s/step - accuracy: 0.8764 - auc: 0.9382 - loss: 0.0311 - precision: 0.7391 - recall: 0.9812
[1m15/17[0m [32m━━━━━━━━━━━━━━━━━[0m[37m━━━[0m [1m3s[0m 2s/step - accuracy: 0.8751 - auc: 0.9363 - loss: 0.0313 - precision: 0.7363 - recall: 0.9816
[1m16/17[0m [32m━━━━━━━━━━━━━━━━━━[0m[37m━━[0m [1m1s[0m 2s/step - accuracy: 0.8737 - auc: 0.9349 - loss: 0.0315 - precision: 0.7334 - recall: 0.9820
[1m17/17[0m [32m━━━━━━━━━━━━━━━━━━━━[0m[37m[0m [1m0s[0m 2s/step - accuracy: 0.8724 - auc: 0.9336 - loss: 0.0317 - precision: 0.7308 - recall: 0.9820
Epoch 36: val_recall did not improve from 1.00000

[1m17/17[0m [32m━━━━━━━━━━━━━━━━━━━━[0m[37m[0m [1m40s[0m 2s/step - accuracy: 0.8515 - auc: 0.9127 - loss: 0.0350 - precision: 0.6898 - recall: 0.9826 - val_accuracy: 0.3233 - val_auc: 0.8669 - val_loss: 0.0896 - val_precision: 0.3233 - val_recall: 1.0000 - learning_rate: 1.0000e-04
Epoch 37/80

[1m 1/17[0m [32m━[0m[37m━━━━━━━━━━━━━━━━━━━[0m [1m2:49[0m 11s/step - accuracy: 0.9375 - auc: 0.9818 - loss: 0.0229 - precision: 0.8333 - recall: 1.0000
[1m 2/17[0m [32m━━[0m[37m━━━━━━━━━━━━━━━━━━[0m [1m32s[0m 2s/step - accuracy: 0.9297 - auc: 0.9792 - loss: 0.0226 - precision: 0.8125 - recall: 1.0000  
[1m 3/17[0m [32m━━━[0m[37m━━━━━━━━━━━━━━━━━[0m [1m28s[0m 2s/step - accuracy: 0.9184 - auc: 0.9737 - loss: 0.0238 - precision: 0.7975 - recall: 1.0000
[1m 4/17[0m [32m━━━━[0m[37m━━━━━━━━━━━━━━━━[0m [1m26s[0m 2s/step - accuracy: 0.9154 - auc: 0.9729 - loss: 0.0245 - precision: 0.7964 - recall: 1.0000
[1m 5/17[0m [32m━━━━━[0m[37m━━━━━━━━━━━━━━━[0m [1m25s[0m 2s/step - accuracy: 0.9110 - auc: 0.9724 - loss: 0.0249 - precision: 0.7912 - recall: 1.0000
[1m 6/17[0m [32m━━━━━━━[0m[37m━━━━━━━━━━━━━[0m [1m22s[0m 2s/step - accuracy: 0.9059 - auc: 0.9715 - loss: 0.0253 - precision: 0.7838 - recall: 1.0000
[1m 7/17[0m [32m━━━━━━━━[0m[37m━━━━━━━━━━━━[0m [1m20s[0m 2s/step - accuracy: 0.9002 - auc: 0.9697 - loss: 0.0258 - precision: 0.7731 - recall: 1.0000
[1m 8/17[0m [32m━━━━━━━━━[0m[37m━━━━━━━━━━━[0m [1m18s[0m 2s/step - accuracy: 0.8956 - auc: 0.9666 - loss: 0.0264 - precision: 0.7644 - recall: 1.0000
[1m 9/17[0m [32m━━━━━━━━━━[0m[37m━━━━━━━━━━[0m [1m16s[0m 2s/step - accuracy: 0.8914 - auc: 0.9633 - loss: 0.0270 - precision: 0.7582 - recall: 0.9977
[1m10/17[0m [32m━━━━━━━━━━━[0m[37m━━━━━━━━━[0m [1m14s[0m 2s/step - accuracy: 0.8872 - auc: 0.9595 - loss: 0.0277 - precision: 0.7520 - recall: 0.9961
[1m11/17[0m [32m━━━━━━━━━━━━[0m[37m━━━━━━━━[0m [1m12s[0m 2s/step - accuracy: 0.8835 - auc: 0.9558 - loss: 0.0284 - precision: 0.7459 - recall: 0.9948
[1m12/17[0m [32m━━━━━━━━━━━━━━[0m[37m━━━━━━[0m [1m10s[0m 2s/step - accuracy: 0.8809 - auc: 0.9527 - loss: 0.0289 - precision: 0.7414 - recall: 0.9940
[1m13/17[0m [32m━━━━━━━━━━━━━━━[0m[37m━━━━━[0m [1m8s[0m 2s/step - accuracy: 0.8789 - auc: 0.9501 - loss: 0.0293 - precision: 0.7386 - recall: 0.9928 
[1m14/17[0m [32m━━━━━━━━━━━━━━━━[0m[37m━━━━[0m [1m6s[0m 2s/step - accuracy: 0.8771 - auc: 0.9477 - loss: 0.0296 - precision: 0.7360 - recall: 0.9914
[1m15/17[0m [32m━━━━━━━━━━━━━━━━━[0m[37m━━━[0m [1m4s[0m 2s/step - accuracy: 0.8751 - auc: 0.9456 - loss: 0.0299 - precision: 0.7328 - recall: 0.9902
[1m16/17[0m [32m━━━━━━━━━━━━━━━━━━[0m[37m━━[0m [1m2s[0m 2s/step - accuracy: 0.8733 - auc: 0.9438 - loss: 0.0302 - precision: 0.7296 - recall: 0.9893
[1m17/17[0m [32m━━━━━━━━━━━━━━━━━━━━[0m[37m[0m [1m0s[0m 2s/step - accuracy: 0.8717 - auc: 0.9422 - loss: 0.0304 - precision: 0.7269 - recall: 0.9882
Epoch 37: val_recall did not improve from 1.00000

[1m17/17[0m [32m━━━━━━━━━━━━━━━━━━━━[0m[37m[0m [1m48s[0m 2s/step - accuracy: 0.8459 - auc: 0.9171 - loss: 0.0342 - precision: 0.6844 - recall: 0.9709 - val_accuracy: 0.3233 - val_auc: 0.8442 - val_loss: 0.1050 - val_precision: 0.3233 - val_recall: 1.0000 - learning_rate: 1.0000e-04
Epoch 38/80

[1m 1/17[0m [32m━[0m[37m━━━━━━━━━━━━━━━━━━━[0m [1m33s[0m 2s/step - accuracy: 0.9375 - auc: 0.9773 - loss: 0.0220 - precision: 0.8333 - recall: 1.0000
[1m 2/17[0m [32m━━[0m[37m━━━━━━━━━━━━━━━━━━[0m [1m29s[0m 2s/step - accuracy: 0.9219 - auc: 0.9764 - loss: 0.0225 - precision: 0.8080 - recall: 0.9737
[1m 3/17[0m [32m━━━[0m[37m━━━━━━━━━━━━━━━━━[0m [1m27s[0m 2s/step - accuracy: 0.9132 - auc: 0.9697 - loss: 0.0240 - precision: 0.7988 - recall: 0.9724
[1m 4/17[0m [32m━━━━[0m[37m━━━━━━━━━━━━━━━━[0m [1m25s[0m 2s/step - accuracy: 0.9134 - auc: 0.9683 - loss: 0.0247 - precision: 0.8037 - recall: 0.9738
[1m 5/17[0m [32m━━━━━[0m[37m━━━━━━━━━━━━━━━[0m [1m24s[0m 2s/step - accuracy: 0.9120 - auc: 0.9664 - loss: 0.0254 - precision: 0.8029 - recall: 0.9756
[1m 6/17[0m [32m━━━━━━━[0m[37m━━━━━━━━━━━━━[0m [1m22s[0m 2s/step - accuracy: 0.9084 - auc: 0.9631 - loss: 0.0262 - precision: 0.7985 - recall: 0.9747
[1m 7/17[0m [32m━━━━━━━━[0m[37m━━━━━━━━━━━━[0m [1m20s[0m 2s/step - accuracy: 0.9036 - auc: 0.9607 - loss: 0.0268 - precision: 0.7897 - recall: 0.9725
[1m 8/17[0m [32m━━━━━━━━━[0m[37m━━━━━━━━━━━[0m [1m18s[0m 2s/step - accuracy: 0.8996 - auc: 0.9575 - loss: 0.0274 - precision: 0.7819 - recall: 0.9714
[1m 9/17[0m [32m━━━━━━━━━━[0m[37m━━━━━━━━━━[0m [1m16s[0m 2s/step - accuracy: 0.8953 - auc: 0.9545 - loss: 0.0280 - precision: 0.7759 - recall: 0.9677
[1m10/17[0m [32m━━━━━━━━━━━[0m[37m━━━━━━━━━[0m [1m13s[0m 2s/step - accuracy: 0.8911 - auc: 0.9507 - loss: 0.0288 - precision: 0.7694 - recall: 0.9653
[1m11/17[0m [32m━━━━━━━━━━━━[0m[37m━━━━━━━━[0m [1m12s[0m 2s/step - accuracy: 0.8873 - auc: 0.9468 - loss: 0.0294 - precision: 0.7630 - recall: 0.9637
[1m12/17[0m [32m━━━━━━━━━━━━━━[0m[37m━━━━━━[0m [1m10s[0m 2s/step - accuracy: 0.8845 - auc: 0.9438 - loss: 0.0299 - precision: 0.7583 - recall: 0.9628
[1m13/17[0m [32m━━━━━━━━━━━━━━━[0m[37m━━━━━[0m [1m8s[0m 2s/step - accuracy: 0.8825 - auc: 0.9413 - loss: 0.0304 - precision: 0.7551 - recall: 0.9618 
[1m14/17[0m [32m━━━━━━━━━━━━━━━━[0m[37m━━━━[0m [1m6s[0m 2s/step - accuracy: 0.8805 - auc: 0.9389 - loss: 0.0308 - precision: 0.7521 - recall: 0.9607
[1m15/17[0m [32m━━━━━━━━━━━━━━━━━[0m[37m━━━[0m [1m4s[0m 2s/step - accuracy: 0.8786 - auc: 0.9370 - loss: 0.0311 - precision: 0.7488 - recall: 0.9599
[1m16/17[0m [32m━━━━━━━━━━━━━━━━━━[0m[37m━━[0m [1m2s[0m 2s/step - accuracy: 0.8768 - auc: 0.9356 - loss: 0.0313 - precision: 0.7454 - recall: 0.9594
[1m17/17[0m [32m━━━━━━━━━━━━━━━━━━━━[0m[37m[0m [1m0s[0m 2s/step - accuracy: 0.8751 - auc: 0.9343 - loss: 0.0315 - precision: 0.7423 - recall: 0.9587
Epoch 38: ReduceLROnPlateau reducing learning rate to 4.999999873689376e-05.

Epoch 38: val_recall did not improve from 1.00000

[1m17/17[0m [32m━━━━━━━━━━━━━━━━━━━━[0m[37m[0m [1m35s[0m 2s/step - accuracy: 0.8477 - auc: 0.9137 - loss: 0.0350 - precision: 0.6936 - recall: 0.9477 - val_accuracy: 0.3233 - val_auc: 0.8165 - val_loss: 0.1195 - val_precision: 0.3233 - val_recall: 1.0000 - learning_rate: 1.0000e-04
Epoch 39/80

[1m 1/17[0m [32m━[0m[37m━━━━━━━━━━━━━━━━━━━[0m [1m2:02[0m 8s/step - accuracy: 0.9375 - auc: 0.9818 - loss: 0.0231 - precision: 0.8333 - recall: 1.0000
[1m 2/17[0m [32m━━[0m[37m━━━━━━━━━━━━━━━━━━[0m [1m27s[0m 2s/step - accuracy: 0.9297 - auc: 0.9731 - loss: 0.0234 - precision: 0.8125 - recall: 1.0000 
[1m 3/17[0m [32m━━━[0m[37m━━━━━━━━━━━━━━━━━[0m [1m26s[0m 2s/step - accuracy: 0.9219 - auc: 0.9606 - loss: 0.0257 - precision: 0.8036 - recall: 1.0000
[1m 4/17[0m [32m━━━━[0m[37m━━━━━━━━━━━━━━━━[0m [1m25s[0m 2s/step - accuracy: 0.9219 - auc: 0.9577 - loss: 0.0267 - precision: 0.8080 - recall: 1.0000
[1m 5/17[0m [32m━━━━━[0m[37m━━━━━━━━━━━━━━━[0m [1m23s[0m 2s/step - accuracy: 0.9187 - auc: 0.9560 - loss: 0.0272 - precision: 0.8048 - recall: 1.0000
[1m 6/17[0m [32m━━━━━━━[0m[37m━━━━━━━━━━━━━[0m [1m21s[0m 2s/step - accuracy: 0.9141 - auc: 0.9534 - loss: 0.0279 - precision: 0.7980 - recall: 1.0000
[1m 7/17[0m [32m━━━━━━━━[0m[37m━━━━━━━━━━━━[0m [1m19s[0m 2s/step - accuracy: 0.9091 - auc: 0.9508 - loss: 0.0284 - precision: 0.7883 - recall: 1.0000
[1m 8/17[0m [32m━━━━━━━━━[0m[37m━━━━━━━━━━━[0m [1m17s[0m 2s/step - accuracy: 0.9044 - auc: 0.9476 - loss: 0.0290 - precision: 0.7792 - recall: 1.0000
[1m 9/17[0m [32m━━━━━━━━━━[0m[37m━━━━━━━━━━[0m [1m15s[0m 2s/step - accuracy: 0.9003 - auc: 0.9452 - loss: 0.0295 - precision: 0.7724 - recall: 1.0000
[1m10/17[0m [32m━━━━━━━━━━━[0m[37m━━━━━━━━━[0m [1m14s[0m 2s/step - accuracy: 0.8962 - auc: 0.9420 - loss: 0.0300 - precision: 0.7656 - recall: 1.0000
[1m11/17[0m [32m━━━━━━━━━━━━[0m[37m━━━━━━━━[0m [1m12s[0m 2s/step - accuracy: 0.8925 - auc: 0.9392 - loss: 0.0304 - precision: 0.7590 - recall: 1.0000
[1m12/17[0m [32m━━━━━━━━━━━━━━[0m[37m━━━━━━[0m [1m9s[0m 2s/step - accuracy: 0.8900 - auc: 0.9373 - loss: 0.0307 - precision: 0.7544 - recall: 1.0000 
[1m13/17[0m [32m━━━━━━━━━━━━━━━[0m[37m━━━━━[0m [1m7s[0m 2s/step - accuracy: 0.8881 - auc: 0.9358 - loss: 0.0309 - precision: 0.7513 - recall: 0.9994
[1m14/17[0m [32m━━━━━━━━━━━━━━━━[0m[37m━━━━[0m [1m5s[0m 2s/step - accuracy: 0.8863 - auc: 0.9344 - loss: 0.0311 - precision: 0.7486 - recall: 0.9990
[1m15/17[0m [32m━━━━━━━━━━━━━━━━━[0m[37m━━━[0m [1m3s[0m 2s/step - accuracy: 0.8846 - auc: 0.9331 - loss: 0.0313 - precision: 0.7455 - recall: 0.9986
[1m16/17[0m [32m━━━━━━━━━━━━━━━━━━[0m[37m━━[0m [1m1s[0m 2s/step - accuracy: 0.8829 - auc: 0.9321 - loss: 0.0314 - precision: 0.7423 - recall: 0.9984
[1m17/17[0m [32m━━━━━━━━━━━━━━━━━━━━[0m[37m[0m [1m0s[0m 2s/step - accuracy: 0.8814 - auc: 0.9313 - loss: 0.0316 - precision: 0.7396 - recall: 0.9978
Epoch 39: val_recall did not improve from 1.00000

[1m17/17[0m [32m━━━━━━━━━━━━━━━━━━━━[0m[37m[0m [1m41s[0m 2s/step - accuracy: 0.8571 - auc: 0.9186 - loss: 0.0334 - precision: 0.6967 - recall: 0.9884 - val_accuracy: 0.3233 - val_auc: 0.8138 - val_loss: 0.1712 - val_precision: 0.3233 - val_recall: 1.0000 - learning_rate: 5.0000e-05
Epoch 40/80

[1m 1/17[0m [32m━[0m[37m━━━━━━━━━━━━━━━━━━━[0m [1m2:03[0m 8s/step - accuracy: 0.9375 - auc: 0.9864 - loss: 0.0206 - precision: 0.8333 - recall: 1.0000
[1m 2/17[0m [32m━━[0m[37m━━━━━━━━━━━━━━━━━━[0m [1m28s[0m 2s/step - accuracy: 0.9219 - auc: 0.9797 - loss: 0.0219 - precision: 0.8080 - recall: 0.9737 
[1m 3/17[0m [32m━━━[0m[37m━━━━━━━━━━━━━━━━━[0m [1m26s[0m 2s/step - accuracy: 0.9097 - auc: 0.9730 - loss: 0.0235 - precision: 0.7970 - recall: 0.9623
[1m 4/17[0m [32m━━━━[0m[37m━━━━━━━━━━━━━━━━[0m [1m24s[0m 2s/step - accuracy: 0.9089 - auc: 0.9707 - loss: 0.0244 - precision: 0.8014 - recall: 0.9608
[1m 5/17[0m [32m━━━━━[0m[37m━━━━━━━━━━━━━━━[0m [1m22s[0m 2s/step - accuracy: 0.9046 - auc: 0.9693 - loss: 0.0250 - precision: 0.7961 - recall: 0.9616
[1m 6/17[0m [32m━━━━━━━[0m[37m━━━━━━━━━━━━━[0m [1m20s[0m 2s/step - accuracy: 0.8997 - auc: 0.9676 - loss: 0.0255 - precision: 0.7884 - recall: 0.9631
[1m 7/17[0m [32m━━━━━━━━[0m[37m━━━━━━━━━━━━[0m [1m18s[0m 2s/step - accuracy: 0.8949 - auc: 0.9654 - loss: 0.0260 - precision: 0.7782 - recall: 0.9645
[1m 8/17[0m [32m━━━━━━━━━[0m[37m━━━━━━━━━━━[0m [1m17s[0m 2s/step - accuracy: 0.8909 - auc: 0.9622 - loss: 0.0265 - precision: 0.7698 - recall: 0.9659
[1m 9/17[0m [32m━━━━━━━━━━[0m[37m━━━━━━━━━━[0m [1m15s[0m 2s/step - accuracy: 0.8880 - auc: 0.9590 - loss: 0.0271 - precision: 0.7642 - recall: 0.9674
[1m10/17[0m [32m━━━━━━━━━━━[0m[37m━━━━━━━━━[0m [1m13s[0m 2s/step - accuracy: 0.8848 - auc: 0.9559 - loss: 0.0277 - precision: 0.7582 - recall: 0.9688
[1m11/17[0m [32m━━━━━━━━━━━━[0m[37m━━━━━━━━[0m [1m11s[0m 2s/step - accuracy: 0.8819 - auc: 0.9531 - loss: 0.0282 - precision: 0.7523 - recall: 0.9701
[1m12/17[0m [32m━━━━━━━━━━━━━━[0m[37m━━━━━━[0m [1m9s[0m 2s/step - accuracy: 0.8800 - auc: 0.9510 - loss: 0.0285 - precision: 0.7484 - recall: 0.9712 
[1m13/17[0m [32m━━━━━━━━━━━━━━━[0m[37m━━━━━[0m [1m7s[0m 2s/step - accuracy: 0.8787 - auc: 0.9492 - loss: 0.0288 - precision: 0.7459 - recall: 0.9718
[1m14/17[0m [32m━━━━━━━━━━━━━━━━[0m[37m━━━━[0m [1m5s[0m 2s/step - accuracy: 0.8775 - auc: 0.9476 - loss: 0.0290 - precision: 0.7435 - recall: 0.9724
[1m15/17[0m [32m━━━━━━━━━━━━━━━━━[0m[37m━━━[0m [1m3s[0m 2s/step - accuracy: 0.8762 - auc: 0.9462 - loss: 0.0292 - precision: 0.7408 - recall: 0.9729
[1m16/17[0m [32m━━━━━━━━━━━━━━━━━━[0m[37m━━[0m [1m1s[0m 2s/step - accuracy: 0.8749 - auc: 0.9451 - loss: 0.0294 - precision: 0.7379 - recall: 0.9735
[1m17/17[0m [32m━━━━━━━━━━━━━━━━━━━━[0m[37m[0m [1m0s[0m 2s/step - accuracy: 0.8736 - auc: 0.9441 - loss: 0.0295 - precision: 0.7354 - recall: 0.9737
Epoch 40: val_recall did not improve from 1.00000

[1m17/17[0m [32m━━━━━━━━━━━━━━━━━━━━[0m[37m[0m [1m39s[0m 2s/step - accuracy: 0.8534 - auc: 0.9284 - loss: 0.0322 - precision: 0.6942 - recall: 0.9767 - val_accuracy: 0.3233 - val_auc: 0.8279 - val_loss: 0.1796 - val_precision: 0.3233 - val_recall: 1.0000 - learning_rate: 5.0000e-05
Epoch 41/80

[1m 1/17[0m [32m━[0m[37m━━━━━━━━━━━━━━━━━━━[0m [1m2:36[0m 10s/step - accuracy: 0.9062 - auc: 0.9545 - loss: 0.0253 - precision: 0.7692 - recall: 1.0000
[1m 2/17[0m [32m━━[0m[37m━━━━━━━━━━━━━━━━━━[0m [1m28s[0m 2s/step - accuracy: 0.9062 - auc: 0.9486 - loss: 0.0260 - precision: 0.7646 - recall: 1.0000  
[1m 3/17[0m [32m━━━[0m[37m━━━━━━━━━━━━━━━━━[0m [1m25s[0m 2s/step - accuracy: 0.9028 - auc: 0.9446 - loss: 0.0270 - precision: 0.7656 - recall: 1.0000
[1m 4/17[0m [32m━━━━[0m[37m━━━━━━━━━━━━━━━━[0m [1m24s[0m 2s/step - accuracy: 0.9056 - auc: 0.9470 - loss: 0.0271 - precision: 0.7759 - recall: 1.0000
[1m 5/17[0m [32m━━━━━[0m[37m━━━━━━━━━━━━━━━[0m [1m22s[0m 2s/step - accuracy: 0.9032 - auc: 0.9478 - loss: 0.0274 - precision: 0.7748 - recall: 1.0000
[1m 6/17[0m [32m━━━━━━━[0m[37m━━━━━━━━━━━━━[0m [1m20s[0m 2s/step - accuracy: 0.8994 - auc: 0.9472 - loss: 0.0278 - precision: 0.7702 - recall: 1.0000
[1m 7/17[0m [32m━━━━━━━━[0m[37m━━━━━━━━━━━━[0m [1m18s[0m 2s/step - accuracy: 0.8953 - auc: 0.9461 - loss: 0.0282 - precision: 0.7624 - recall: 1.0000
[1m 8/17[0m [32m━━━━━━━━━[0m[37m━━━━━━━━━━━[0m [1m16s[0m 2s/step - accuracy: 0.8913 - auc: 0.9446 - loss: 0.0286 - precision: 0.7550 - recall: 1.0000
[1m 9/17[0m [32m━━━━━━━━━━[0m[37m━━━━━━━━━━[0m [1m14s[0m 2s/step - accuracy: 0.8879 - auc: 0.9432 - loss: 0.0290 - precision: 0.7502 - recall: 0.9989
[1m10/17[0m [32m━━━━━━━━━━━[0m[37m━━━━━━━━━[0m [1m12s[0m 2s/step - accuracy: 0.8841 - auc: 0.9404 - loss: 0.0296 - precision: 0.7447 - recall: 0.9971
[1m11/17[0m [32m━━━━━━━━━━━━[0m[37m━━━━━━━━[0m [1m10s[0m 2s/step - accuracy: 0.8807 - auc: 0.9375 - loss: 0.0301 - precision: 0.7392 - recall: 0.9958
[1m12/17[0m [32m━━━━━━━━━━━━━━[0m[37m━━━━━━[0m [1m8s[0m 2s/step - accuracy: 0.8785 - auc: 0.9354 - loss: 0.0305 - precision: 0.7357 - recall: 0.9948 
[1m13/17[0m [32m━━━━━━━━━━━━━━━[0m[37m━━━━━[0m [1m7s[0m 2s/step - accuracy: 0.8771 - auc: 0.9338 - loss: 0.0308 - precision: 0.7337 - recall: 0.9941
[1m14/17[0m [32m━━━━━━━━━━━━━━━━[0m[37m━━━━[0m [1m5s[0m 2s/step - accuracy: 0.8759 - auc: 0.9324 - loss: 0.0310 - precision: 0.7319 - recall: 0.9936
[1m15/17[0m [32m━━━━━━━━━━━━━━━━━[0m[37m━━━[0m [1m3s[0m 2s/step - accuracy: 0.8745 - auc: 0.9310 - loss: 0.0312 - precision: 0.7295 - recall: 0.9931
[1m16/17[0m [32m━━━━━━━━━━━━━━━━━━[0m[37m━━[0m [1m1s[0m 2s/step - accuracy: 0.8732 - auc: 0.9301 - loss: 0.0314 - precision: 0.7271 - recall: 0.9928
[1m17/17[0m [32m━━━━━━━━━━━━━━━━━━━━[0m[37m[0m [1m0s[0m 2s/step - accuracy: 0.8721 - auc: 0.9292 - loss: 0.0315 - precision: 0.7251 - recall: 0.9922
Epoch 41: val_recall did not improve from 1.00000

[1m17/17[0m [32m━━━━━━━━━━━━━━━━━━━━[0m[37m[0m [1m40s[0m 2s/step - accuracy: 0.8534 - auc: 0.9151 - loss: 0.0339 - precision: 0.6926 - recall: 0.9826 - val_accuracy: 0.3233 - val_auc: 0.8514 - val_loss: 0.1713 - val_precision: 0.3233 - val_recall: 1.0000 - learning_rate: 5.0000e-05
Epoch 42/80

[1m 1/17[0m [32m━[0m[37m━━━━━━━━━━━━━━━━━━━[0m [1m2:46[0m 10s/step - accuracy: 0.9375 - auc: 0.9523 - loss: 0.0269 - precision: 0.8333 - recall: 1.0000
[1m 2/17[0m [32m━━[0m[37m━━━━━━━━━━━━━━━━━━[0m [1m30s[0m 2s/step - accuracy: 0.9219 - auc: 0.9484 - loss: 0.0267 - precision: 0.8080 - recall: 0.9737  
[1m 3/17[0m [32m━━━[0m[37m━━━━━━━━━━━━━━━━━[0m [1m26s[0m 2s/step - accuracy: 0.9132 - auc: 0.9426 - loss: 0.0276 - precision: 0.7988 - recall: 0.9724
[1m 4/17[0m [32m━━━━[0m[37m━━━━━━━━━━━━━━━━[0m [1m24s[0m 2s/step - accuracy: 0.9134 - auc: 0.9438 - loss: 0.0278 - precision: 0.8037 - recall: 0.9738
[1m 5/17[0m [32m━━━━━[0m[37m━━━━━━━━━━━━━━━[0m [1m22s[0m 2s/step - accuracy: 0.9107 - auc: 0.9451 - loss: 0.0279 - precision: 0.8007 - recall: 0.9756
[1m 6/17[0m [32m━━━━━━━[0m[37m━━━━━━━━━━━━━[0m [1m20s[0m 2s/step - accuracy: 0.9065 - auc: 0.9455 - loss: 0.0280 - precision: 0.7941 - recall: 0.9772
[1m 7/17[0m [32m━━━━━━━━[0m[37m━━━━━━━━━━━━[0m [1m18s[0m 2s/step - accuracy: 0.9026 - auc: 0.9451 - loss: 0.0282 - precision: 0.7856 - recall: 0.9785
[1m 8/17[0m [32m━━━━━━━━━[0m[37m━━━━━━━━━━━[0m [1m16s[0m 2s/step - accuracy: 0.8987 - auc: 0.9429 - loss: 0.0287 - precision: 0.7773 - recall: 0.9797
[1m 9/17[0m [32m━━━━━━━━━━[0m[37m━━━━━━━━━━[0m [1m14s[0m 2s/step - accuracy: 0.8953 - auc: 0.9409 - loss: 0.0291 - precision: 0.7715 - recall: 0.9796
[1m10/17[0m [32m━━━━━━━━━━━[0m[37m━━━━━━━━━[0m [1m12s[0m 2s/step - accuracy: 0.8914 - auc: 0.9381 - loss: 0.0296 - precision: 0.7649 - recall: 0.9798
[1m11/17[0m [32m━━━━━━━━━━━━[0m[37m━━━━━━━━[0m [1m11s[0m 2s/step - accuracy: 0.8876 - auc: 0.9354 - loss: 0.0301 - precision: 0.7582 - recall: 0.9793
[1m12/17[0m [32m━━━━━━━━━━━━━━[0m[37m━━━━━━[0m [1m9s[0m 2s/step - accuracy: 0.8850 - auc: 0.9334 - loss: 0.0304 - precision: 0.7536 - recall: 0.9790 
[1m13/17[0m [32m━━━━━━━━━━━━━━━[0m[37m━━━━━[0m [1m7s[0m 2s/step - accuracy: 0.8831 - auc: 0.9318 - loss: 0.0306 - precision: 0.7505 - recall: 0.9784
[1m14/17[0m [32m━━━━━━━━━━━━━━━━[0m[37m━━━━[0m [1m5s[0m 2s/step - accuracy: 0.8814 - auc: 0.9303 - loss: 0.0309 - precision: 0.7478 - recall: 0.9780
[1m15/17[0m [32m━━━━━━━━━━━━━━━━━[0m[37m━━━[0m [1m3s[0m 2s/step - accuracy: 0.8799 - auc: 0.9289 - loss: 0.0311 - precision: 0.7449 - recall: 0.9778
[1m16/17[0m [32m━━━━━━━━━━━━━━━━━━[0m[37m━━[0m [1m1s[0m 2s/step - accuracy: 0.8784 - auc: 0.9279 - loss: 0.0313 - precision: 0.7419 - recall: 0.9777
[1m17/17[0m [32m━━━━━━━━━━━━━━━━━━━━[0m[37m[0m [1m0s[0m 2s/step - accuracy: 0.8769 - auc: 0.9271 - loss: 0.0314 - precision: 0.7392 - recall: 0.9773
Epoch 42: val_recall did not improve from 1.00000

[1m17/17[0m [32m━━━━━━━━━━━━━━━━━━━━[0m[37m[0m [1m43s[0m 2s/step - accuracy: 0.8534 - auc: 0.9137 - loss: 0.0338 - precision: 0.6958 - recall: 0.9709 - val_accuracy: 0.3233 - val_auc: 0.8757 - val_loss: 0.1187 - val_precision: 0.3233 - val_recall: 1.0000 - learning_rate: 5.0000e-05
Epoch 43/80

[1m 1/17[0m [32m━[0m[37m━━━━━━━━━━━━━━━━━━━[0m [1m2:17[0m 9s/step - accuracy: 0.9375 - auc: 0.9886 - loss: 0.0190 - precision: 0.8333 - recall: 1.0000
[1m 2/17[0m [32m━━[0m[37m━━━━━━━━━━━━━━━━━━[0m [1m25s[0m 2s/step - accuracy: 0.9297 - auc: 0.9817 - loss: 0.0199 - precision: 0.8125 - recall: 1.0000 
[1m 3/17[0m [32m━━━[0m[37m━━━━━━━━━━━━━━━━━[0m [1m23s[0m 2s/step - accuracy: 0.9184 - auc: 0.9739 - loss: 0.0222 - precision: 0.8018 - recall: 0.9899
[1m 4/17[0m [32m━━━━[0m[37m━━━━━━━━━━━━━━━━[0m [1m22s[0m 2s/step - accuracy: 0.9193 - auc: 0.9720 - loss: 0.0233 - precision: 0.8097 - recall: 0.9870
[1m 5/17[0m [32m━━━━━[0m[37m━━━━━━━━━━━━━━━[0m [1m20s[0m 2s/step - accuracy: 0.9179 - auc: 0.9699 - loss: 0.0240 - precision: 0.8101 - recall: 0.9861
[1m 6/17[0m [32m━━━━━━━[0m[37m━━━━━━━━━━━━━[0m [1m19s[0m 2s/step - accuracy: 0.9142 - auc: 0.9674 - loss: 0.0247 - precision: 0.8049 - recall: 0.9860
[1m 7/17[0m [32m━━━━━━━━[0m[37m━━━━━━━━━━━━[0m [1m17s[0m 2s/step - accuracy: 0.9105 - auc: 0.9646 - loss: 0.0252 - precision: 0.7971 - recall: 0.9860
[1m 8/17[0m [32m━━━━━━━━━[0m[37m━━━━━━━━━━━[0m [1m16s[0m 2s/step - accuracy: 0.9066 - auc: 0.9614 - loss: 0.0259 - precision: 0.7890 - recall: 0.9862
[1m 9/17[0m [32m━━━━━━━━━━[0m[37m━━━━━━━━━━[0m [1m14s[0m 2s/step - accuracy: 0.9031 - auc: 0.9583 - loss: 0.0265 - precision: 0.7831 - recall: 0.9855
[1m10/17[0m [32m━━━━━━━━━━━[0m[37m━━━━━━━━━[0m [1m12s[0m 2s/step - accuracy: 0.8990 - auc: 0.9546 - loss: 0.0273 - precision: 0.7762 - recall: 0.9851
[1m11/17[0m [32m━━━━━━━━━━━━[0m[37m━━━━━━━━[0m [1m10s[0m 2s/step - accuracy: 0.8953 - auc: 0.9509 - loss: 0.0279 - precision: 0.7695 - recall: 0.9848
[1m12/17[0m [32m━━━━━━━━━━━━━━[0m[37m━━━━━━[0m [1m9s[0m 2s/step - accuracy: 0.8927 - auc: 0.9480 - loss: 0.0284 - precision: 0.7647 - recall: 0.9848 
[1m13/17[0m [32m━━━━━━━━━━━━━━━[0m[37m━━━━━[0m [1m7s[0m 2s/step - accuracy: 0.8908 - auc: 0.9457 - loss: 0.0287 - precision: 0.7616 - recall: 0.9843
[1m14/17[0m [32m━━━━━━━━━━━━━━━━[0m[37m━━━━[0m [1m5s[0m 2s/step - accuracy: 0.8890 - auc: 0.9436 - loss: 0.0291 - precision: 0.7586 - recall: 0.9840
[1m15/17[0m [32m━━━━━━━━━━━━━━━━━[0m[37m━━━[0m [1m3s[0m 2s/step - accuracy: 0.8873 - auc: 0.9416 - loss: 0.0294 - precision: 0.7553 - recall: 0.9838
[1m16/17[0m [32m━━━━━━━━━━━━━━━━━━[0m[37m━━[0m [1m1s[0m 2s/step - accuracy: 0.8855 - auc: 0.9400 - loss: 0.0296 - precision: 0.7519 - recall: 0.9836
[1m17/17[0m [32m━━━━━━━━━━━━━━━━━━━━[0m[37m[0m [1m0s[0m 2s/step - accuracy: 0.8839 - auc: 0.9385 - loss: 0.0299 - precision: 0.7489 - recall: 0.9832
Epoch 43: ReduceLROnPlateau reducing learning rate to 2.499999936844688e-05.

Epoch 43: val_recall did not improve from 1.00000

[1m17/17[0m [32m━━━━━━━━━━━━━━━━━━━━[0m[37m[0m [1m39s[0m 2s/step - accuracy: 0.8571 - auc: 0.9145 - loss: 0.0337 - precision: 0.7000 - recall: 0.9767 - val_accuracy: 0.3233 - val_auc: 0.8677 - val_loss: 0.1147 - val_precision: 0.3233 - val_recall: 1.0000 - learning_rate: 5.0000e-05
Epoch 43: early stopping
Restoring model weights from the end of the best epoch: 33.

--- [Fecha/hora inicio=20260716_1546] ---

--- [T=1524.27s] ---
5. Guardado y Ploteo (Usando utils_train)

Historial guardado en 'C:\workspace\hd-image-pest-detection-cnn-and-rf\history/RGB/focal_loss\history_20260716_1612_epochs_80_RGB_Focal_a0.75_g2.0.json'

[1m 1/17[0m [32m━[0m[37m━━━━━━━━━━━━━━━━━━━[0m [1m9s[0m 573ms/step
[1m 2/17[0m [32m━━[0m[37m━━━━━━━━━━━━━━━━━━[0m [1m4s[0m 323ms/step
[1m 3/17[0m [32m━━━[0m[37m━━━━━━━━━━━━━━━━━[0m [1m4s[0m 324ms/step
[1m 4/17[0m [32m━━━━[0m[37m━━━━━━━━━━━━━━━━[0m [1m4s[0m 329ms/step
[1m 5/17[0m [32m━━━━━[0m[37m━━━━━━━━━━━━━━━[0m [1m3s[0m 330ms/step
[1m 6/17[0m [32m━━━━━━━[0m[37m━━━━━━━━━━━━━[0m [1m3s[0m 330ms/step
[1m 7/17[0m [32m━━━━━━━━[0m[37m━━━━━━━━━━━━[0m [1m3s[0m 331ms/step
[1m 8/17[0m [32m━━━━━━━━━[0m[37m━━━━━━━━━━━[0m [1m3s[0m 334ms/step
[1m 9/17[0m [32m━━━━━━━━━━[0m[37m━━━━━━━━━━[0m [1m2s[0m 333ms/step
[1m10/17[0m [32m━━━━━━━━━━━[0m[37m━━━━━━━━━[0m [1m2s[0m 332ms/step
[1m11/17[0m [32m━━━━━━━━━━━━[0m[37m━━━━━━━━[0m [1m1s[0m 331ms/step
[1m12/17[0m [32m━━━━━━━━━━━━━━[0m[37m━━━━━━[0m [1m1s[0m 330ms/step
[1m13/17[0m [32m━━━━━━━━━━━━━━━[0m[37m━━━━━[0m [1m1s[0m 330ms/step
[1m14/17[0m [32m━━━━━━━━━━━━━━━━[0m[37m━━━━[0m [1m0s[0m 330ms/step
[1m15/17[0m [32m━━━━━━━━━━━━━━━━━[0m[37m━━━[0m [1m0s[0m 329ms/step
[1m16/17[0m [32m━━━━━━━━━━━━━━━━━━[0m[37m━━[0m [1m0s[0m 329ms/step
[1m17/17[0m [32m━━━━━━━━━━━━━━━━━━━━[0m[37m[0m [1m0s[0m 326ms/step
[1m17/17[0m [32m━━━━━━━━━━━━━━━━━━━━[0m[37m[0m [1m6s[0m 327ms/step

--- ANÁLISIS DE UMBRAL ÓPTIMO ---
Mejor Umbral detectado: 0.5621

Nueva Matriz de Confusión con Umbral Óptimo:
[[304  56]
 [ 26 146]]

Reporte de Clasificación:
              precision    recall  f1-score   support

           0       0.92      0.84      0.88       360
           1       0.72      0.85      0.78       172

    accuracy                           0.85       532
   macro avg       0.82      0.85      0.83       532
weighted avg       0.86      0.85      0.85       532


Auc: 0.9036014211886305
Umbral mas optimo:  0.5621233

[1m1/5[0m [32m━━━━[0m[37m━━━━━━━━━━━━━━━━[0m [1m1s[0m 402ms/step
[1m2/5[0m [32m━━━━━━━━[0m[37m━━━━━━━━━━━━[0m [1m1s[0m 377ms/step
[1m3/5[0m [32m━━━━━━━━━━━━[0m[37m━━━━━━━━[0m [1m0s[0m 384ms/step
[1m4/5[0m [32m━━━━━━━━━━━━━━━━[0m[37m━━━━[0m [1m0s[0m 385ms/step
[1m5/5[0m [32m━━━━━━━━━━━━━━━━━━━━[0m[37m[0m [1m0s[0m 304ms/step
[1m5/5[0m [32m━━━━━━━━━━━━━━━━━━━━[0m[37m[0m [1m2s[0m 309ms/step

✅ Reporte de Clasificación guardado en: C:\workspace\hd-image-pest-detection-cnn-and-rf\evaluation_results\CNN\RGB\focal_loss\post_train_val\report_post_train_RGB_focal_loss_20260716_1612_t56.json
✅ Matriz de Confusión guardada en: C:\workspace\hd-image-pest-detection-cnn-and-rf\evaluation_results\CNN\RGB\focal_loss\post_train_val\report_post_train_RGB_focal_loss_20260716_1612_t56_confusion.png
Matriz de confusión:
[[74 16]
 [ 7 36]]

--- RESUMEN DEL REPORTE DE CLASIFICACIÓN ---
              precision    recall  f1-score   support

       Plaga       0.91      0.82      0.87        90
        Sana       0.69      0.84      0.76        43

    accuracy                           0.83       133
   macro avg       0.80      0.83      0.81       133
weighted avg       0.84      0.83      0.83       133

✅ Reporte Markdown (Tabla) guardado en: C:\workspace\hd-image-pest-detection-cnn-and-rf\evaluation_results\CNN\RGB\focal_loss\post_train_val\report_table_post_train_RGB_focal_loss_20260716_1612_t56.md
✅ Curva ROC guardada en: C:\workspace\hd-image-pest-detection-cnn-and-rf\evaluation_results\CNN\RGB\focal_loss\post_train_val\ROC_post_train_RGB_focal_loss_20260716_1612_t0.5621232986450195.png
ROC guardada en C:\workspace\hd-image-pest-detection-cnn-and-rf\evaluation_results\CNN\RGB\focal_loss\post_train_val\ROC_data_post_train_RGB_focal_loss_20260716_1612_t0.5621232986450195.npz (AUC=0.8964)
