{
  "Plaga": {
    "precision": 0.9544364508393285,
    "recall": 0.9974937343358395,
    "f1-score": 0.9754901960784313,
    "support": 399.0
  },
  "Sana": {
    "precision": 0.9285714285714286,
    "recall": 0.40625,
    "f1-score": 0.5652173913043478,
    "support": 32.0
  },
  "accuracy": 0.9535962877030162,
  "macro avg": {
    "precision": 0.9415039397053786,
    "recall": 0.7018718671679198,
    "f1-score": 0.7703537936913896,
    "support": 431.0
  },
  "weighted avg": {
    "precision": 0.952516077956329,
    "recall": 0.9535962877030162,
    "f1-score": 0.9450291061648103,
    "support": 431.0
  }
}