{
  "Plaga": {
    "precision": 0.9894459102902374,
    "recall": 0.9398496240601504,
    "f1-score": 0.9640102827763496,
    "support": 399.0
  },
  "Sana": {
    "precision": 0.5384615384615384,
    "recall": 0.875,
    "f1-score": 0.6666666666666666,
    "support": 32.0
  },
  "accuracy": 0.9350348027842227,
  "macro avg": {
    "precision": 0.7639537243758879,
    "recall": 0.9074248120300752,
    "f1-score": 0.8153384747215081,
    "support": 431.0
  },
  "weighted avg": {
    "precision": 0.9559621518249977,
    "recall": 0.9350348027842227,
    "f1-score": 0.9419337265918719,
    "support": 431.0
  }
}