{
  "Plaga": {
    "precision": 1.0,
    "recall": 0.7543859649122807,
    "f1-score": 0.86,
    "support": 399.0
  },
  "Sana": {
    "precision": 0.24615384615384617,
    "recall": 1.0,
    "f1-score": 0.3950617283950617,
    "support": 32.0
  },
  "accuracy": 0.7726218097447796,
  "macro avg": {
    "precision": 0.6230769230769231,
    "recall": 0.8771929824561404,
    "f1-score": 0.6275308641975308,
    "support": 431.0
  },
  "weighted avg": {
    "precision": 0.9440299839371764,
    "recall": 0.7726218097447796,
    "f1-score": 0.8254802211337401,
    "support": 431.0
  }
}