{
  "accuracy": [
    0.7171893119812012,
    0.8751451969146729,
    0.8844367265701294,
    0.9140534400939941,
    0.9175377488136292,
    0.919279932975769
  ],
  "loss": [
    0.5621058344841003,
    0.3215167224407196,
    0.280813604593277,
    0.22775815427303314,
    0.20414753258228302,
    0.20225881040096283
  ],
  "precision": [
    0.1642066389322281,
    0.3544303774833679,
    0.3707483112812042,
    0.44979920983314514,
    0.4627451002597809,
    0.46721312403678894
  ],
  "recall": [
    0.7235772609710693,
    0.9105691313743591,
    0.8861788511276245,
    0.9105691313743591,
    0.9593495726585388,
    0.9268292784690857
  ],
  "val_accuracy": [
    0.6651162505149841,
    0.6604651212692261,
    0.6232557892799377,
    0.6488372087478638,
    0.6651162505149841,
    0.669767439365387
  ],
  "val_loss": [
    0.5936957001686096,
    0.6469658017158508,
    0.7963733673095703,
    0.7686082124710083,
    0.7214761972427368,
    0.718819260597229
  ],
  "val_precision": [
    0.5135135054588318,
    0.5100671052932739,
    0.48407644033432007,
    0.5016501545906067,
    0.5135135054588318,
    0.5170068144798279
  ],
  "val_recall": [
    1.0,
    1.0,
    1.0,
    1.0,
    1.0,
    1.0
  ],
  "learning_rate": [
    0.0010000000474974513,
    0.0010000000474974513,
    0.0010000000474974513,
    0.0010000000474974513,
    0.0005000000237487257,
    0.0005000000237487257
  ]
}