{
  "accuracy": [
    0.6991869807243347,
    0.8693379759788513,
    0.8716608881950378,
    0.904181182384491,
    0.9105691313743591,
    0.9303135871887207
  ],
  "loss": [
    0.5978600978851318,
    0.3496231734752655,
    0.3091714680194855,
    0.24564388394355774,
    0.21933305263519287,
    0.19643527269363403
  ],
  "precision": [
    0.1428571492433548,
    0.34062498807907104,
    0.34493669867515564,
    0.42105263471603394,
    0.43921568989753723,
    0.5066666603088379
  ],
  "recall": [
    0.642276406288147,
    0.8861788511276245,
    0.8861788511276245,
    0.9105691313743591,
    0.9105691313743591,
    0.9268292784690857
  ],
  "val_accuracy": [
    0.6093023419380188,
    0.6209302544593811,
    0.6511628031730652,
    0.6372092962265015,
    0.6372092962265015,
    0.6209302544593811
  ],
  "val_loss": [
    0.6314440965652466,
    0.679448127746582,
    0.6716355681419373,
    0.7359439134597778,
    0.7501959800720215,
    0.7928932309150696
  ],
  "val_precision": [
    0.4749999940395355,
    0.48253968358039856,
    0.503311276435852,
    0.4935064911842346,
    0.4935064911842346,
    0.48253968358039856
  ],
  "val_recall": [
    1.0,
    1.0,
    1.0,
    1.0,
    1.0,
    1.0
  ],
  "learning_rate": [
    0.0010000000474974513,
    0.0010000000474974513,
    0.0010000000474974513,
    0.0010000000474974513,
    0.0005000000237487257,
    0.0005000000237487257
  ]
}