Modelo cnn binary_crossentropy | RGB? False | alpha 0.5 | gamma 3.0

--- [Fecha/hora inicio=20260716_1936] ---

--- [T=0.00s] ---
init. Iniciando entrenamiento MULTIESPECTRAL con perdida Binary Crossentropy

--- [Fecha/hora inicio=20260716_1936] ---

--- [T=0.00s] ---
1. 1. Extrayendo datos

--- [Fecha/hora inicio=20260716_1936] ---

--- [T=0.12s] ---
1. Carga de datos cnn Multiespectral

--- [Fecha/hora inicio=20260716_1936] ---

--- [T=0.19s] ---
2. Filtrado y extracción de datos

--- [Fecha/hora inicio=20260716_1936] ---

--- [T=0.19s] ---
2.1. Iniciando procesamiento de 665 imágenes etiquetadas...

--- [Fecha/hora inicio=20260716_1936] ---

--- [T=0.19s] ---
2.2. Archivos seleccionados: ['red.tif', 'red edge.tif', 'nir.tif', 'blue.tif', 'green.tif']

--- [Fecha/hora inicio=20260716_1937] ---

--- [T=0.00s] ---
7. Extracción de imágenes completada.

Datos listos para entrenamiento. Total de muestras: 665

Resumen de Datos Multiespectrales:
Total de parches extraídos: 665
X Train/Val Split: 532 / 133
Y Train/Val Split: 532 / 133
Forma X_train: (532, 224, 224, 5)
Forma Y_train: (532,)
Shape train: (532, 224, 224, 5)
Pesos de Clase Calculados: Plaga (0): 1.11, Sana (1): 1.55
------------------------------
DEBUG - Conteo: Plaga: 360, Sana: 172
RESULTADO - Pesos Finales: Plaga (0): 1.11, Sana (1): 1.55
------------------------------
Epoch 1/80

[1m 1/17[0m [32m━[0m[37m━━━━━━━━━━━━━━━━━━━[0m [1m56s[0m 4s/step - accuracy: 0.3750 - auc: 0.4273 - f2_macro: 0.4127 - f2_plaga: 0.1111 - loss: 0.8841 - precision: 0.3333 - recall: 1.0000 - recall_plaga: 0.0909
[1m 2/17[0m [32m━━[0m[37m━━━━━━━━━━━━━━━━━━[0m [1m21s[0m 1s/step - accuracy: 0.3672 - auc: 0.5101 - f2_macro: 0.4082 - f2_plaga: 0.1099 - loss: 0.8775 - precision: 0.3250 - recall: 1.0000 - recall_plaga: 0.0899
[1m 3/17[0m [32m━━━[0m[37m━━━━━━━━━━━━━━━━━[0m [1m20s[0m 1s/step - accuracy: 0.3802 - auc: 0.5703 - f2_macro: 0.4154 - f2_plaga: 0.1120 - loss: 0.8758 - precision: 0.3389 - recall: 1.0000 - recall_plaga: 0.0917
[1m 4/17[0m [32m━━━━[0m[37m━━━━━━━━━━━━━━━━[0m [1m19s[0m 1s/step - accuracy: 0.3965 - auc: 0.6126 - f2_macro: 0.4273 - f2_plaga: 0.1246 - loss: 0.8744 - precision: 0.3525 - recall: 1.0000 - recall_plaga: 0.1023
[1m 5/17[0m [32m━━━━━[0m[37m━━━━━━━━━━━━━━━[0m [1m17s[0m 1s/step - accuracy: 0.4122 - auc: 0.6463 - f2_macro: 0.4411 - f2_plaga: 0.1437 - loss: 0.8726 - precision: 0.3628 - recall: 1.0000 - recall_plaga: 0.1187
[1m 6/17[0m [32m━━━━━━━[0m[37m━━━━━━━━━━━━━[0m [1m15s[0m 1s/step - accuracy: 0.4277 - auc: 0.6668 - f2_macro: 0.4558 - f2_plaga: 0.1658 - loss: 0.8711 - precision: 0.3719 - recall: 1.0000 - recall_plaga: 0.1379
[1m 7/17[0m [32m━━━━━━━━[0m[37m━━━━━━━━━━━━[0m [1m14s[0m 1s/step - accuracy: 0.4387 - auc: 0.6834 - f2_macro: 0.4676 - f2_plaga: 0.1865 - loss: 0.8689 - precision: 0.3754 - recall: 1.0000 - recall_plaga: 0.1561
[1m 8/17[0m [32m━━━━━━━━━[0m[37m━━━━━━━━━━━[0m [1m12s[0m 1s/step - accuracy: 0.4493 - auc: 0.6951 - f2_macro: 0.4789 - f2_plaga: 0.2061 - loss: 0.8674 - precision: 0.3791 - recall: 1.0000 - recall_plaga: 0.1734
[1m 9/17[0m [32m━━━━━━━━━━[0m[37m━━━━━━━━━━[0m [1m11s[0m 1s/step - accuracy: 0.4595 - auc: 0.7047 - f2_macro: 0.4893 - f2_plaga: 0.2230 - loss: 0.8662 - precision: 0.3841 - recall: 1.0000 - recall_plaga: 0.1885
[1m10/17[0m [32m━━━━━━━━━━━[0m[37m━━━━━━━━━[0m [1m10s[0m 1s/step - accuracy: 0.4683 - auc: 0.7120 - f2_macro: 0.4981 - f2_plaga: 0.2381 - loss: 0.8650 - precision: 0.3880 - recall: 0.9991 - recall_plaga: 0.2020
[1m11/17[0m [32m━━━━━━━━━━━━[0m[37m━━━━━━━━[0m [1m8s[0m 1s/step - accuracy: 0.4771 - auc: 0.7187 - f2_macro: 0.5072 - f2_plaga: 0.2539 - loss: 0.8638 - precision: 0.3917 - recall: 0.9984 - recall_plaga: 0.2162 
[1m12/17[0m [32m━━━━━━━━━━━━━━[0m[37m━━━━━━[0m [1m7s[0m 1s/step - accuracy: 0.4855 - auc: 0.7260 - f2_macro: 0.5158 - f2_plaga: 0.2685 - loss: 0.8624 - precision: 0.3955 - recall: 0.9978 - recall_plaga: 0.2296
[1m13/17[0m [32m━━━━━━━━━━━━━━━[0m[37m━━━━━[0m [1m5s[0m 1s/step - accuracy: 0.4935 - auc: 0.7326 - f2_macro: 0.5238 - f2_plaga: 0.2817 - loss: 0.8611 - precision: 0.3995 - recall: 0.9974 - recall_plaga: 0.2416
[1m14/17[0m [32m━━━━━━━━━━━━━━━━[0m[37m━━━━[0m [1m4s[0m 1s/step - accuracy: 0.5008 - auc: 0.7380 - f2_macro: 0.5311 - f2_plaga: 0.2937 - loss: 0.8601 - precision: 0.4034 - recall: 0.9972 - recall_plaga: 0.2526
[1m15/17[0m [32m━━━━━━━━━━━━━━━━━[0m[37m━━━[0m [1m2s[0m 1s/step - accuracy: 0.5071 - auc: 0.7427 - f2_macro: 0.5375 - f2_plaga: 0.3047 - loss: 0.8590 - precision: 0.4062 - recall: 0.9969 - recall_plaga: 0.2628
[1m16/17[0m [32m━━━━━━━━━━━━━━━━━━[0m[37m━━[0m [1m1s[0m 1s/step - accuracy: 0.5130 - auc: 0.7474 - f2_macro: 0.5436 - f2_plaga: 0.3150 - loss: 0.8577 - precision: 0.4087 - recall: 0.9967 - recall_plaga: 0.2723
[1m17/17[0m [32m━━━━━━━━━━━━━━━━━━━━[0m[37m[0m [1m0s[0m 1s/step - accuracy: 0.5186 - auc: 0.7516 - f2_macro: 0.5492 - f2_plaga: 0.3245 - loss: 0.8566 - precision: 0.4112 - recall: 0.9966 - recall_plaga: 0.2811
Epoch 1: val_f2_macro improved from None to 0.45639, saving model to C:\workspace\hd-image-pest-detection-cnn-and-rf\best_models\best_model_final_MULTIESPECTRAL_binary_crossentropy.keras

[1m17/17[0m [32m━━━━━━━━━━━━━━━━━━━━[0m[37m[0m [1m28s[0m 2s/step - accuracy: 0.6071 - auc: 0.8197 - f2_macro: 0.6392 - f2_plaga: 0.4771 - loss: 0.8384 - precision: 0.4512 - recall: 0.9942 - recall_plaga: 0.4222 - val_accuracy: 0.6767 - val_auc: 0.5000 - val_f2_macro: 0.4564 - val_f2_plaga: 0.9128 - val_loss: 0.6918 - val_precision: 0.0000e+00 - val_recall: 0.0000e+00 - val_recall_plaga: 1.0000 - learning_rate: 1.0000e-04
Epoch 2/80

[1m 1/17[0m [32m━[0m[37m━━━━━━━━━━━━━━━━━━━[0m [1m4:25[0m 17s/step - accuracy: 0.7500 - auc: 0.8477 - f2_macro: 0.7742 - f2_plaga: 0.6863 - loss: 0.8031 - precision: 0.5556 - recall: 1.0000 - recall_plaga: 0.6364
[1m 2/17[0m [32m━━[0m[37m━━━━━━━━━━━━━━━━━━[0m [1m22s[0m 1s/step - accuracy: 0.7500 - auc: 0.8663 - f2_macro: 0.7745 - f2_plaga: 0.6900 - loss: 0.7973 - precision: 0.5492 - recall: 1.0000 - recall_plaga: 0.6404  
[1m 3/17[0m [32m━━━[0m[37m━━━━━━━━━━━━━━━━━[0m [1m20s[0m 1s/step - accuracy: 0.7569 - auc: 0.8752 - f2_macro: 0.7800 - f2_plaga: 0.6932 - loss: 0.7965 - precision: 0.5661 - recall: 1.0000 - recall_plaga: 0.6439
[1m 4/17[0m [32m━━━━[0m[37m━━━━━━━━━━━━━━━━[0m [1m19s[0m 1s/step - accuracy: 0.7572 - auc: 0.8777 - f2_macro: 0.7785 - f2_plaga: 0.6929 - loss: 0.7952 - precision: 0.5753 - recall: 0.9891 - recall_plaga: 0.6445
[1m 5/17[0m [32m━━━━━[0m[37m━━━━━━━━━━━━━━━[0m [1m18s[0m 2s/step - accuracy: 0.7582 - auc: 0.8791 - f2_macro: 0.7786 - f2_plaga: 0.6936 - loss: 0.7937 - precision: 0.5811 - recall: 0.9843 - recall_plaga: 0.6457
[1m 6/17[0m [32m━━━━━━━[0m[37m━━━━━━━━━━━━━[0m [1m16s[0m 2s/step - accuracy: 0.7569 - auc: 0.8771 - f2_macro: 0.7767 - f2_plaga: 0.6919 - loss: 0.7936 - precision: 0.5827 - recall: 0.9796 - recall_plaga: 0.6443
[1m 7/17[0m [32m━━━━━━━━[0m[37m━━━━━━━━━━━━[0m [1m15s[0m 2s/step - accuracy: 0.7540 - auc: 0.8745 - f2_macro: 0.7739 - f2_plaga: 0.6897 - loss: 0.7934 - precision: 0.5789 - recall: 0.9766 - recall_plaga: 0.6421
[1m 8/17[0m [32m━━━━━━━━━[0m[37m━━━━━━━━━━━[0m [1m13s[0m 2s/step - accuracy: 0.7505 - auc: 0.8694 - f2_macro: 0.7704 - f2_plaga: 0.6874 - loss: 0.7943 - precision: 0.5747 - recall: 0.9720 - recall_plaga: 0.6399
[1m 9/17[0m [32m━━━━━━━━━━[0m[37m━━━━━━━━━━[0m [1m11s[0m 1s/step - accuracy: 0.7478 - auc: 0.8658 - f2_macro: 0.7675 - f2_plaga: 0.6848 - loss: 0.7944 - precision: 0.5725 - recall: 0.9682 - recall_plaga: 0.6374
[1m10/17[0m [32m━━━━━━━━━━━[0m[37m━━━━━━━━━[0m [1m10s[0m 1s/step - accuracy: 0.7452 - auc: 0.8613 - f2_macro: 0.7647 - f2_plaga: 0.6829 - loss: 0.7949 - precision: 0.5702 - recall: 0.9639 - recall_plaga: 0.6356
[1m11/17[0m [32m━━━━━━━━━━━━[0m[37m━━━━━━━━[0m [1m8s[0m 1s/step - accuracy: 0.7436 - auc: 0.8576 - f2_macro: 0.7630 - f2_plaga: 0.6821 - loss: 0.7952 - precision: 0.5683 - recall: 0.9609 - recall_plaga: 0.6350 
[1m12/17[0m [32m━━━━━━━━━━━━━━[0m[37m━━━━━━[0m [1m7s[0m 1s/step - accuracy: 0.7426 - auc: 0.8555 - f2_macro: 0.7618 - f2_plaga: 0.6819 - loss: 0.7948 - precision: 0.5671 - recall: 0.9582 - recall_plaga: 0.6351
[1m13/17[0m [32m━━━━━━━━━━━━━━━[0m[37m━━━━━[0m [1m5s[0m 1s/step - accuracy: 0.7419 - auc: 0.8537 - f2_macro: 0.7609 - f2_plaga: 0.6820 - loss: 0.7945 - precision: 0.5667 - recall: 0.9553 - recall_plaga: 0.6354
[1m14/17[0m [32m━━━━━━━━━━━━━━━━[0m[37m━━━━[0m [1m4s[0m 1s/step - accuracy: 0.7412 - auc: 0.8521 - f2_macro: 0.7601 - f2_plaga: 0.6818 - loss: 0.7942 - precision: 0.5662 - recall: 0.9533 - recall_plaga: 0.6353
[1m15/17[0m [32m━━━━━━━━━━━━━━━━━[0m[37m━━━[0m [1m2s[0m 1s/step - accuracy: 0.7408 - auc: 0.8506 - f2_macro: 0.7596 - f2_plaga: 0.6821 - loss: 0.7938 - precision: 0.5655 - recall: 0.9517 - recall_plaga: 0.6357
[1m16/17[0m [32m━━━━━━━━━━━━━━━━━━[0m[37m━━[0m [1m1s[0m 1s/step - accuracy: 0.7407 - auc: 0.8496 - f2_macro: 0.7595 - f2_plaga: 0.6828 - loss: 0.7932 - precision: 0.5651 - recall: 0.9505 - recall_plaga: 0.6365
[1m17/17[0m [32m━━━━━━━━━━━━━━━━━━━━[0m[37m[0m [1m0s[0m 1s/step - accuracy: 0.7407 - auc: 0.8487 - f2_macro: 0.7594 - f2_plaga: 0.6833 - loss: 0.7925 - precision: 0.5647 - recall: 0.9497 - recall_plaga: 0.6372
Epoch 2: val_f2_macro did not improve from 0.45639

[1m17/17[0m [32m━━━━━━━━━━━━━━━━━━━━[0m[37m[0m [1m41s[0m 2s/step - accuracy: 0.7406 - auc: 0.8344 - f2_macro: 0.7583 - f2_plaga: 0.6918 - loss: 0.7828 - precision: 0.5590 - recall: 0.9360 - recall_plaga: 0.6472 - val_accuracy: 0.6767 - val_auc: 0.5000 - val_f2_macro: 0.4564 - val_f2_plaga: 0.9128 - val_loss: 0.6887 - val_precision: 0.0000e+00 - val_recall: 0.0000e+00 - val_recall_plaga: 1.0000 - learning_rate: 1.0000e-04
Epoch 3/80

[1m 1/17[0m [32m━[0m[37m━━━━━━━━━━━━━━━━━━━[0m [1m23s[0m 1s/step - accuracy: 0.7812 - auc: 0.9023 - f2_macro: 0.8027 - f2_plaga: 0.7282 - loss: 0.7137 - precision: 0.5882 - recall: 1.0000 - recall_plaga: 0.6818
[1m 2/17[0m [32m━━[0m[37m━━━━━━━━━━━━━━━━━━[0m [1m21s[0m 1s/step - accuracy: 0.7734 - auc: 0.9029 - f2_macro: 0.7925 - f2_plaga: 0.7296 - loss: 0.7094 - precision: 0.5754 - recall: 0.9737 - recall_plaga: 0.6854
[1m 3/17[0m [32m━━━[0m[37m━━━━━━━━━━━━━━━━━[0m [1m20s[0m 1s/step - accuracy: 0.7726 - auc: 0.9041 - f2_macro: 0.7901 - f2_plaga: 0.7277 - loss: 0.7087 - precision: 0.5862 - recall: 0.9623 - recall_plaga: 0.6844
[1m 4/17[0m [32m━━━━[0m[37m━━━━━━━━━━━━━━━━[0m [1m18s[0m 1s/step - accuracy: 0.7708 - auc: 0.9021 - f2_macro: 0.7864 - f2_plaga: 0.7285 - loss: 0.7081 - precision: 0.5949 - recall: 0.9445 - recall_plaga: 0.6871
[1m 5/17[0m [32m━━━━━[0m[37m━━━━━━━━━━━━━━━[0m [1m17s[0m 1s/step - accuracy: 0.7692 - auc: 0.9022 - f2_macro: 0.7841 - f2_plaga: 0.7265 - loss: 0.7067 - precision: 0.5983 - recall: 0.9381 - recall_plaga: 0.6856
[1m 6/17[0m [32m━━━━━━━[0m[37m━━━━━━━━━━━━━[0m [1m15s[0m 1s/step - accuracy: 0.7642 - auc: 0.8987 - f2_macro: 0.7786 - f2_plaga: 0.7221 - loss: 0.7072 - precision: 0.5966 - recall: 0.9288 - recall_plaga: 0.6815
[1m 7/17[0m [32m━━━━━━━━[0m[37m━━━━━━━━━━━━[0m [1m14s[0m 1s/step - accuracy: 0.7597 - auc: 0.8958 - f2_macro: 0.7738 - f2_plaga: 0.7184 - loss: 0.7070 - precision: 0.5908 - recall: 0.9233 - recall_plaga: 0.6778
[1m 8/17[0m [32m━━━━━━━━━[0m[37m━━━━━━━━━━━[0m [1m12s[0m 1s/step - accuracy: 0.7560 - auc: 0.8922 - f2_macro: 0.7699 - f2_plaga: 0.7159 - loss: 0.7078 - precision: 0.5860 - recall: 0.9178 - recall_plaga: 0.6755
[1m 9/17[0m [32m━━━━━━━━━━[0m[37m━━━━━━━━━━[0m [1m11s[0m 1s/step - accuracy: 0.7534 - auc: 0.8891 - f2_macro: 0.7671 - f2_plaga: 0.7139 - loss: 0.7081 - precision: 0.5839 - recall: 0.9132 - recall_plaga: 0.6737
[1m10/17[0m [32m━━━━━━━━━━━[0m[37m━━━━━━━━━[0m [1m10s[0m 1s/step - accuracy: 0.7506 - auc: 0.8851 - f2_macro: 0.7639 - f2_plaga: 0.7121 - loss: 0.7092 - precision: 0.5813 - recall: 0.9079 - recall_plaga: 0.6721
[1m11/17[0m [32m━━━━━━━━━━━━[0m[37m━━━━━━━━[0m [1m8s[0m 1s/step - accuracy: 0.7487 - auc: 0.8817 - f2_macro: 0.7618 - f2_plaga: 0.7110 - loss: 0.7100 - precision: 0.5789 - recall: 0.9044 - recall_plaga: 0.6712 
[1m12/17[0m [32m━━━━━━━━━━━━━━[0m[37m━━━━━━[0m [1m7s[0m 1s/step - accuracy: 0.7477 - auc: 0.8794 - f2_macro: 0.7606 - f2_plaga: 0.7108 - loss: 0.7101 - precision: 0.5777 - recall: 0.9018 - recall_plaga: 0.6712
[1m13/17[0m [32m━━━━━━━━━━━━━━━[0m[37m━━━━━[0m [1m5s[0m 1s/step - accuracy: 0.7472 - auc: 0.8777 - f2_macro: 0.7598 - f2_plaga: 0.7111 - loss: 0.7100 - precision: 0.5774 - recall: 0.8988 - recall_plaga: 0.6717
[1m14/17[0m [32m━━━━━━━━━━━━━━━━[0m[37m━━━━[0m [1m4s[0m 1s/step - accuracy: 0.7464 - auc: 0.8759 - f2_macro: 0.7587 - f2_plaga: 0.7115 - loss: 0.7101 - precision: 0.5770 - recall: 0.8951 - recall_plaga: 0.6724
[1m15/17[0m [32m━━━━━━━━━━━━━━━━━[0m[37m━━━[0m [1m2s[0m 1s/step - accuracy: 0.7462 - auc: 0.8742 - f2_macro: 0.7582 - f2_plaga: 0.7124 - loss: 0.7100 - precision: 0.5766 - recall: 0.8923 - recall_plaga: 0.6737
[1m16/17[0m [32m━━━━━━━━━━━━━━━━━━[0m[37m━━[0m [1m1s[0m 1s/step - accuracy: 0.7465 - auc: 0.8731 - f2_macro: 0.7581 - f2_plaga: 0.7137 - loss: 0.7095 - precision: 0.5765 - recall: 0.8903 - recall_plaga: 0.6752
[1m17/17[0m [32m━━━━━━━━━━━━━━━━━━━━[0m[37m[0m [1m0s[0m 1s/step - accuracy: 0.7469 - auc: 0.8720 - f2_macro: 0.7583 - f2_plaga: 0.7149 - loss: 0.7092 - precision: 0.5767 - recall: 0.8889 - recall_plaga: 0.6766
Epoch 3: val_f2_macro did not improve from 0.45639

[1m17/17[0m [32m━━━━━━━━━━━━━━━━━━━━[0m[37m[0m [1m26s[0m 2s/step - accuracy: 0.7538 - auc: 0.8544 - f2_macro: 0.7615 - f2_plaga: 0.7347 - loss: 0.7049 - precision: 0.5798 - recall: 0.8663 - recall_plaga: 0.7000 - val_accuracy: 0.6767 - val_auc: 0.5000 - val_f2_macro: 0.4564 - val_f2_plaga: 0.9128 - val_loss: 0.6836 - val_precision: 0.0000e+00 - val_recall: 0.0000e+00 - val_recall_plaga: 1.0000 - learning_rate: 1.0000e-04
Epoch 4/80

[1m 1/17[0m [32m━[0m[37m━━━━━━━━━━━━━━━━━━━[0m [1m23s[0m 1s/step - accuracy: 0.8438 - auc: 0.9227 - f2_macro: 0.8593 - f2_plaga: 0.8095 - loss: 0.5983 - precision: 0.6667 - recall: 1.0000 - recall_plaga: 0.7727
[1m 2/17[0m [32m━━[0m[37m━━━━━━━━━━━━━━━━━━[0m [1m21s[0m 1s/step - accuracy: 0.8359 - auc: 0.9236 - f2_macro: 0.8485 - f2_plaga: 0.8099 - loss: 0.6047 - precision: 0.6548 - recall: 0.9737 - recall_plaga: 0.7753
[1m 3/17[0m [32m━━━[0m[37m━━━━━━━━━━━━━━━━━[0m [1m20s[0m 1s/step - accuracy: 0.8351 - auc: 0.9251 - f2_macro: 0.8464 - f2_plaga: 0.8094 - loss: 0.6055 - precision: 0.6661 - recall: 0.9623 - recall_plaga: 0.7761
[1m 4/17[0m [32m━━━━[0m[37m━━━━━━━━━━━━━━━━[0m [1m19s[0m 1s/step - accuracy: 0.8294 - auc: 0.9212 - f2_macro: 0.8393 - f2_plaga: 0.8059 - loss: 0.6075 - precision: 0.6704 - recall: 0.9445 - recall_plaga: 0.7741
[1m 5/17[0m [32m━━━━━[0m[37m━━━━━━━━━━━━━━━[0m [1m17s[0m 1s/step - accuracy: 0.8273 - auc: 0.9186 - f2_macro: 0.8366 - f2_plaga: 0.8040 - loss: 0.6099 - precision: 0.6732 - recall: 0.9381 - recall_plaga: 0.7727
[1m 6/17[0m [32m━━━━━━━[0m[37m━━━━━━━━━━━━━[0m [1m16s[0m 1s/step - accuracy: 0.8231 - auc: 0.9127 - f2_macro: 0.8317 - f2_plaga: 0.8010 - loss: 0.6146 - precision: 0.6721 - recall: 0.9288 - recall_plaga: 0.7703
[1m 7/17[0m [32m━━━━━━━━[0m[37m━━━━━━━━━━━━[0m [1m15s[0m 2s/step - accuracy: 0.8171 - auc: 0.9076 - f2_macro: 0.8254 - f2_plaga: 0.7961 - loss: 0.6181 - precision: 0.6640 - recall: 0.9213 - recall_plaga: 0.7652
[1m 8/17[0m [32m━━━━━━━━━[0m[37m━━━━━━━━━━━[0m [1m13s[0m 2s/step - accuracy: 0.8117 - auc: 0.9024 - f2_macro: 0.8191 - f2_plaga: 0.7926 - loss: 0.6224 - precision: 0.6571 - recall: 0.9116 - recall_plaga: 0.7621
[1m 9/17[0m [32m━━━━━━━━━━[0m[37m━━━━━━━━━━[0m [1m12s[0m 2s/step - accuracy: 0.8071 - auc: 0.8980 - f2_macro: 0.8137 - f2_plaga: 0.7904 - loss: 0.6254 - precision: 0.6532 - recall: 0.9008 - recall_plaga: 0.7606
[1m10/17[0m [32m━━━━━━━━━━━[0m[37m━━━━━━━━━[0m [1m10s[0m 2s/step - accuracy: 0.8023 - auc: 0.8928 - f2_macro: 0.8081 - f2_plaga: 0.7876 - loss: 0.6291 - precision: 0.6484 - recall: 0.8911 - recall_plaga: 0.7582
[1m11/17[0m [32m━━━━━━━━━━━━[0m[37m━━━━━━━━[0m [1m8s[0m 1s/step - accuracy: 0.7989 - auc: 0.8886 - f2_macro: 0.8041 - f2_plaga: 0.7855 - loss: 0.6322 - precision: 0.6443 - recall: 0.8844 - recall_plaga: 0.7564 
[1m12/17[0m [32m━━━━━━━━━━━━━━[0m[37m━━━━━━[0m [1m7s[0m 1s/step - accuracy: 0.7963 - auc: 0.8853 - f2_macro: 0.8011 - f2_plaga: 0.7842 - loss: 0.6344 - precision: 0.6414 - recall: 0.8788 - recall_plaga: 0.7554
[1m13/17[0m [32m━━━━━━━━━━━━━━━[0m[37m━━━━━[0m [1m5s[0m 1s/step - accuracy: 0.7942 - auc: 0.8823 - f2_macro: 0.7984 - f2_plaga: 0.7837 - loss: 0.6363 - precision: 0.6397 - recall: 0.8726 - recall_plaga: 0.7553
[1m14/17[0m [32m━━━━━━━━━━━━━━━━[0m[37m━━━━[0m [1m4s[0m 1s/step - accuracy: 0.7925 - auc: 0.8795 - f2_macro: 0.7959 - f2_plaga: 0.7837 - loss: 0.6381 - precision: 0.6387 - recall: 0.8660 - recall_plaga: 0.7560
[1m15/17[0m [32m━━━━━━━━━━━━━━━━━[0m[37m━━━[0m [1m2s[0m 1s/step - accuracy: 0.7911 - auc: 0.8770 - f2_macro: 0.7936 - f2_plaga: 0.7842 - loss: 0.6395 - precision: 0.6374 - recall: 0.8596 - recall_plaga: 0.7571
[1m16/17[0m [32m━━━━━━━━━━━━━━━━━━[0m[37m━━[0m [1m1s[0m 1s/step - accuracy: 0.7900 - auc: 0.8752 - f2_macro: 0.7918 - f2_plaga: 0.7846 - loss: 0.6402 - precision: 0.6362 - recall: 0.8543 - recall_plaga: 0.7580
[1m17/17[0m [32m━━━━━━━━━━━━━━━━━━━━[0m[37m[0m [1m0s[0m 1s/step - accuracy: 0.7892 - auc: 0.8736 - f2_macro: 0.7905 - f2_plaga: 0.7851 - loss: 0.6408 - precision: 0.6354 - recall: 0.8502 - recall_plaga: 0.7589
Epoch 4: val_f2_macro did not improve from 0.45639

[1m17/17[0m [32m━━━━━━━━━━━━━━━━━━━━[0m[37m[0m [1m26s[0m 2s/step - accuracy: 0.7763 - auc: 0.8481 - f2_macro: 0.7689 - f2_plaga: 0.7920 - loss: 0.6520 - precision: 0.6221 - recall: 0.7849 - recall_plaga: 0.7722 - val_accuracy: 0.6767 - val_auc: 0.5000 - val_f2_macro: 0.4564 - val_f2_plaga: 0.9128 - val_loss: 0.6771 - val_precision: 0.0000e+00 - val_recall: 0.0000e+00 - val_recall_plaga: 1.0000 - learning_rate: 1.0000e-04
Epoch 5/80

[1m 1/17[0m [32m━[0m[37m━━━━━━━━━━━━━━━━━━━[0m [1m4:31[0m 17s/step - accuracy: 0.8438 - auc: 0.8773 - f2_macro: 0.8593 - f2_plaga: 0.8095 - loss: 0.5938 - precision: 0.6667 - recall: 1.0000 - recall_plaga: 0.7727
[1m 2/17[0m [32m━━[0m[37m━━━━━━━━━━━━━━━━━━[0m [1m25s[0m 2s/step - accuracy: 0.8516 - auc: 0.8851 - f2_macro: 0.8624 - f2_plaga: 0.8291 - loss: 0.5839 - precision: 0.6795 - recall: 0.9737 - recall_plaga: 0.7975  
[1m 3/17[0m [32m━━━[0m[37m━━━━━━━━━━━━━━━━━[0m [1m23s[0m 2s/step - accuracy: 0.8594 - auc: 0.8972 - f2_macro: 0.8681 - f2_plaga: 0.8404 - loss: 0.5719 - precision: 0.7050 - recall: 0.9623 - recall_plaga: 0.8121
[1m 4/17[0m [32m━━━━[0m[37m━━━━━━━━━━━━━━━━[0m [1m20s[0m 2s/step - accuracy: 0.8613 - auc: 0.9013 - f2_macro: 0.8678 - f2_plaga: 0.8475 - loss: 0.5698 - precision: 0.7222 - recall: 0.9445 - recall_plaga: 0.8225
[1m 5/17[0m [32m━━━━━[0m[37m━━━━━━━━━━━━━━━[0m [1m18s[0m 2s/step - accuracy: 0.8641 - auc: 0.9039 - f2_macro: 0.8695 - f2_plaga: 0.8522 - loss: 0.5678 - precision: 0.7330 - recall: 0.9381 - recall_plaga: 0.8288
[1m 6/17[0m [32m━━━━━━━[0m[37m━━━━━━━━━━━━━[0m [1m16s[0m 2s/step - accuracy: 0.8589 - auc: 0.9025 - f2_macro: 0.8631 - f2_plaga: 0.8500 - loss: 0.5698 - precision: 0.7316 - recall: 0.9239 - recall_plaga: 0.8278
[1m 7/17[0m [32m━━━━━━━━[0m[37m━━━━━━━━━━━━[0m [1m15s[0m 2s/step - accuracy: 0.8536 - auc: 0.9007 - f2_macro: 0.8571 - f2_plaga: 0.8462 - loss: 0.5715 - precision: 0.7239 - recall: 0.9152 - recall_plaga: 0.8240
[1m 8/17[0m [32m━━━━━━━━━[0m[37m━━━━━━━━━━━[0m [1m13s[0m 2s/step - accuracy: 0.8484 - auc: 0.8978 - f2_macro: 0.8511 - f2_plaga: 0.8427 - loss: 0.5746 - precision: 0.7167 - recall: 0.9062 - recall_plaga: 0.8207
[1m 9/17[0m [32m━━━━━━━━━━[0m[37m━━━━━━━━━━[0m [1m12s[0m 2s/step - accuracy: 0.8437 - auc: 0.8953 - f2_macro: 0.8455 - f2_plaga: 0.8400 - loss: 0.5770 - precision: 0.7121 - recall: 0.8960 - recall_plaga: 0.8185
[1m10/17[0m [32m━━━━━━━━━━━[0m[37m━━━━━━━━━[0m [1m10s[0m 2s/step - accuracy: 0.8384 - auc: 0.8906 - f2_macro: 0.8395 - f2_plaga: 0.8363 - loss: 0.5815 - precision: 0.7061 - recall: 0.8868 - recall_plaga: 0.8151
[1m11/17[0m [32m━━━━━━━━━━━━[0m[37m━━━━━━━━[0m [1m9s[0m 2s/step - accuracy: 0.8340 - auc: 0.8867 - f2_macro: 0.8345 - f2_plaga: 0.8330 - loss: 0.5851 - precision: 0.7002 - recall: 0.8797 - recall_plaga: 0.8120 
[1m12/17[0m [32m━━━━━━━━━━━━━━[0m[37m━━━━━━[0m [1m7s[0m 2s/step - accuracy: 0.8309 - auc: 0.8840 - f2_macro: 0.8309 - f2_plaga: 0.8311 - loss: 0.5873 - precision: 0.6963 - recall: 0.8738 - recall_plaga: 0.8102
[1m13/17[0m [32m━━━━━━━━━━━━━━━[0m[37m━━━━━[0m [1m6s[0m 2s/step - accuracy: 0.8283 - auc: 0.8817 - f2_macro: 0.8278 - f2_plaga: 0.8298 - loss: 0.5892 - precision: 0.6939 - recall: 0.8680 - recall_plaga: 0.8092
[1m14/17[0m [32m━━━━━━━━━━━━━━━━[0m[37m━━━━[0m [1m4s[0m 2s/step - accuracy: 0.8258 - auc: 0.8788 - f2_macro: 0.8245 - f2_plaga: 0.8288 - loss: 0.5917 - precision: 0.6917 - recall: 0.8613 - recall_plaga: 0.8087
[1m15/17[0m [32m━━━━━━━━━━━━━━━━━[0m[37m━━━[0m [1m3s[0m 2s/step - accuracy: 0.8236 - auc: 0.8762 - f2_macro: 0.8217 - f2_plaga: 0.8281 - loss: 0.5938 - precision: 0.6893 - recall: 0.8551 - recall_plaga: 0.8085
[1m16/17[0m [32m━━━━━━━━━━━━━━━━━━[0m[37m━━[0m [1m1s[0m 2s/step - accuracy: 0.8217 - auc: 0.8742 - f2_macro: 0.8191 - f2_plaga: 0.8275 - loss: 0.5952 - precision: 0.6869 - recall: 0.8498 - recall_plaga: 0.8082
[1m17/17[0m [32m━━━━━━━━━━━━━━━━━━━━[0m[37m[0m [1m0s[0m 1s/step - accuracy: 0.8199 - auc: 0.8723 - f2_macro: 0.8167 - f2_plaga: 0.8269 - loss: 0.5967 - precision: 0.6847 - recall: 0.8450 - recall_plaga: 0.8079
Epoch 5: val_f2_macro did not improve from 0.45639

[1m17/17[0m [32m━━━━━━━━━━━━━━━━━━━━[0m[37m[0m [1m42s[0m 2s/step - accuracy: 0.7914 - auc: 0.8424 - f2_macro: 0.7788 - f2_plaga: 0.8168 - loss: 0.6198 - precision: 0.6502 - recall: 0.7674 - recall_plaga: 0.8028 - val_accuracy: 0.6767 - val_auc: 0.6444 - val_f2_macro: 0.4564 - val_f2_plaga: 0.9128 - val_loss: 0.6717 - val_precision: 0.0000e+00 - val_recall: 0.0000e+00 - val_recall_plaga: 1.0000 - learning_rate: 1.0000e-04
Epoch 6/80

[1m 1/17[0m [32m━[0m[37m━━━━━━━━━━━━━━━━━━━[0m [1m23s[0m 1s/step - accuracy: 0.8750 - auc: 0.9045 - f2_macro: 0.8725 - f2_plaga: 0.8796 - loss: 0.5366 - precision: 0.7500 - recall: 0.9000 - recall_plaga: 0.8636
[1m 2/17[0m [32m━━[0m[37m━━━━━━━━━━━━━━━━━━[0m [1m21s[0m 1s/step - accuracy: 0.8828 - auc: 0.9143 - f2_macro: 0.8783 - f2_plaga: 0.8903 - loss: 0.5223 - precision: 0.7614 - recall: 0.8974 - recall_plaga: 0.8763
[1m 3/17[0m [32m━━━[0m[37m━━━━━━━━━━━━━━━━━[0m [1m20s[0m 1s/step - accuracy: 0.8872 - auc: 0.9218 - f2_macro: 0.8835 - f2_plaga: 0.8936 - loss: 0.5127 - precision: 0.7778 - recall: 0.9013 - recall_plaga: 0.8805
[1m 4/17[0m [32m━━━━[0m[37m━━━━━━━━━━━━━━━━[0m [1m19s[0m 1s/step - accuracy: 0.8861 - auc: 0.9251 - f2_macro: 0.8820 - f2_plaga: 0.8944 - loss: 0.5099 - precision: 0.7875 - recall: 0.8933 - recall_plaga: 0.8829
[1m 5/17[0m [32m━━━━━[0m[37m━━━━━━━━━━━━━━━[0m [1m17s[0m 1s/step - accuracy: 0.8851 - auc: 0.9270 - f2_macro: 0.8815 - f2_plaga: 0.8927 - loss: 0.5086 - precision: 0.7893 - recall: 0.8936 - recall_plaga: 0.8811
[1m 6/17[0m [32m━━━━━━━[0m[37m━━━━━━━━━━━━━[0m [1m15s[0m 1s/step - accuracy: 0.8799 - auc: 0.9250 - f2_macro: 0.8762 - f2_plaga: 0.8882 - loss: 0.5118 - precision: 0.7850 - recall: 0.8868 - recall_plaga: 0.8767
[1m 7/17[0m [32m━━━━━━━━[0m[37m━━━━━━━━━━━━[0m [1m14s[0m 1s/step - accuracy: 0.8741 - auc: 0.9228 - f2_macro: 0.8702 - f2_plaga: 0.8828 - loss: 0.5149 - precision: 0.7746 - recall: 0.8815 - recall_plaga: 0.8707
[1m 8/17[0m [32m━━━━━━━━━[0m[37m━━━━━━━━━━━[0m [1m13s[0m 1s/step - accuracy: 0.8689 - auc: 0.9193 - f2_macro: 0.8648 - f2_plaga: 0.8779 - loss: 0.5193 - precision: 0.7653 - recall: 0.8767 - recall_plaga: 0.8652
[1m 9/17[0m [32m━━━━━━━━━━[0m[37m━━━━━━━━━━[0m [1m11s[0m 1s/step - accuracy: 0.8638 - auc: 0.9154 - f2_macro: 0.8593 - f2_plaga: 0.8737 - loss: 0.5237 - precision: 0.7587 - recall: 0.8698 - recall_plaga: 0.8609
[1m10/17[0m [32m━━━━━━━━━━━[0m[37m━━━━━━━━━[0m [1m10s[0m 1s/step - accuracy: 0.8580 - auc: 0.9102 - f2_macro: 0.8532 - f2_plaga: 0.8686 - loss: 0.5297 - precision: 0.7505 - recall: 0.8632 - recall_plaga: 0.8556
[1m11/17[0m [32m━━━━━━━━━━━━[0m[37m━━━━━━━━[0m [1m8s[0m 1s/step - accuracy: 0.8531 - auc: 0.9059 - f2_macro: 0.8481 - f2_plaga: 0.8641 - loss: 0.5346 - precision: 0.7427 - recall: 0.8582 - recall_plaga: 0.8507 
[1m12/17[0m [32m━━━━━━━━━━━━━━[0m[37m━━━━━━[0m [1m7s[0m 1s/step - accuracy: 0.8495 - auc: 0.9027 - f2_macro: 0.8443 - f2_plaga: 0.8609 - loss: 0.5382 - precision: 0.7371 - recall: 0.8542 - recall_plaga: 0.8473
[1m13/17[0m [32m━━━━━━━━━━━━━━━[0m[37m━━━━━[0m [1m5s[0m 1s/step - accuracy: 0.8468 - auc: 0.9000 - f2_macro: 0.8414 - f2_plaga: 0.8588 - loss: 0.5410 - precision: 0.7336 - recall: 0.8505 - recall_plaga: 0.8452
[1m14/17[0m [32m━━━━━━━━━━━━━━━━[0m[37m━━━━[0m [1m4s[0m 1s/step - accuracy: 0.8436 - auc: 0.8975 - f2_macro: 0.8376 - f2_plaga: 0.8567 - loss: 0.5442 - precision: 0.7298 - recall: 0.8445 - recall_plaga: 0.8433
[1m15/17[0m [32m━━━━━━━━━━━━━━━━━[0m[37m━━━[0m [1m2s[0m 1s/step - accuracy: 0.8405 - auc: 0.8951 - f2_macro: 0.8339 - f2_plaga: 0.8550 - loss: 0.5470 - precision: 0.7257 - recall: 0.8382 - recall_plaga: 0.8418
[1m16/17[0m [32m━━━━━━━━━━━━━━━━━━[0m[37m━━[0m [1m1s[0m 1s/step - accuracy: 0.8382 - auc: 0.8932 - f2_macro: 0.8309 - f2_plaga: 0.8537 - loss: 0.5492 - precision: 0.7223 - recall: 0.8331 - recall_plaga: 0.8407
[1m17/17[0m [32m━━━━━━━━━━━━━━━━━━━━[0m[37m[0m [1m0s[0m 1s/step - accuracy: 0.8360 - auc: 0.8912 - f2_macro: 0.8282 - f2_plaga: 0.8524 - loss: 0.5514 - precision: 0.7193 - recall: 0.8286 - recall_plaga: 0.8396
Epoch 6: val_f2_macro did not improve from 0.45639

[1m17/17[0m [32m━━━━━━━━━━━━━━━━━━━━[0m[37m[0m [1m25s[0m 1s/step - accuracy: 0.8008 - auc: 0.8604 - f2_macro: 0.7847 - f2_plaga: 0.8324 - loss: 0.5866 - precision: 0.6701 - recall: 0.7558 - recall_plaga: 0.8222 - val_accuracy: 0.6767 - val_auc: 0.5000 - val_f2_macro: 0.4564 - val_f2_plaga: 0.9128 - val_loss: 0.6677 - val_precision: 0.0000e+00 - val_recall: 0.0000e+00 - val_recall_plaga: 1.0000 - learning_rate: 1.0000e-04
Epoch 7/80

[1m 1/17[0m [32m━[0m[37m━━━━━━━━━━━━━━━━━━━[0m [1m23s[0m 1s/step - accuracy: 0.8125 - auc: 0.9136 - f2_macro: 0.7818 - f2_plaga: 0.8636 - loss: 0.4945 - precision: 0.7000 - recall: 0.7000 - recall_plaga: 0.8636
[1m 2/17[0m [32m━━[0m[37m━━━━━━━━━━━━━━━━━━[0m [1m22s[0m 2s/step - accuracy: 0.8281 - auc: 0.9258 - f2_macro: 0.8028 - f2_plaga: 0.8690 - loss: 0.4715 - precision: 0.7071 - recall: 0.7447 - recall_plaga: 0.8652
[1m 3/17[0m [32m━━━[0m[37m━━━━━━━━━━━━━━━━━[0m [1m21s[0m 2s/step - accuracy: 0.8403 - auc: 0.9276 - f2_macro: 0.8210 - f2_plaga: 0.8732 - loss: 0.4674 - precision: 0.7307 - recall: 0.7793 - recall_plaga: 0.8678
[1m 4/17[0m [32m━━━━[0m[37m━━━━━━━━━━━━━━━━[0m [1m19s[0m 2s/step - accuracy: 0.8451 - auc: 0.9281 - f2_macro: 0.8284 - f2_plaga: 0.8755 - loss: 0.4701 - precision: 0.7459 - recall: 0.7910 - recall_plaga: 0.8703
[1m 5/17[0m [32m━━━━━[0m[37m━━━━━━━━━━━━━━━[0m [1m18s[0m 2s/step - accuracy: 0.8498 - auc: 0.9282 - f2_macro: 0.8349 - f2_plaga: 0.8781 - loss: 0.4712 - precision: 0.7567 - recall: 0.8012 - recall_plaga: 0.8730
[1m 6/17[0m [32m━━━━━━━[0m[37m━━━━━━━━━━━━━[0m [1m16s[0m 2s/step - accuracy: 0.8479 - auc: 0.9227 - f2_macro: 0.8340 - f2_plaga: 0.8754 - loss: 0.4802 - precision: 0.7562 - recall: 0.8025 - recall_plaga: 0.8700
[1m 7/17[0m [32m━━━━━━━━[0m[37m━━━━━━━━━━━━[0m [1m15s[0m 2s/step - accuracy: 0.8454 - auc: 0.9188 - f2_macro: 0.8323 - f2_plaga: 0.8715 - loss: 0.4866 - precision: 0.7490 - recall: 0.8053 - recall_plaga: 0.8649
[1m 8/17[0m [32m━━━━━━━━━[0m[37m━━━━━━━━━━━[0m [1m13s[0m 2s/step - accuracy: 0.8418 - auc: 0.9136 - f2_macro: 0.8289 - f2_plaga: 0.8674 - loss: 0.4947 - precision: 0.7413 - recall: 0.8040 - recall_plaga: 0.8601
[1m 9/17[0m [32m━━━━━━━━━━[0m[37m━━━━━━━━━━[0m [1m11s[0m 1s/step - accuracy: 0.8389 - auc: 0.9096 - f2_macro: 0.8261 - f2_plaga: 0.8646 - loss: 0.5012 - precision: 0.7371 - recall: 0.8017 - recall_plaga: 0.8570
[1m10/17[0m [32m━━━━━━━━━━━[0m[37m━━━━━━━━━[0m [1m10s[0m 1s/step - accuracy: 0.8356 - auc: 0.9052 - f2_macro: 0.8229 - f2_plaga: 0.8614 - loss: 0.5082 - precision: 0.7320 - recall: 0.7991 - recall_plaga: 0.8535
[1m11/17[0m [32m━━━━━━━━━━━━[0m[37m━━━━━━━━[0m [1m8s[0m 1s/step - accuracy: 0.8325 - auc: 0.9014 - f2_macro: 0.8198 - f2_plaga: 0.8583 - loss: 0.5141 - precision: 0.7263 - recall: 0.7968 - recall_plaga: 0.8499 
[1m12/17[0m [32m━━━━━━━━━━━━━━[0m[37m━━━━━━[0m [1m7s[0m 1s/step - accuracy: 0.8302 - auc: 0.8987 - f2_macro: 0.8176 - f2_plaga: 0.8559 - loss: 0.5185 - precision: 0.7221 - recall: 0.7952 - recall_plaga: 0.8472
[1m13/17[0m [32m━━━━━━━━━━━━━━━[0m[37m━━━━━[0m [1m5s[0m 1s/step - accuracy: 0.8281 - auc: 0.8963 - f2_macro: 0.8154 - f2_plaga: 0.8541 - loss: 0.5225 - precision: 0.7192 - recall: 0.7927 - recall_plaga: 0.8454
[1m14/17[0m [32m━━━━━━━━━━━━━━━━[0m[37m━━━━[0m [1m4s[0m 1s/step - accuracy: 0.8259 - auc: 0.8940 - f2_macro: 0.8128 - f2_plaga: 0.8528 - loss: 0.5265 - precision: 0.7166 - recall: 0.7885 - recall_plaga: 0.8442
[1m15/17[0m [32m━━━━━━━━━━━━━━━━━[0m[37m━━━[0m [1m2s[0m 1s/step - accuracy: 0.8237 - auc: 0.8919 - f2_macro: 0.8101 - f2_plaga: 0.8515 - loss: 0.5299 - precision: 0.7134 - recall: 0.7842 - recall_plaga: 0.8431
[1m16/17[0m [32m━━━━━━━━━━━━━━━━━━[0m[37m━━[0m [1m1s[0m 1s/step - accuracy: 0.8220 - auc: 0.8905 - f2_macro: 0.8081 - f2_plaga: 0.8505 - loss: 0.5323 - precision: 0.7106 - recall: 0.7810 - recall_plaga: 0.8421
[1m17/17[0m [32m━━━━━━━━━━━━━━━━━━━━[0m[37m[0m [1m0s[0m 1s/step - accuracy: 0.8205 - auc: 0.8890 - f2_macro: 0.8061 - f2_plaga: 0.8494 - loss: 0.5347 - precision: 0.7080 - recall: 0.7782 - recall_plaga: 0.8411
Epoch 7: val_f2_macro did not improve from 0.45639

[1m17/17[0m [32m━━━━━━━━━━━━━━━━━━━━[0m[37m[0m [1m26s[0m 2s/step - accuracy: 0.7951 - auc: 0.8655 - f2_macro: 0.7756 - f2_plaga: 0.8329 - loss: 0.5734 - precision: 0.6667 - recall: 0.7326 - recall_plaga: 0.8250 - val_accuracy: 0.6767 - val_auc: 0.5056 - val_f2_macro: 0.4564 - val_f2_plaga: 0.9128 - val_loss: 0.6644 - val_precision: 0.0000e+00 - val_recall: 0.0000e+00 - val_recall_plaga: 1.0000 - learning_rate: 1.0000e-04
Epoch 8/80

[1m 1/17[0m [32m━[0m[37m━━━━━━━━━━━━━━━━━━━[0m [1m22s[0m 1s/step - accuracy: 0.9062 - auc: 0.9159 - f2_macro: 0.9156 - f2_plaga: 0.8879 - loss: 0.4527 - precision: 0.7692 - recall: 1.0000 - recall_plaga: 0.8636
[1m 2/17[0m [32m━━[0m[37m━━━━━━━━━━━━━━━━━━[0m [1m21s[0m 1s/step - accuracy: 0.9062 - auc: 0.9252 - f2_macro: 0.9113 - f2_plaga: 0.8964 - loss: 0.4530 - precision: 0.7759 - recall: 0.9737 - recall_plaga: 0.8763
[1m 3/17[0m [32m━━━[0m[37m━━━━━━━━━━━━━━━━━[0m [1m19s[0m 1s/step - accuracy: 0.9062 - auc: 0.9303 - f2_macro: 0.9101 - f2_plaga: 0.8987 - loss: 0.4504 - precision: 0.7892 - recall: 0.9623 - recall_plaga: 0.8805
[1m 4/17[0m [32m━━━━[0m[37m━━━━━━━━━━━━━━━━[0m [1m18s[0m 1s/step - accuracy: 0.9023 - auc: 0.9302 - f2_macro: 0.9037 - f2_plaga: 0.9007 - loss: 0.4538 - precision: 0.8002 - recall: 0.9391 - recall_plaga: 0.8860
[1m 5/17[0m [32m━━━━━[0m[37m━━━━━━━━━━━━━━━[0m [1m17s[0m 1s/step - accuracy: 0.8994 - auc: 0.9309 - f2_macro: 0.8999 - f2_plaga: 0.8994 - loss: 0.4541 - precision: 0.8021 - recall: 0.9302 - recall_plaga: 0.8855
[1m 6/17[0m [32m━━━━━━━[0m[37m━━━━━━━━━━━━━[0m [1m15s[0m 1s/step - accuracy: 0.8927 - auc: 0.9278 - f2_macro: 0.8923 - f2_plaga: 0.8949 - loss: 0.4604 - precision: 0.7973 - recall: 0.9173 - recall_plaga: 0.8817
[1m 7/17[0m [32m━━━━━━━━[0m[37m━━━━━━━━━━━━[0m [1m14s[0m 1s/step - accuracy: 0.8870 - auc: 0.9255 - f2_macro: 0.8857 - f2_plaga: 0.8909 - loss: 0.4652 - precision: 0.7888 - recall: 0.9076 - recall_plaga: 0.8778
[1m 8/17[0m [32m━━━━━━━━━[0m[37m━━━━━━━━━━━[0m [1m13s[0m 1s/step - accuracy: 0.8811 - auc: 0.9218 - f2_macro: 0.8789 - f2_plaga: 0.8867 - loss: 0.4719 - precision: 0.7801 - recall: 0.8981 - recall_plaga: 0.8736
[1m 9/17[0m [32m━━━━━━━━━━[0m[37m━━━━━━━━━━[0m [1m11s[0m 1s/step - accuracy: 0.8754 - auc: 0.9183 - f2_macro: 0.8723 - f2_plaga: 0.8829 - loss: 0.4781 - precision: 0.7737 - recall: 0.8876 - recall_plaga: 0.8702
[1m10/17[0m [32m━━━━━━━━━━━[0m[37m━━━━━━━━━[0m [1m10s[0m 1s/step - accuracy: 0.8691 - auc: 0.9134 - f2_macro: 0.8653 - f2_plaga: 0.8780 - loss: 0.4858 - precision: 0.7654 - recall: 0.8783 - recall_plaga: 0.8653
[1m11/17[0m [32m━━━━━━━━━━━━[0m[37m━━━━━━━━[0m [1m8s[0m 1s/step - accuracy: 0.8637 - auc: 0.9092 - f2_macro: 0.8594 - f2_plaga: 0.8736 - loss: 0.4923 - precision: 0.7573 - recall: 0.8712 - recall_plaga: 0.8607 
[1m12/17[0m [32m━━━━━━━━━━━━━━[0m[37m━━━━━━[0m [1m7s[0m 1s/step - accuracy: 0.8594 - auc: 0.9060 - f2_macro: 0.8548 - f2_plaga: 0.8701 - loss: 0.4975 - precision: 0.7511 - recall: 0.8654 - recall_plaga: 0.8571
[1m13/17[0m [32m━━━━━━━━━━━━━━━[0m[37m━━━━━[0m [1m5s[0m 1s/step - accuracy: 0.8562 - auc: 0.9034 - f2_macro: 0.8512 - f2_plaga: 0.8675 - loss: 0.5018 - precision: 0.7468 - recall: 0.8608 - recall_plaga: 0.8545
[1m14/17[0m [32m━━━━━━━━━━━━━━━━[0m[37m━━━━[0m [1m4s[0m 1s/step - accuracy: 0.8531 - auc: 0.9009 - f2_macro: 0.8476 - f2_plaga: 0.8655 - loss: 0.5061 - precision: 0.7432 - recall: 0.8550 - recall_plaga: 0.8527
[1m15/17[0m [32m━━━━━━━━━━━━━━━━━[0m[37m━━━[0m [1m2s[0m 1s/step - accuracy: 0.8501 - auc: 0.8986 - f2_macro: 0.8440 - f2_plaga: 0.8636 - loss: 0.5100 - precision: 0.7391 - recall: 0.8493 - recall_plaga: 0.8510
[1m16/17[0m [32m━━━━━━━━━━━━━━━━━━[0m[37m━━[0m [1m1s[0m 1s/step - accuracy: 0.8477 - auc: 0.8969 - f2_macro: 0.8411 - f2_plaga: 0.8622 - loss: 0.5127 - precision: 0.7357 - recall: 0.8447 - recall_plaga: 0.8496
[1m17/17[0m [32m━━━━━━━━━━━━━━━━━━━━[0m[37m[0m [1m0s[0m 1s/step - accuracy: 0.8456 - auc: 0.8952 - f2_macro: 0.8386 - f2_plaga: 0.8608 - loss: 0.5155 - precision: 0.7326 - recall: 0.8409 - recall_plaga: 0.8484
Epoch 8: val_f2_macro did not improve from 0.45639

[1m17/17[0m [32m━━━━━━━━━━━━━━━━━━━━[0m[37m[0m [1m26s[0m 2s/step - accuracy: 0.8120 - auc: 0.8682 - f2_macro: 0.7984 - f2_plaga: 0.8390 - loss: 0.5596 - precision: 0.6837 - recall: 0.7791 - recall_plaga: 0.8278 - val_accuracy: 0.6767 - val_auc: 0.6444 - val_f2_macro: 0.4564 - val_f2_plaga: 0.9128 - val_loss: 0.6605 - val_precision: 0.0000e+00 - val_recall: 0.0000e+00 - val_recall_plaga: 1.0000 - learning_rate: 1.0000e-04
Epoch 9/80

[1m 1/17[0m [32m━[0m[37m━━━━━━━━━━━━━━━━━━━[0m [1m22s[0m 1s/step - accuracy: 0.8125 - auc: 0.8909 - f2_macro: 0.8013 - f2_plaga: 0.8333 - loss: 0.4941 - precision: 0.6667 - recall: 0.8000 - recall_plaga: 0.8182
[1m 2/17[0m [32m━━[0m[37m━━━━━━━━━━━━━━━━━━[0m [1m20s[0m 1s/step - accuracy: 0.8359 - auc: 0.9080 - f2_macro: 0.8243 - f2_plaga: 0.8559 - loss: 0.4727 - precision: 0.6970 - recall: 0.8211 - recall_plaga: 0.8424
[1m 3/17[0m [32m━━━[0m[37m━━━━━━━━━━━━━━━━━[0m [1m19s[0m 1s/step - accuracy: 0.8490 - auc: 0.9158 - f2_macro: 0.8399 - f2_plaga: 0.8653 - loss: 0.4650 - precision: 0.7259 - recall: 0.8403 - recall_plaga: 0.8526
[1m 4/17[0m [32m━━━━[0m[37m━━━━━━━━━━━━━━━━[0m [1m18s[0m 1s/step - accuracy: 0.8574 - auc: 0.9184 - f2_macro: 0.8485 - f2_plaga: 0.8752 - loss: 0.4659 - precision: 0.7519 - recall: 0.8422 - recall_plaga: 0.8651
[1m 5/17[0m [32m━━━━━[0m[37m━━━━━━━━━━━━━━━[0m [1m17s[0m 1s/step - accuracy: 0.8622 - auc: 0.9201 - f2_macro: 0.8537 - f2_plaga: 0.8798 - loss: 0.4657 - precision: 0.7648 - recall: 0.8457 - recall_plaga: 0.8707
[1m 6/17[0m [32m━━━━━━━[0m[37m━━━━━━━━━━━━━[0m [1m15s[0m 1s/step - accuracy: 0.8617 - auc: 0.9183 - f2_macro: 0.8531 - f2_plaga: 0.8804 - loss: 0.4711 - precision: 0.7688 - recall: 0.8420 - recall_plaga: 0.8721
[1m 7/17[0m [32m━━━━━━━━[0m[37m━━━━━━━━━━━━[0m [1m14s[0m 1s/step - accuracy: 0.8604 - auc: 0.9169 - f2_macro: 0.8514 - f2_plaga: 0.8797 - loss: 0.4745 - precision: 0.7661 - recall: 0.8391 - recall_plaga: 0.8714
[1m 8/17[0m [32m━━━━━━━━━[0m[37m━━━━━━━━━━━[0m [1m13s[0m 1s/step - accuracy: 0.8579 - auc: 0.9140 - f2_macro: 0.8484 - f2_plaga: 0.8778 - loss: 0.4802 - precision: 0.7614 - recall: 0.8351 - recall_plaga: 0.8694
[1m 9/17[0m [32m━━━━━━━━━━[0m[37m━━━━━━━━━━[0m [1m11s[0m 1s/step - accuracy: 0.8551 - auc: 0.9107 - f2_macro: 0.8451 - f2_plaga: 0.8763 - loss: 0.4860 - precision: 0.7588 - recall: 0.8294 - recall_plaga: 0.8682
[1m10/17[0m [32m━━━━━━━━━━━[0m[37m━━━━━━━━━[0m [1m10s[0m 1s/step - accuracy: 0.8515 - auc: 0.9069 - f2_macro: 0.8412 - f2_plaga: 0.8732 - loss: 0.4926 - precision: 0.7535 - recall: 0.8250 - recall_plaga: 0.8650
[1m11/17[0m [32m━━━━━━━━━━━━[0m[37m━━━━━━━━[0m [1m8s[0m 1s/step - accuracy: 0.8485 - auc: 0.9037 - f2_macro: 0.8382 - f2_plaga: 0.8701 - loss: 0.4979 - precision: 0.7479 - recall: 0.8227 - recall_plaga: 0.8615 
[1m12/17[0m [32m━━━━━━━━━━━━━━[0m[37m━━━━━━[0m [1m7s[0m 1s/step - accuracy: 0.8463 - auc: 0.9009 - f2_macro: 0.8360 - f2_plaga: 0.8681 - loss: 0.5022 - precision: 0.7440 - recall: 0.8209 - recall_plaga: 0.8592
[1m13/17[0m [32m━━━━━━━━━━━━━━━[0m[37m━━━━━[0m [1m5s[0m 1s/step - accuracy: 0.8447 - auc: 0.8989 - f2_macro: 0.8343 - f2_plaga: 0.8665 - loss: 0.5056 - precision: 0.7415 - recall: 0.8192 - recall_plaga: 0.8575
[1m14/17[0m [32m━━━━━━━━━━━━━━━━[0m[37m━━━━[0m [1m4s[0m 1s/step - accuracy: 0.8428 - auc: 0.8970 - f2_macro: 0.8323 - f2_plaga: 0.8651 - loss: 0.5090 - precision: 0.7392 - recall: 0.8164 - recall_plaga: 0.8562
[1m15/17[0m [32m━━━━━━━━━━━━━━━━━[0m[37m━━━[0m [1m2s[0m 1s/step - accuracy: 0.8410 - auc: 0.8952 - f2_macro: 0.8301 - f2_plaga: 0.8638 - loss: 0.5121 - precision: 0.7362 - recall: 0.8133 - recall_plaga: 0.8549
[1m16/17[0m [32m━━━━━━━━━━━━━━━━━━[0m[37m━━[0m [1m1s[0m 1s/step - accuracy: 0.8394 - auc: 0.8938 - f2_macro: 0.8284 - f2_plaga: 0.8626 - loss: 0.5142 - precision: 0.7333 - recall: 0.8113 - recall_plaga: 0.8535
[1m17/17[0m [32m━━━━━━━━━━━━━━━━━━━━[0m[37m[0m [1m0s[0m 1s/step - accuracy: 0.8380 - auc: 0.8926 - f2_macro: 0.8269 - f2_plaga: 0.8612 - loss: 0.5162 - precision: 0.7305 - recall: 0.8101 - recall_plaga: 0.8520
Epoch 9: val_f2_macro did not improve from 0.45639

[1m17/17[0m [32m━━━━━━━━━━━━━━━━━━━━[0m[37m[0m [1m25s[0m 1s/step - accuracy: 0.8158 - auc: 0.8730 - f2_macro: 0.8037 - f2_plaga: 0.8399 - loss: 0.5470 - precision: 0.6869 - recall: 0.7907 - recall_plaga: 0.8278 - val_accuracy: 0.6767 - val_auc: 0.7379 - val_f2_macro: 0.4564 - val_f2_plaga: 0.9128 - val_loss: 0.6592 - val_precision: 0.0000e+00 - val_recall: 0.0000e+00 - val_recall_plaga: 1.0000 - learning_rate: 1.0000e-04
Epoch 10/80

[1m 1/17[0m [32m━[0m[37m━━━━━━━━━━━━━━━━━━━[0m [1m25s[0m 2s/step - accuracy: 0.8750 - auc: 0.8955 - f2_macro: 0.8875 - f2_plaga: 0.8491 - loss: 0.4958 - precision: 0.7143 - recall: 1.0000 - recall_plaga: 0.8182
[1m 2/17[0m [32m━━[0m[37m━━━━━━━━━━━━━━━━━━[0m [1m25s[0m 2s/step - accuracy: 0.8750 - auc: 0.9188 - f2_macro: 0.8834 - f2_plaga: 0.8583 - loss: 0.4591 - precision: 0.7171 - recall: 0.9737 - recall_plaga: 0.8313
[1m 3/17[0m [32m━━━[0m[37m━━━━━━━━━━━━━━━━━[0m [1m21s[0m 2s/step - accuracy: 0.8785 - auc: 0.9289 - f2_macro: 0.8852 - f2_plaga: 0.8644 - loss: 0.4445 - precision: 0.7364 - recall: 0.9623 - recall_plaga: 0.8399
[1m 4/17[0m [32m━━━━[0m[37m━━━━━━━━━━━━━━━━[0m [1m19s[0m 2s/step - accuracy: 0.8796 - auc: 0.9314 - f2_macro: 0.8841 - f2_plaga: 0.8705 - loss: 0.4431 - precision: 0.7533 - recall: 0.9445 - recall_plaga: 0.8495
[1m 5/17[0m [32m━━━━━[0m[37m━━━━━━━━━━━━━━━[0m [1m17s[0m 1s/step - accuracy: 0.8811 - auc: 0.9321 - f2_macro: 0.8848 - f2_plaga: 0.8739 - loss: 0.4420 - precision: 0.7626 - recall: 0.9381 - recall_plaga: 0.8543
[1m 6/17[0m [32m━━━━━━━[0m[37m━━━━━━━━━━━━━[0m [1m16s[0m 1s/step - accuracy: 0.8784 - auc: 0.9285 - f2_macro: 0.8811 - f2_plaga: 0.8731 - loss: 0.4484 - precision: 0.7637 - recall: 0.9288 - recall_plaga: 0.8544
[1m 7/17[0m [32m━━━━━━━━[0m[37m━━━━━━━━━━━━[0m [1m14s[0m 1s/step - accuracy: 0.8754 - auc: 0.9257 - f2_macro: 0.8773 - f2_plaga: 0.8718 - loss: 0.4531 - precision: 0.7597 - recall: 0.9213 - recall_plaga: 0.8534
[1m 8/17[0m [32m━━━━━━━━━[0m[37m━━━━━━━━━━━[0m [1m13s[0m 1s/step - accuracy: 0.8719 - auc: 0.9220 - f2_macro: 0.8731 - f2_plaga: 0.8697 - loss: 0.4596 - precision: 0.7548 - recall: 0.9146 - recall_plaga: 0.8515
[1m 9/17[0m [32m━━━━━━━━━━[0m[37m━━━━━━━━━━[0m [1m11s[0m 1s/step - accuracy: 0.8684 - auc: 0.9180 - f2_macro: 0.8689 - f2_plaga: 0.8677 - loss: 0.4663 - precision: 0.7515 - recall: 0.9069 - recall_plaga: 0.8500
[1m10/17[0m [32m━━━━━━━━━━━[0m[37m━━━━━━━━━[0m [1m10s[0m 1s/step - accuracy: 0.8637 - auc: 0.9134 - f2_macro: 0.8637 - f2_plaga: 0.8643 - loss: 0.4741 - precision: 0.7459 - recall: 0.8994 - recall_plaga: 0.8467
[1m11/17[0m [32m━━━━━━━━━━━━[0m[37m━━━━━━━━[0m [1m8s[0m 1s/step - accuracy: 0.8596 - auc: 0.9095 - f2_macro: 0.8591 - f2_plaga: 0.8610 - loss: 0.4805 - precision: 0.7400 - recall: 0.8935 - recall_plaga: 0.8434 
[1m12/17[0m [32m━━━━━━━━━━━━━━[0m[37m━━━━━━[0m [1m7s[0m 1s/step - accuracy: 0.8565 - auc: 0.9066 - f2_macro: 0.8557 - f2_plaga: 0.8588 - loss: 0.4854 - precision: 0.7359 - recall: 0.8885 - recall_plaga: 0.8412
[1m13/17[0m [32m━━━━━━━━━━━━━━━[0m[37m━━━━━[0m [1m5s[0m 1s/step - accuracy: 0.8539 - auc: 0.9043 - f2_macro: 0.8525 - f2_plaga: 0.8572 - loss: 0.4894 - precision: 0.7331 - recall: 0.8833 - recall_plaga: 0.8398
[1m14/17[0m [32m━━━━━━━━━━━━━━━━[0m[37m━━━━[0m [1m4s[0m 1s/step - accuracy: 0.8512 - auc: 0.9022 - f2_macro: 0.8493 - f2_plaga: 0.8559 - loss: 0.4934 - precision: 0.7307 - recall: 0.8768 - recall_plaga: 0.8391
[1m15/17[0m [32m━━━━━━━━━━━━━━━━━[0m[37m━━━[0m [1m2s[0m 1s/step - accuracy: 0.8487 - auc: 0.9002 - f2_macro: 0.8459 - f2_plaga: 0.8549 - loss: 0.4970 - precision: 0.7278 - recall: 0.8701 - recall_plaga: 0.8385
[1m16/17[0m [32m━━━━━━━━━━━━━━━━━━[0m[37m━━[0m [1m1s[0m 1s/step - accuracy: 0.8465 - auc: 0.8987 - f2_macro: 0.8431 - f2_plaga: 0.8541 - loss: 0.4996 - precision: 0.7252 - recall: 0.8646 - recall_plaga: 0.8379
[1m17/17[0m [32m━━━━━━━━━━━━━━━━━━━━[0m[37m[0m [1m0s[0m 1s/step - accuracy: 0.8445 - auc: 0.8971 - f2_macro: 0.8404 - f2_plaga: 0.8532 - loss: 0.5024 - precision: 0.7228 - recall: 0.8595 - recall_plaga: 0.8373
Epoch 10: val_f2_macro did not improve from 0.45639

[1m17/17[0m [32m━━━━━━━━━━━━━━━━━━━━[0m[37m[0m [1m26s[0m 1s/step - accuracy: 0.8120 - auc: 0.8721 - f2_macro: 0.7984 - f2_plaga: 0.8390 - loss: 0.5462 - precision: 0.6837 - recall: 0.7791 - recall_plaga: 0.8278 - val_accuracy: 0.6767 - val_auc: 0.6444 - val_f2_macro: 0.4564 - val_f2_plaga: 0.9128 - val_loss: 0.6555 - val_precision: 0.0000e+00 - val_recall: 0.0000e+00 - val_recall_plaga: 1.0000 - learning_rate: 1.0000e-04
Epoch 11/80

[1m 1/17[0m [32m━[0m[37m━━━━━━━━━━━━━━━━━━━[0m [1m22s[0m 1s/step - accuracy: 0.9375 - auc: 0.9318 - f2_macro: 0.9437 - f2_plaga: 0.9259 - loss: 0.4096 - precision: 0.8333 - recall: 1.0000 - recall_plaga: 0.9091
[1m 2/17[0m [32m━━[0m[37m━━━━━━━━━━━━━━━━━━[0m [1m21s[0m 1s/step - accuracy: 0.9297 - auc: 0.9358 - f2_macro: 0.9323 - f2_plaga: 0.9247 - loss: 0.4150 - precision: 0.8258 - recall: 0.9737 - recall_plaga: 0.9101
[1m 3/17[0m [32m━━━[0m[37m━━━━━━━━━━━━━━━━━[0m [1m19s[0m 1s/step - accuracy: 0.9219 - auc: 0.9401 - f2_macro: 0.9226 - f2_plaga: 0.9209 - loss: 0.4183 - precision: 0.8283 - recall: 0.9522 - recall_plaga: 0.9083
[1m 4/17[0m [32m━━━━[0m[37m━━━━━━━━━━━━━━━━[0m [1m18s[0m 1s/step - accuracy: 0.9160 - auc: 0.9386 - f2_macro: 0.9148 - f2_plaga: 0.9199 - loss: 0.4261 - precision: 0.8340 - recall: 0.9315 - recall_plaga: 0.9099
[1m 5/17[0m [32m━━━━━[0m[37m━━━━━━━━━━━━━━━[0m [1m17s[0m 1s/step - accuracy: 0.9141 - auc: 0.9372 - f2_macro: 0.9122 - f2_plaga: 0.9195 - loss: 0.4287 - precision: 0.8372 - recall: 0.9242 - recall_plaga: 0.9104
[1m 6/17[0m [32m━━━━━━━[0m[37m━━━━━━━━━━━━━[0m [1m15s[0m 1s/step - accuracy: 0.9084 - auc: 0.9329 - f2_macro: 0.9059 - f2_plaga: 0.9153 - loss: 0.4366 - precision: 0.8324 - recall: 0.9147 - recall_plaga: 0.9066
[1m 7/17[0m [32m━━━━━━━━[0m[37m━━━━━━━━━━━━[0m [1m14s[0m 1s/step - accuracy: 0.9030 - auc: 0.9293 - f2_macro: 0.8999 - f2_plaga: 0.9110 - loss: 0.4423 - precision: 0.8232 - recall: 0.9073 - recall_plaga: 0.9019
[1m 8/17[0m [32m━━━━━━━━━[0m[37m━━━━━━━━━━━[0m [1m13s[0m 1s/step - accuracy: 0.8971 - auc: 0.9246 - f2_macro: 0.8935 - f2_plaga: 0.9057 - loss: 0.4502 - precision: 0.8128 - recall: 0.9009 - recall_plaga: 0.8961
[1m 9/17[0m [32m━━━━━━━━━━[0m[37m━━━━━━━━━━[0m [1m11s[0m 1s/step - accuracy: 0.8915 - auc: 0.9211 - f2_macro: 0.8875 - f2_plaga: 0.9011 - loss: 0.4565 - precision: 0.8050 - recall: 0.8935 - recall_plaga: 0.8914
[1m10/17[0m [32m━━━━━━━━━━━[0m[37m━━━━━━━━━[0m [1m10s[0m 1s/step - accuracy: 0.8852 - auc: 0.9163 - f2_macro: 0.8808 - f2_plaga: 0.8954 - loss: 0.4649 - precision: 0.7955 - recall: 0.8864 - recall_plaga: 0.8853
[1m11/17[0m [32m━━━━━━━━━━━━[0m[37m━━━━━━━━[0m [1m8s[0m 1s/step - accuracy: 0.8799 - auc: 0.9117 - f2_macro: 0.8754 - f2_plaga: 0.8903 - loss: 0.4725 - precision: 0.7864 - recall: 0.8817 - recall_plaga: 0.8797 
[1m12/17[0m [32m━━━━━━━━━━━━━━[0m[37m━━━━━━[0m [1m7s[0m 1s/step - accuracy: 0.8758 - auc: 0.9081 - f2_macro: 0.8711 - f2_plaga: 0.8865 - loss: 0.4785 - precision: 0.7796 - recall: 0.8777 - recall_plaga: 0.8755
[1m13/17[0m [32m━━━━━━━━━━━━━━━[0m[37m━━━━━[0m [1m5s[0m 1s/step - accuracy: 0.8724 - auc: 0.9052 - f2_macro: 0.8675 - f2_plaga: 0.8835 - loss: 0.4834 - precision: 0.7746 - recall: 0.8738 - recall_plaga: 0.8723
[1m14/17[0m [32m━━━━━━━━━━━━━━━━[0m[37m━━━━[0m [1m4s[0m 1s/step - accuracy: 0.8692 - auc: 0.9027 - f2_macro: 0.8641 - f2_plaga: 0.8809 - loss: 0.4878 - precision: 0.7702 - recall: 0.8695 - recall_plaga: 0.8697
[1m15/17[0m [32m━━━━━━━━━━━━━━━━━[0m[37m━━━[0m [1m2s[0m 1s/step - accuracy: 0.8661 - auc: 0.9006 - f2_macro: 0.8606 - f2_plaga: 0.8785 - loss: 0.4915 - precision: 0.7654 - recall: 0.8650 - recall_plaga: 0.8672
[1m16/17[0m [32m━━━━━━━━━━━━━━━━━━[0m[37m━━[0m [1m1s[0m 1s/step - accuracy: 0.8638 - auc: 0.8992 - f2_macro: 0.8579 - f2_plaga: 0.8766 - loss: 0.4941 - precision: 0.7614 - recall: 0.8617 - recall_plaga: 0.8653
[1m17/17[0m [32m━━━━━━━━━━━━━━━━━━━━[0m[37m[0m [1m0s[0m 1s/step - accuracy: 0.8615 - auc: 0.8977 - f2_macro: 0.8555 - f2_plaga: 0.8747 - loss: 0.4966 - precision: 0.7576 - recall: 0.8589 - recall_plaga: 0.8632
Epoch 11: val_f2_macro did not improve from 0.45639

[1m17/17[0m [32m━━━━━━━━━━━━━━━━━━━━[0m[37m[0m [1m25s[0m 1s/step - accuracy: 0.8252 - auc: 0.8753 - f2_macro: 0.8158 - f2_plaga: 0.8442 - loss: 0.5365 - precision: 0.6965 - recall: 0.8140 - recall_plaga: 0.8306 - val_accuracy: 0.6767 - val_auc: 0.6667 - val_f2_macro: 0.4564 - val_f2_plaga: 0.9128 - val_loss: 0.6543 - val_precision: 0.0000e+00 - val_recall: 0.0000e+00 - val_recall_plaga: 1.0000 - learning_rate: 1.0000e-04
Epoch 12/80

[1m 1/17[0m [32m━[0m[37m━━━━━━━━━━━━━━━━━━━[0m [1m23s[0m 1s/step - accuracy: 0.9062 - auc: 0.9182 - f2_macro: 0.9156 - f2_plaga: 0.8879 - loss: 0.4494 - precision: 0.7692 - recall: 1.0000 - recall_plaga: 0.8636
[1m 2/17[0m [32m━━[0m[37m━━━━━━━━━━━━━━━━━━[0m [1m21s[0m 1s/step - accuracy: 0.9141 - auc: 0.9331 - f2_macro: 0.9183 - f2_plaga: 0.9056 - loss: 0.4274 - precision: 0.7937 - recall: 0.9737 - recall_plaga: 0.8874
[1m 3/17[0m [32m━━━[0m[37m━━━━━━━━━━━━━━━━━[0m [1m20s[0m 1s/step - accuracy: 0.9149 - auc: 0.9401 - f2_macro: 0.9178 - f2_plaga: 0.9092 - loss: 0.4215 - precision: 0.8084 - recall: 0.9623 - recall_plaga: 0.8932
[1m 4/17[0m [32m━━━━[0m[37m━━━━━━━━━━━━━━━━[0m [1m20s[0m 2s/step - accuracy: 0.9128 - auc: 0.9421 - f2_macro: 0.9129 - f2_plaga: 0.9136 - loss: 0.4232 - precision: 0.8237 - recall: 0.9391 - recall_plaga: 0.9016
[1m 5/17[0m [32m━━━━━[0m[37m━━━━━━━━━━━━━━━[0m [1m18s[0m 2s/step - accuracy: 0.9115 - auc: 0.9427 - f2_macro: 0.9101 - f2_plaga: 0.9157 - loss: 0.4244 - precision: 0.8314 - recall: 0.9267 - recall_plaga: 0.9057
[1m 6/17[0m [32m━━━━━━━[0m[37m━━━━━━━━━━━━━[0m [1m16s[0m 1s/step - accuracy: 0.9062 - auc: 0.9392 - f2_macro: 0.9035 - f2_plaga: 0.9139 - loss: 0.4314 - precision: 0.8305 - recall: 0.9120 - recall_plaga: 0.9053
[1m 7/17[0m [32m━━━━━━━━[0m[37m━━━━━━━━━━━━[0m [1m14s[0m 1s/step - accuracy: 0.9018 - auc: 0.9362 - f2_macro: 0.8976 - f2_plaga: 0.9117 - loss: 0.4367 - precision: 0.8250 - recall: 0.9011 - recall_plaga: 0.9037
[1m 8/17[0m [32m━━━━━━━━━[0m[37m━━━━━━━━━━━[0m [1m13s[0m 1s/step - accuracy: 0.8970 - auc: 0.9323 - f2_macro: 0.8919 - f2_plaga: 0.9085 - loss: 0.4436 - precision: 0.8177 - recall: 0.8923 - recall_plaga: 0.9006
[1m 9/17[0m [32m━━━━━━━━━━[0m[37m━━━━━━━━━━[0m [1m11s[0m 1s/step - accuracy: 0.8922 - auc: 0.9279 - f2_macro: 0.8864 - f2_plaga: 0.9053 - loss: 0.4510 - precision: 0.8121 - recall: 0.8837 - recall_plaga: 0.8977
[1m10/17[0m [32m━━━━━━━━━━━[0m[37m━━━━━━━━━[0m [1m10s[0m 1s/step - accuracy: 0.8864 - auc: 0.9232 - f2_macro: 0.8800 - f2_plaga: 0.9006 - loss: 0.4588 - precision: 0.8038 - recall: 0.8757 - recall_plaga: 0.8929
[1m11/17[0m [32m━━━━━━━━━━━━[0m[37m━━━━━━━━[0m [1m8s[0m 1s/step - accuracy: 0.8815 - auc: 0.9191 - f2_macro: 0.8749 - f2_plaga: 0.8962 - loss: 0.4652 - precision: 0.7954 - recall: 0.8704 - recall_plaga: 0.8880 
[1m12/17[0m [32m━━━━━━━━━━━━━━[0m[37m━━━━━━[0m [1m7s[0m 1s/step - accuracy: 0.8777 - auc: 0.9157 - f2_macro: 0.8708 - f2_plaga: 0.8929 - loss: 0.4704 - precision: 0.7892 - recall: 0.8660 - recall_plaga: 0.8844
[1m13/17[0m [32m━━━━━━━━━━━━━━━[0m[37m━━━━━[0m [1m5s[0m 1s/step - accuracy: 0.8747 - auc: 0.9130 - f2_macro: 0.8676 - f2_plaga: 0.8903 - loss: 0.4747 - precision: 0.7847 - recall: 0.8625 - recall_plaga: 0.8817
[1m14/17[0m [32m━━━━━━━━━━━━━━━━[0m[37m━━━━[0m [1m4s[0m 1s/step - accuracy: 0.8716 - auc: 0.9106 - f2_macro: 0.8642 - f2_plaga: 0.8877 - loss: 0.4788 - precision: 0.7803 - recall: 0.8580 - recall_plaga: 0.8791
[1m15/17[0m [32m━━━━━━━━━━━━━━━━━[0m[37m━━━[0m [1m2s[0m 1s/step - accuracy: 0.8686 - auc: 0.9084 - f2_macro: 0.8608 - f2_plaga: 0.8854 - loss: 0.4823 - precision: 0.7755 - recall: 0.8538 - recall_plaga: 0.8767
[1m16/17[0m [32m━━━━━━━━━━━━━━━━━━[0m[37m━━[0m [1m1s[0m 1s/step - accuracy: 0.8663 - auc: 0.9069 - f2_macro: 0.8583 - f2_plaga: 0.8835 - loss: 0.4846 - precision: 0.7715 - recall: 0.8508 - recall_plaga: 0.8746
[1m17/17[0m [32m━━━━━━━━━━━━━━━━━━━━[0m[37m[0m [1m0s[0m 1s/step - accuracy: 0.8641 - auc: 0.9054 - f2_macro: 0.8559 - f2_plaga: 0.8816 - loss: 0.4868 - precision: 0.7676 - recall: 0.8483 - recall_plaga: 0.8725
Epoch 12: val_f2_macro did not improve from 0.45639

[1m17/17[0m [32m━━━━━━━━━━━━━━━━━━━━[0m[37m[0m [1m26s[0m 2s/step - accuracy: 0.8289 - auc: 0.8825 - f2_macro: 0.8180 - f2_plaga: 0.8507 - loss: 0.5226 - precision: 0.7056 - recall: 0.8081 - recall_plaga: 0.8389 - val_accuracy: 0.6767 - val_auc: 0.7599 - val_f2_macro: 0.4564 - val_f2_plaga: 0.9128 - val_loss: 0.6502 - val_precision: 0.0000e+00 - val_recall: 0.0000e+00 - val_recall_plaga: 1.0000 - learning_rate: 1.0000e-04
Epoch 13/80

[1m 1/17[0m [32m━[0m[37m━━━━━━━━━━━━━━━━━━━[0m [1m24s[0m 2s/step - accuracy: 0.9062 - auc: 0.9591 - f2_macro: 0.9156 - f2_plaga: 0.8879 - loss: 0.3675 - precision: 0.7692 - recall: 1.0000 - recall_plaga: 0.8636
[1m 2/17[0m [32m━━[0m[37m━━━━━━━━━━━━━━━━━━[0m [1m22s[0m 2s/step - accuracy: 0.8984 - auc: 0.9576 - f2_macro: 0.9044 - f2_plaga: 0.8871 - loss: 0.3774 - precision: 0.7596 - recall: 0.9737 - recall_plaga: 0.8652
[1m 3/17[0m [32m━━━[0m[37m━━━━━━━━━━━━━━━━━[0m [1m20s[0m 1s/step - accuracy: 0.8976 - auc: 0.9592 - f2_macro: 0.9023 - f2_plaga: 0.8881 - loss: 0.3778 - precision: 0.7714 - recall: 0.9623 - recall_plaga: 0.8678
[1m 4/17[0m [32m━━━━[0m[37m━━━━━━━━━━━━━━━━[0m [1m19s[0m 2s/step - accuracy: 0.8997 - auc: 0.9585 - f2_macro: 0.9028 - f2_plaga: 0.8939 - loss: 0.3814 - precision: 0.7885 - recall: 0.9500 - recall_plaga: 0.8764
[1m 5/17[0m [32m━━━━━[0m[37m━━━━━━━━━━━━━━━[0m [1m17s[0m 1s/step - accuracy: 0.9023 - auc: 0.9570 - f2_macro: 0.9047 - f2_plaga: 0.8978 - loss: 0.3845 - precision: 0.7991 - recall: 0.9459 - recall_plaga: 0.8817
[1m 6/17[0m [32m━━━━━━━[0m[37m━━━━━━━━━━━━━[0m [1m16s[0m 1s/step - accuracy: 0.9003 - auc: 0.9527 - f2_macro: 0.9019 - f2_plaga: 0.8977 - loss: 0.3925 - precision: 0.8015 - recall: 0.9378 - recall_plaga: 0.8826
[1m 7/17[0m [32m━━━━━━━━[0m[37m━━━━━━━━━━━━[0m [1m14s[0m 1s/step - accuracy: 0.8967 - auc: 0.9493 - f2_macro: 0.8976 - f2_plaga: 0.8954 - loss: 0.3993 - precision: 0.7962 - recall: 0.9310 - recall_plaga: 0.8805
[1m 8/17[0m [32m━━━━━━━━━[0m[37m━━━━━━━━━━━[0m [1m13s[0m 1s/step - accuracy: 0.8921 - auc: 0.9448 - f2_macro: 0.8925 - f2_plaga: 0.8917 - loss: 0.4078 - precision: 0.7888 - recall: 0.9246 - recall_plaga: 0.8766
[1m 9/17[0m [32m━━━━━━━━━━[0m[37m━━━━━━━━━━[0m [1m11s[0m 1s/step - accuracy: 0.8878 - auc: 0.9403 - f2_macro: 0.8876 - f2_plaga: 0.8889 - loss: 0.4162 - precision: 0.7843 - recall: 0.9169 - recall_plaga: 0.8740
[1m10/17[0m [32m━━━━━━━━━━━[0m[37m━━━━━━━━━[0m [1m10s[0m 1s/step - accuracy: 0.8825 - auc: 0.9353 - f2_macro: 0.8818 - f2_plaga: 0.8846 - loss: 0.4256 - precision: 0.7773 - recall: 0.9093 - recall_plaga: 0.8697
[1m11/17[0m [32m━━━━━━━━━━━━[0m[37m━━━━━━━━[0m [1m8s[0m 1s/step - accuracy: 0.8779 - auc: 0.9309 - f2_macro: 0.8769 - f2_plaga: 0.8806 - loss: 0.4335 - precision: 0.7703 - recall: 0.9041 - recall_plaga: 0.8655 
[1m12/17[0m [32m━━━━━━━━━━━━━━[0m[37m━━━━━━[0m [1m7s[0m 1s/step - accuracy: 0.8744 - auc: 0.9274 - f2_macro: 0.8731 - f2_plaga: 0.8777 - loss: 0.4397 - precision: 0.7651 - recall: 0.8996 - recall_plaga: 0.8625
[1m13/17[0m [32m━━━━━━━━━━━━━━━[0m[37m━━━━━[0m [1m5s[0m 1s/step - accuracy: 0.8717 - auc: 0.9243 - f2_macro: 0.8702 - f2_plaga: 0.8755 - loss: 0.4451 - precision: 0.7616 - recall: 0.8957 - recall_plaga: 0.8603
[1m14/17[0m [32m━━━━━━━━━━━━━━━━[0m[37m━━━━[0m [1m4s[0m 1s/step - accuracy: 0.8692 - auc: 0.9216 - f2_macro: 0.8675 - f2_plaga: 0.8735 - loss: 0.4500 - precision: 0.7585 - recall: 0.8922 - recall_plaga: 0.8583
[1m15/17[0m [32m━━━━━━━━━━━━━━━━━[0m[37m━━━[0m [1m2s[0m 1s/step - accuracy: 0.8668 - auc: 0.9190 - f2_macro: 0.8649 - f2_plaga: 0.8715 - loss: 0.4547 - precision: 0.7547 - recall: 0.8891 - recall_plaga: 0.8562
[1m16/17[0m [32m━━━━━━━━━━━━━━━━━━[0m[37m━━[0m [1m1s[0m 1s/step - accuracy: 0.8650 - auc: 0.9172 - f2_macro: 0.8629 - f2_plaga: 0.8700 - loss: 0.4581 - precision: 0.7516 - recall: 0.8869 - recall_plaga: 0.8546
[1m17/17[0m [32m━━━━━━━━━━━━━━━━━━━━[0m[37m[0m [1m0s[0m 1s/step - accuracy: 0.8632 - auc: 0.9155 - f2_macro: 0.8610 - f2_plaga: 0.8684 - loss: 0.4612 - precision: 0.7486 - recall: 0.8850 - recall_plaga: 0.8528
Epoch 13: val_f2_macro did not improve from 0.45639

[1m17/17[0m [32m━━━━━━━━━━━━━━━━━━━━[0m[37m[0m [1m26s[0m 2s/step - accuracy: 0.8346 - auc: 0.8883 - f2_macro: 0.8306 - f2_plaga: 0.8428 - loss: 0.5109 - precision: 0.7000 - recall: 0.8547 - recall_plaga: 0.8250 - val_accuracy: 0.6767 - val_auc: 0.6944 - val_f2_macro: 0.4564 - val_f2_plaga: 0.9128 - val_loss: 0.6461 - val_precision: 0.0000e+00 - val_recall: 0.0000e+00 - val_recall_plaga: 1.0000 - learning_rate: 1.0000e-04
Epoch 14/80

[1m 1/17[0m [32m━[0m[37m━━━━━━━━━━━━━━━━━━━[0m [1m23s[0m 1s/step - accuracy: 0.9062 - auc: 0.9636 - f2_macro: 0.9156 - f2_plaga: 0.8879 - loss: 0.3557 - precision: 0.7692 - recall: 1.0000 - recall_plaga: 0.8636
[1m 2/17[0m [32m━━[0m[37m━━━━━━━━━━━━━━━━━━[0m [1m21s[0m 1s/step - accuracy: 0.9062 - auc: 0.9584 - f2_macro: 0.9113 - f2_plaga: 0.8964 - loss: 0.3654 - precision: 0.7759 - recall: 0.9737 - recall_plaga: 0.8763
[1m 3/17[0m [32m━━━[0m[37m━━━━━━━━━━━━━━━━━[0m [1m19s[0m 1s/step - accuracy: 0.9062 - auc: 0.9580 - f2_macro: 0.9101 - f2_plaga: 0.8987 - loss: 0.3690 - precision: 0.7892 - recall: 0.9623 - recall_plaga: 0.8805
[1m 4/17[0m [32m━━━━[0m[37m━━━━━━━━━━━━━━━━[0m [1m18s[0m 1s/step - accuracy: 0.9062 - auc: 0.9593 - f2_macro: 0.9079 - f2_plaga: 0.9038 - loss: 0.3699 - precision: 0.8054 - recall: 0.9445 - recall_plaga: 0.8890
[1m 5/17[0m [32m━━━━━[0m[37m━━━━━━━━━━━━━━━[0m [1m17s[0m 1s/step - accuracy: 0.9075 - auc: 0.9586 - f2_macro: 0.9082 - f2_plaga: 0.9070 - loss: 0.3709 - precision: 0.8149 - recall: 0.9381 - recall_plaga: 0.8937
[1m 6/17[0m [32m━━━━━━━[0m[37m━━━━━━━━━━━━━[0m [1m16s[0m 1s/step - accuracy: 0.9047 - auc: 0.9546 - f2_macro: 0.9045 - f2_plaga: 0.9062 - loss: 0.3786 - precision: 0.8160 - recall: 0.9288 - recall_plaga: 0.8940
[1m 7/17[0m [32m━━━━━━━━[0m[37m━━━━━━━━━━━━[0m [1m14s[0m 1s/step - accuracy: 0.9011 - auc: 0.9517 - f2_macro: 0.9001 - f2_plaga: 0.9041 - loss: 0.3841 - precision: 0.8110 - recall: 0.9213 - recall_plaga: 0.8921
[1m 8/17[0m [32m━━━━━━━━━[0m[37m━━━━━━━━━━━[0m [1m13s[0m 1s/step - accuracy: 0.8968 - auc: 0.9481 - f2_macro: 0.8952 - f2_plaga: 0.9010 - loss: 0.3912 - precision: 0.8043 - recall: 0.9146 - recall_plaga: 0.8890
[1m 9/17[0m [32m━━━━━━━━━━[0m[37m━━━━━━━━━━[0m [1m11s[0m 1s/step - accuracy: 0.8929 - auc: 0.9446 - f2_macro: 0.8906 - f2_plaga: 0.8985 - loss: 0.3981 - precision: 0.8001 - recall: 0.9069 - recall_plaga: 0.8868
[1m10/17[0m [32m━━━━━━━━━━━[0m[37m━━━━━━━━━[0m [1m10s[0m 1s/step - accuracy: 0.8880 - auc: 0.9398 - f2_macro: 0.8851 - f2_plaga: 0.8947 - loss: 0.4070 - precision: 0.7936 - recall: 0.8994 - recall_plaga: 0.8831
[1m11/17[0m [32m━━━━━━━━━━━━[0m[37m━━━━━━━━[0m [1m8s[0m 1s/step - accuracy: 0.8837 - auc: 0.9356 - f2_macro: 0.8805 - f2_plaga: 0.8910 - loss: 0.4144 - precision: 0.7868 - recall: 0.8943 - recall_plaga: 0.8791 
[1m12/17[0m [32m━━━━━━━━━━━━━━[0m[37m━━━━━━[0m [1m7s[0m 1s/step - accuracy: 0.8804 - auc: 0.9322 - f2_macro: 0.8769 - f2_plaga: 0.8883 - loss: 0.4207 - precision: 0.7817 - recall: 0.8899 - recall_plaga: 0.8763
[1m13/17[0m [32m━━━━━━━━━━━━━━━[0m[37m━━━━━[0m [1m5s[0m 1s/step - accuracy: 0.8777 - auc: 0.9293 - f2_macro: 0.8740 - f2_plaga: 0.8862 - loss: 0.4260 - precision: 0.7782 - recall: 0.8862 - recall_plaga: 0.8741
[1m14/17[0m [32m━━━━━━━━━━━━━━━━[0m[37m━━━━[0m [1m4s[0m 1s/step - accuracy: 0.8751 - auc: 0.9268 - f2_macro: 0.8712 - f2_plaga: 0.8842 - loss: 0.4309 - precision: 0.7748 - recall: 0.8824 - recall_plaga: 0.8721
[1m15/17[0m [32m━━━━━━━━━━━━━━━━━[0m[37m━━━[0m [1m2s[0m 1s/step - accuracy: 0.8726 - auc: 0.9245 - f2_macro: 0.8683 - f2_plaga: 0.8822 - loss: 0.4354 - precision: 0.7710 - recall: 0.8787 - recall_plaga: 0.8701
[1m16/17[0m [32m━━━━━━━━━━━━━━━━━━[0m[37m━━[0m [1m1s[0m 1s/step - accuracy: 0.8706 - auc: 0.9227 - f2_macro: 0.8660 - f2_plaga: 0.8807 - loss: 0.4387 - precision: 0.7676 - recall: 0.8757 - recall_plaga: 0.8685
[1m17/17[0m [32m━━━━━━━━━━━━━━━━━━━━[0m[37m[0m [1m0s[0m 1s/step - accuracy: 0.8686 - auc: 0.9210 - f2_macro: 0.8638 - f2_plaga: 0.8790 - loss: 0.4420 - precision: 0.7643 - recall: 0.8731 - recall_plaga: 0.8668
Epoch 14: val_f2_macro did not improve from 0.45639

[1m17/17[0m [32m━━━━━━━━━━━━━━━━━━━━[0m[37m[0m [1m26s[0m 2s/step - accuracy: 0.8365 - auc: 0.8934 - f2_macro: 0.8284 - f2_plaga: 0.8526 - loss: 0.4940 - precision: 0.7114 - recall: 0.8314 - recall_plaga: 0.8389 - val_accuracy: 0.6767 - val_auc: 0.8142 - val_f2_macro: 0.4564 - val_f2_plaga: 0.9128 - val_loss: 0.6405 - val_precision: 0.0000e+00 - val_recall: 0.0000e+00 - val_recall_plaga: 1.0000 - learning_rate: 1.0000e-04
Epoch 15/80

[1m 1/17[0m [32m━[0m[37m━━━━━━━━━━━━━━━━━━━[0m [1m24s[0m 2s/step - accuracy: 0.9062 - auc: 0.9568 - f2_macro: 0.9156 - f2_plaga: 0.8879 - loss: 0.3794 - precision: 0.7692 - recall: 1.0000 - recall_plaga: 0.8636
[1m 2/17[0m [32m━━[0m[37m━━━━━━━━━━━━━━━━━━[0m [1m21s[0m 1s/step - accuracy: 0.9062 - auc: 0.9544 - f2_macro: 0.9113 - f2_plaga: 0.8964 - loss: 0.3797 - precision: 0.7759 - recall: 0.9737 - recall_plaga: 0.8763
[1m 3/17[0m [32m━━━[0m[37m━━━━━━━━━━━━━━━━━[0m [1m20s[0m 1s/step - accuracy: 0.9097 - auc: 0.9525 - f2_macro: 0.9131 - f2_plaga: 0.9031 - loss: 0.3838 - precision: 0.7966 - recall: 0.9623 - recall_plaga: 0.8858
[1m 4/17[0m [32m━━━━[0m[37m━━━━━━━━━━━━━━━━[0m [1m18s[0m 1s/step - accuracy: 0.9108 - auc: 0.9519 - f2_macro: 0.9119 - f2_plaga: 0.9096 - loss: 0.3859 - precision: 0.8155 - recall: 0.9445 - recall_plaga: 0.8960
[1m 5/17[0m [32m━━━━━[0m[37m━━━━━━━━━━━━━━━[0m [1m17s[0m 1s/step - accuracy: 0.9124 - auc: 0.9520 - f2_macro: 0.9126 - f2_plaga: 0.9132 - loss: 0.3846 - precision: 0.8257 - recall: 0.9381 - recall_plaga: 0.9013
[1m 6/17[0m [32m━━━━━━━[0m[37m━━━━━━━━━━━━━[0m [1m16s[0m 1s/step - accuracy: 0.9096 - auc: 0.9490 - f2_macro: 0.9089 - f2_plaga: 0.9125 - loss: 0.3901 - precision: 0.8270 - recall: 0.9288 - recall_plaga: 0.9016
[1m 7/17[0m [32m━━━━━━━━[0m[37m━━━━━━━━━━━━[0m [1m14s[0m 1s/step - accuracy: 0.9060 - auc: 0.9465 - f2_macro: 0.9044 - f2_plaga: 0.9103 - loss: 0.3945 - precision: 0.8217 - recall: 0.9213 - recall_plaga: 0.8996
[1m 8/17[0m [32m━━━━━━━━━[0m[37m━━━━━━━━━━━[0m [1m13s[0m 1s/step - accuracy: 0.9006 - auc: 0.9428 - f2_macro: 0.8983 - f2_plaga: 0.9063 - loss: 0.4019 - precision: 0.8134 - recall: 0.9131 - recall_plaga: 0.8955
[1m 9/17[0m [32m━━━━━━━━━━[0m[37m━━━━━━━━━━[0m [1m11s[0m 1s/step - accuracy: 0.8955 - auc: 0.9395 - f2_macro: 0.8925 - f2_plaga: 0.9026 - loss: 0.4089 - precision: 0.8072 - recall: 0.9044 - recall_plaga: 0.8920
[1m10/17[0m [32m━━━━━━━━━━━[0m[37m━━━━━━━━━[0m [1m10s[0m 1s/step - accuracy: 0.8897 - auc: 0.9353 - f2_macro: 0.8861 - f2_plaga: 0.8980 - loss: 0.4174 - precision: 0.7992 - recall: 0.8962 - recall_plaga: 0.8873
[1m11/17[0m [32m━━━━━━━━━━━━[0m[37m━━━━━━━━[0m [1m8s[0m 1s/step - accuracy: 0.8847 - auc: 0.9313 - f2_macro: 0.8809 - f2_plaga: 0.8936 - loss: 0.4248 - precision: 0.7912 - recall: 0.8906 - recall_plaga: 0.8826 
[1m12/17[0m [32m━━━━━━━━━━━━━━[0m[37m━━━━━━[0m [1m7s[0m 1s/step - accuracy: 0.8809 - auc: 0.9280 - f2_macro: 0.8767 - f2_plaga: 0.8903 - loss: 0.4308 - precision: 0.7852 - recall: 0.8859 - recall_plaga: 0.8791
[1m13/17[0m [32m━━━━━━━━━━━━━━━[0m[37m━━━━━[0m [1m5s[0m 1s/step - accuracy: 0.8776 - auc: 0.9253 - f2_macro: 0.8732 - f2_plaga: 0.8877 - loss: 0.4358 - precision: 0.7808 - recall: 0.8814 - recall_plaga: 0.8765
[1m14/17[0m [32m━━━━━━━━━━━━━━━━[0m[37m━━━━[0m [1m4s[0m 1s/step - accuracy: 0.8746 - auc: 0.9228 - f2_macro: 0.8698 - f2_plaga: 0.8853 - loss: 0.4406 - precision: 0.7767 - recall: 0.8770 - recall_plaga: 0.8740
[1m15/17[0m [32m━━━━━━━━━━━━━━━━━[0m[37m━━━[0m [1m2s[0m 1s/step - accuracy: 0.8717 - auc: 0.9203 - f2_macro: 0.8666 - f2_plaga: 0.8830 - loss: 0.4451 - precision: 0.7722 - recall: 0.8728 - recall_plaga: 0.8717
[1m16/17[0m [32m━━━━━━━━━━━━━━━━━━[0m[37m━━[0m [1m1s[0m 1s/step - accuracy: 0.8693 - auc: 0.9185 - f2_macro: 0.8639 - f2_plaga: 0.8812 - loss: 0.4485 - precision: 0.7683 - recall: 0.8694 - recall_plaga: 0.8699
[1m17/17[0m [32m━━━━━━━━━━━━━━━━━━━━[0m[37m[0m [1m0s[0m 1s/step - accuracy: 0.8670 - auc: 0.9168 - f2_macro: 0.8613 - f2_plaga: 0.8793 - loss: 0.4517 - precision: 0.7645 - recall: 0.8661 - recall_plaga: 0.8679
Epoch 15: val_f2_macro did not improve from 0.45639

[1m17/17[0m [32m━━━━━━━━━━━━━━━━━━━━[0m[37m[0m [1m26s[0m 1s/step - accuracy: 0.8289 - auc: 0.8893 - f2_macro: 0.8190 - f2_plaga: 0.8488 - loss: 0.5028 - precision: 0.7035 - recall: 0.8140 - recall_plaga: 0.8361 - val_accuracy: 0.6767 - val_auc: 0.8415 - val_f2_macro: 0.4564 - val_f2_plaga: 0.9128 - val_loss: 0.6358 - val_precision: 0.0000e+00 - val_recall: 0.0000e+00 - val_recall_plaga: 1.0000 - learning_rate: 1.0000e-04
Epoch 16/80

[1m 1/17[0m [32m━[0m[37m━━━━━━━━━━━━━━━━━━━[0m [1m24s[0m 2s/step - accuracy: 0.9062 - auc: 0.9364 - f2_macro: 0.9156 - f2_plaga: 0.8879 - loss: 0.3842 - precision: 0.7692 - recall: 1.0000 - recall_plaga: 0.8636
[1m 2/17[0m [32m━━[0m[37m━━━━━━━━━━━━━━━━━━[0m [1m21s[0m 1s/step - accuracy: 0.8984 - auc: 0.9407 - f2_macro: 0.9044 - f2_plaga: 0.8871 - loss: 0.3820 - precision: 0.7596 - recall: 0.9737 - recall_plaga: 0.8652
[1m 3/17[0m [32m━━━[0m[37m━━━━━━━━━━━━━━━━━[0m [1m20s[0m 1s/step - accuracy: 0.8976 - auc: 0.9464 - f2_macro: 0.9023 - f2_plaga: 0.8881 - loss: 0.3800 - precision: 0.7714 - recall: 0.9623 - recall_plaga: 0.8678
[1m 4/17[0m [32m━━━━[0m[37m━━━━━━━━━━━━━━━━[0m [1m18s[0m 1s/step - accuracy: 0.8997 - auc: 0.9493 - f2_macro: 0.9028 - f2_plaga: 0.8939 - loss: 0.3804 - precision: 0.7885 - recall: 0.9500 - recall_plaga: 0.8764
[1m 5/17[0m [32m━━━━━[0m[37m━━━━━━━━━━━━━━━[0m [1m17s[0m 1s/step - accuracy: 0.9023 - auc: 0.9506 - f2_macro: 0.9047 - f2_plaga: 0.8978 - loss: 0.3790 - precision: 0.7991 - recall: 0.9459 - recall_plaga: 0.8817
[1m 6/17[0m [32m━━━━━━━[0m[37m━━━━━━━━━━━━━[0m [1m16s[0m 1s/step - accuracy: 0.9003 - auc: 0.9501 - f2_macro: 0.9019 - f2_plaga: 0.8977 - loss: 0.3822 - precision: 0.8015 - recall: 0.9378 - recall_plaga: 0.8826
[1m 7/17[0m [32m━━━━━━━━[0m[37m━━━━━━━━━━━━[0m [1m15s[0m 2s/step - accuracy: 0.8974 - auc: 0.9490 - f2_macro: 0.8982 - f2_plaga: 0.8962 - loss: 0.3850 - precision: 0.7975 - recall: 0.9310 - recall_plaga: 0.8814
[1m 8/17[0m [32m━━━━━━━━━[0m[37m━━━━━━━━━━━[0m [1m13s[0m 2s/step - accuracy: 0.8931 - auc: 0.9464 - f2_macro: 0.8934 - f2_plaga: 0.8930 - loss: 0.3909 - precision: 0.7909 - recall: 0.9246 - recall_plaga: 0.8782
[1m 9/17[0m [32m━━━━━━━━━━[0m[37m━━━━━━━━━━[0m [1m12s[0m 2s/step - accuracy: 0.8892 - auc: 0.9434 - f2_macro: 0.8888 - f2_plaga: 0.8905 - loss: 0.3975 - precision: 0.7869 - recall: 0.9169 - recall_plaga: 0.8760
[1m10/17[0m [32m━━━━━━━━━━━[0m[37m━━━━━━━━━[0m [1m10s[0m 1s/step - accuracy: 0.8843 - auc: 0.9393 - f2_macro: 0.8834 - f2_plaga: 0.8868 - loss: 0.4056 - precision: 0.7808 - recall: 0.9093 - recall_plaga: 0.8724
[1m11/17[0m [32m━━━━━━━━━━━━[0m[37m━━━━━━━━[0m [1m8s[0m 1s/step - accuracy: 0.8801 - auc: 0.9355 - f2_macro: 0.8788 - f2_plaga: 0.8833 - loss: 0.4126 - precision: 0.7744 - recall: 0.9041 - recall_plaga: 0.8687 
[1m12/17[0m [32m━━━━━━━━━━━━━━[0m[37m━━━━━━[0m [1m7s[0m 1s/step - accuracy: 0.8766 - auc: 0.9325 - f2_macro: 0.8749 - f2_plaga: 0.8807 - loss: 0.4181 - precision: 0.7695 - recall: 0.8989 - recall_plaga: 0.8661
[1m13/17[0m [32m━━━━━━━━━━━━━━━[0m[37m━━━━━[0m [1m5s[0m 1s/step - accuracy: 0.8739 - auc: 0.9302 - f2_macro: 0.8719 - f2_plaga: 0.8787 - loss: 0.4225 - precision: 0.7662 - recall: 0.8945 - recall_plaga: 0.8642
[1m14/17[0m [32m━━━━━━━━━━━━━━━━[0m[37m━━━━[0m [1m4s[0m 1s/step - accuracy: 0.8715 - auc: 0.9279 - f2_macro: 0.8691 - f2_plaga: 0.8770 - loss: 0.4269 - precision: 0.7634 - recall: 0.8901 - recall_plaga: 0.8626
[1m15/17[0m [32m━━━━━━━━━━━━━━━━━[0m[37m━━━[0m [1m2s[0m 1s/step - accuracy: 0.8689 - auc: 0.9258 - f2_macro: 0.8661 - f2_plaga: 0.8753 - loss: 0.4309 - precision: 0.7599 - recall: 0.8855 - recall_plaga: 0.8611
[1m16/17[0m [32m━━━━━━━━━━━━━━━━━━[0m[37m━━[0m [1m1s[0m 1s/step - accuracy: 0.8670 - auc: 0.9242 - f2_macro: 0.8638 - f2_plaga: 0.8740 - loss: 0.4338 - precision: 0.7570 - recall: 0.8820 - recall_plaga: 0.8598
[1m17/17[0m [32m━━━━━━━━━━━━━━━━━━━━[0m[37m[0m [1m0s[0m 1s/step - accuracy: 0.8651 - auc: 0.9226 - f2_macro: 0.8616 - f2_plaga: 0.8726 - loss: 0.4368 - precision: 0.7541 - recall: 0.8791 - recall_plaga: 0.8584
Epoch 16: val_f2_macro did not improve from 0.45639

[1m17/17[0m [32m━━━━━━━━━━━━━━━━━━━━[0m[37m[0m [1m26s[0m 2s/step - accuracy: 0.8346 - auc: 0.8968 - f2_macro: 0.8268 - f2_plaga: 0.8503 - loss: 0.4843 - precision: 0.7079 - recall: 0.8314 - recall_plaga: 0.8361 - val_accuracy: 0.6767 - val_auc: 0.8416 - val_f2_macro: 0.4564 - val_f2_plaga: 0.9128 - val_loss: 0.6319 - val_precision: 0.0000e+00 - val_recall: 0.0000e+00 - val_recall_plaga: 1.0000 - learning_rate: 1.0000e-04
Epoch 17/80

[1m 1/17[0m [32m━[0m[37m━━━━━━━━━━━━━━━━━━━[0m [1m24s[0m 2s/step - accuracy: 0.9375 - auc: 0.9364 - f2_macro: 0.9437 - f2_plaga: 0.9259 - loss: 0.3633 - precision: 0.8333 - recall: 1.0000 - recall_plaga: 0.9091
[1m 2/17[0m [32m━━[0m[37m━━━━━━━━━━━━━━━━━━[0m [1m25s[0m 2s/step - accuracy: 0.9297 - auc: 0.9369 - f2_macro: 0.9323 - f2_plaga: 0.9247 - loss: 0.3709 - precision: 0.8258 - recall: 0.9737 - recall_plaga: 0.9101
[1m 3/17[0m [32m━━━[0m[37m━━━━━━━━━━━━━━━━━[0m [1m22s[0m 2s/step - accuracy: 0.9219 - auc: 0.9403 - f2_macro: 0.9240 - f2_plaga: 0.9175 - loss: 0.3731 - precision: 0.8224 - recall: 0.9623 - recall_plaga: 0.9030
[1m 4/17[0m [32m━━━━[0m[37m━━━━━━━━━━━━━━━━[0m [1m19s[0m 2s/step - accuracy: 0.9180 - auc: 0.9420 - f2_macro: 0.9184 - f2_plaga: 0.9179 - loss: 0.3773 - precision: 0.8304 - recall: 0.9445 - recall_plaga: 0.9059
[1m 5/17[0m [32m━━━━━[0m[37m━━━━━━━━━━━━━━━[0m [1m18s[0m 2s/step - accuracy: 0.9169 - auc: 0.9423 - f2_macro: 0.9166 - f2_plaga: 0.9183 - loss: 0.3791 - precision: 0.8348 - recall: 0.9381 - recall_plaga: 0.9073
[1m 6/17[0m [32m━━━━━━━[0m[37m━━━━━━━━━━━━━[0m [1m16s[0m 1s/step - accuracy: 0.9125 - auc: 0.9398 - f2_macro: 0.9115 - f2_plaga: 0.9156 - loss: 0.3861 - precision: 0.8326 - recall: 0.9288 - recall_plaga: 0.9053
[1m 7/17[0m [32m━━━━━━━━[0m[37m━━━━━━━━━━━━[0m [1m14s[0m 1s/step - accuracy: 0.9078 - auc: 0.9375 - f2_macro: 0.9061 - f2_plaga: 0.9122 - loss: 0.3917 - precision: 0.8252 - recall: 0.9213 - recall_plaga: 0.9018
[1m 8/17[0m [32m━━━━━━━━━[0m[37m━━━━━━━━━━━[0m [1m13s[0m 1s/step - accuracy: 0.9022 - auc: 0.9341 - f2_macro: 0.9001 - f2_plaga: 0.9075 - loss: 0.3993 - precision: 0.8158 - recall: 0.9146 - recall_plaga: 0.8967
[1m 9/17[0m [32m━━━━━━━━━━[0m[37m━━━━━━━━━━[0m [1m11s[0m 1s/step - accuracy: 0.8973 - auc: 0.9311 - f2_macro: 0.8945 - f2_plaga: 0.9037 - loss: 0.4063 - precision: 0.8095 - recall: 0.9069 - recall_plaga: 0.8930
[1m10/17[0m [32m━━━━━━━━━━━[0m[37m━━━━━━━━━[0m [1m10s[0m 1s/step - accuracy: 0.8916 - auc: 0.9272 - f2_macro: 0.8884 - f2_plaga: 0.8991 - loss: 0.4147 - precision: 0.8015 - recall: 0.8994 - recall_plaga: 0.8883
[1m11/17[0m [32m━━━━━━━━━━━━[0m[37m━━━━━━━━[0m [1m8s[0m 1s/step - accuracy: 0.8867 - auc: 0.9237 - f2_macro: 0.8833 - f2_plaga: 0.8947 - loss: 0.4220 - precision: 0.7935 - recall: 0.8943 - recall_plaga: 0.8835 
[1m12/17[0m [32m━━━━━━━━━━━━━━[0m[37m━━━━━━[0m [1m7s[0m 1s/step - accuracy: 0.8827 - auc: 0.9208 - f2_macro: 0.8789 - f2_plaga: 0.8913 - loss: 0.4279 - precision: 0.7873 - recall: 0.8892 - recall_plaga: 0.8799
[1m13/17[0m [32m━━━━━━━━━━━━━━━[0m[37m━━━━━[0m [1m5s[0m 1s/step - accuracy: 0.8795 - auc: 0.9185 - f2_macro: 0.8755 - f2_plaga: 0.8887 - loss: 0.4329 - precision: 0.7829 - recall: 0.8850 - recall_plaga: 0.8772
[1m14/17[0m [32m━━━━━━━━━━━━━━━━[0m[37m━━━━[0m [1m4s[0m 1s/step - accuracy: 0.8763 - auc: 0.9164 - f2_macro: 0.8720 - f2_plaga: 0.8862 - loss: 0.4375 - precision: 0.7786 - recall: 0.8804 - recall_plaga: 0.8747
[1m15/17[0m [32m━━━━━━━━━━━━━━━━━[0m[37m━━━[0m [1m2s[0m 1s/step - accuracy: 0.8735 - auc: 0.9145 - f2_macro: 0.8687 - f2_plaga: 0.8840 - loss: 0.4415 - precision: 0.7743 - recall: 0.8760 - recall_plaga: 0.8726
[1m16/17[0m [32m━━━━━━━━━━━━━━━━━━[0m[37m━━[0m [1m1s[0m 1s/step - accuracy: 0.8714 - auc: 0.9133 - f2_macro: 0.8663 - f2_plaga: 0.8825 - loss: 0.4442 - precision: 0.7709 - recall: 0.8727 - recall_plaga: 0.8710
[1m17/17[0m [32m━━━━━━━━━━━━━━━━━━━━[0m[37m[0m [1m0s[0m 1s/step - accuracy: 0.8693 - auc: 0.9122 - f2_macro: 0.8640 - f2_plaga: 0.8808 - loss: 0.4468 - precision: 0.7675 - recall: 0.8700 - recall_plaga: 0.8693
Epoch 17: val_f2_macro did not improve from 0.45639

[1m17/17[0m [32m━━━━━━━━━━━━━━━━━━━━[0m[37m[0m [1m26s[0m 2s/step - accuracy: 0.8365 - auc: 0.8942 - f2_macro: 0.8275 - f2_plaga: 0.8545 - loss: 0.4878 - precision: 0.7136 - recall: 0.8256 - recall_plaga: 0.8417 - val_accuracy: 0.6767 - val_auc: 0.8391 - val_f2_macro: 0.4564 - val_f2_plaga: 0.9128 - val_loss: 0.6276 - val_precision: 0.0000e+00 - val_recall: 0.0000e+00 - val_recall_plaga: 1.0000 - learning_rate: 1.0000e-04
Epoch 18/80

[1m 1/17[0m [32m━[0m[37m━━━━━━━━━━━━━━━━━━━[0m [1m23s[0m 1s/step - accuracy: 0.9375 - auc: 0.9682 - f2_macro: 0.9437 - f2_plaga: 0.9259 - loss: 0.3152 - precision: 0.8333 - recall: 1.0000 - recall_plaga: 0.9091
[1m 2/17[0m [32m━━[0m[37m━━━━━━━━━━━━━━━━━━[0m [1m21s[0m 1s/step - accuracy: 0.9219 - auc: 0.9654 - f2_macro: 0.9208 - f2_plaga: 0.9226 - loss: 0.3264 - precision: 0.8214 - recall: 0.9474 - recall_plaga: 0.9101
[1m 3/17[0m [32m━━━[0m[37m━━━━━━━━━━━━━━━━━[0m [1m20s[0m 1s/step - accuracy: 0.9236 - auc: 0.9647 - f2_macro: 0.9210 - f2_plaga: 0.9282 - loss: 0.3359 - precision: 0.8417 - recall: 0.9346 - recall_plaga: 0.9189
[1m 4/17[0m [32m━━━━[0m[37m━━━━━━━━━━━━━━━━[0m [1m19s[0m 1s/step - accuracy: 0.9232 - auc: 0.9644 - f2_macro: 0.9187 - f2_plaga: 0.9328 - loss: 0.3435 - precision: 0.8586 - recall: 0.9183 - recall_plaga: 0.9270
[1m 5/17[0m [32m━━━━━[0m[37m━━━━━━━━━━━━━━━[0m [1m17s[0m 1s/step - accuracy: 0.9235 - auc: 0.9623 - f2_macro: 0.9186 - f2_plaga: 0.9346 - loss: 0.3485 - precision: 0.8658 - recall: 0.9136 - recall_plaga: 0.9299
[1m 6/17[0m [32m━━━━━━━[0m[37m━━━━━━━━━━━━━[0m [1m16s[0m 1s/step - accuracy: 0.9198 - auc: 0.9579 - f2_macro: 0.9144 - f2_plaga: 0.9323 - loss: 0.3588 - precision: 0.8640 - recall: 0.9060 - recall_plaga: 0.9282
[1m 7/17[0m [32m━━━━━━━━[0m[37m━━━━━━━━━━━━[0m [1m14s[0m 1s/step - accuracy: 0.9153 - auc: 0.9545 - f2_macro: 0.9093 - f2_plaga: 0.9287 - loss: 0.3661 - precision: 0.8560 - recall: 0.8998 - recall_plaga: 0.9242
[1m 8/17[0m [32m━━━━━━━━━[0m[37m━━━━━━━━━━━[0m [1m13s[0m 1s/step - accuracy: 0.9098 - auc: 0.9501 - f2_macro: 0.9035 - f2_plaga: 0.9236 - loss: 0.3759 - precision: 0.8454 - recall: 0.8943 - recall_plaga: 0.9185
[1m 9/17[0m [32m━━━━━━━━━━[0m[37m━━━━━━━━━━[0m [1m11s[0m 1s/step - accuracy: 0.9044 - auc: 0.9460 - f2_macro: 0.8977 - f2_plaga: 0.9189 - loss: 0.3851 - precision: 0.8372 - recall: 0.8877 - recall_plaga: 0.9136
[1m10/17[0m [32m━━━━━━━━━━━[0m[37m━━━━━━━━━[0m [1m10s[0m 1s/step - accuracy: 0.8980 - auc: 0.9409 - f2_macro: 0.8911 - f2_plaga: 0.9130 - loss: 0.3958 - precision: 0.8268 - recall: 0.8812 - recall_plaga: 0.9072
[1m11/17[0m [32m━━━━━━━━━━━━[0m[37m━━━━━━━━[0m [1m8s[0m 1s/step - accuracy: 0.8925 - auc: 0.9361 - f2_macro: 0.8856 - f2_plaga: 0.9076 - loss: 0.4049 - precision: 0.8168 - recall: 0.8770 - recall_plaga: 0.9011 
[1m12/17[0m [32m━━━━━━━━━━━━━━[0m[37m━━━━━━[0m [1m7s[0m 1s/step - accuracy: 0.8883 - auc: 0.9323 - f2_macro: 0.8812 - f2_plaga: 0.9034 - loss: 0.4123 - precision: 0.8091 - recall: 0.8733 - recall_plaga: 0.8964
[1m13/17[0m [32m━━━━━━━━━━━━━━━[0m[37m━━━━━[0m [1m5s[0m 1s/step - accuracy: 0.8848 - auc: 0.9292 - f2_macro: 0.8778 - f2_plaga: 0.9001 - loss: 0.4183 - precision: 0.8033 - recall: 0.8703 - recall_plaga: 0.8927
[1m14/17[0m [32m━━━━━━━━━━━━━━━━[0m[37m━━━━[0m [1m4s[0m 1s/step - accuracy: 0.8816 - auc: 0.9265 - f2_macro: 0.8745 - f2_plaga: 0.8970 - loss: 0.4238 - precision: 0.7980 - recall: 0.8672 - recall_plaga: 0.8894
[1m15/17[0m [32m━━━━━━━━━━━━━━━━━[0m[37m━━━[0m [1m2s[0m 1s/step - accuracy: 0.8785 - auc: 0.9239 - f2_macro: 0.8712 - f2_plaga: 0.8942 - loss: 0.4289 - precision: 0.7925 - recall: 0.8641 - recall_plaga: 0.8862
[1m16/17[0m [32m━━━━━━━━━━━━━━━━━━[0m[37m━━[0m [1m1s[0m 1s/step - accuracy: 0.8761 - auc: 0.9220 - f2_macro: 0.8687 - f2_plaga: 0.8919 - loss: 0.4325 - precision: 0.7878 - recall: 0.8620 - recall_plaga: 0.8836
[1m17/17[0m [32m━━━━━━━━━━━━━━━━━━━━[0m[37m[0m [1m0s[0m 1s/step - accuracy: 0.8738 - auc: 0.9204 - f2_macro: 0.8663 - f2_plaga: 0.8896 - loss: 0.4359 - precision: 0.7833 - recall: 0.8602 - recall_plaga: 0.8810
Epoch 18: val_f2_macro did not improve from 0.45639

[1m17/17[0m [32m━━━━━━━━━━━━━━━━━━━━[0m[37m[0m [1m26s[0m 2s/step - accuracy: 0.8365 - auc: 0.8936 - f2_macro: 0.8284 - f2_plaga: 0.8526 - loss: 0.4896 - precision: 0.7114 - recall: 0.8314 - recall_plaga: 0.8389 - val_accuracy: 0.6767 - val_auc: 0.8606 - val_f2_macro: 0.4564 - val_f2_plaga: 0.9128 - val_loss: 0.6247 - val_precision: 0.0000e+00 - val_recall: 0.0000e+00 - val_recall_plaga: 1.0000 - learning_rate: 1.0000e-04
Epoch 19/80

[1m 1/17[0m [32m━[0m[37m━━━━━━━━━━━━━━━━━━━[0m [1m23s[0m 1s/step - accuracy: 0.9375 - auc: 0.9432 - f2_macro: 0.9437 - f2_plaga: 0.9259 - loss: 0.3531 - precision: 0.8333 - recall: 1.0000 - recall_plaga: 0.9091
[1m 2/17[0m [32m━━[0m[37m━━━━━━━━━━━━━━━━━━[0m [1m21s[0m 1s/step - accuracy: 0.9297 - auc: 0.9456 - f2_macro: 0.9323 - f2_plaga: 0.9247 - loss: 0.3584 - precision: 0.8258 - recall: 0.9737 - recall_plaga: 0.9101
[1m 3/17[0m [32m━━━[0m[37m━━━━━━━━━━━━━━━━━[0m [1m21s[0m 2s/step - accuracy: 0.9219 - auc: 0.9487 - f2_macro: 0.9226 - f2_plaga: 0.9209 - loss: 0.3619 - precision: 0.8283 - recall: 0.9522 - recall_plaga: 0.9083
[1m 4/17[0m [32m━━━━[0m[37m━━━━━━━━━━━━━━━━[0m [1m20s[0m 2s/step - accuracy: 0.9160 - auc: 0.9511 - f2_macro: 0.9140 - f2_plaga: 0.9218 - loss: 0.3650 - precision: 0.8379 - recall: 0.9261 - recall_plaga: 0.9129
[1m 5/17[0m [32m━━━━━[0m[37m━━━━━━━━━━━━━━━[0m [1m18s[0m 2s/step - accuracy: 0.9141 - auc: 0.9516 - f2_macro: 0.9110 - f2_plaga: 0.9223 - loss: 0.3666 - precision: 0.8427 - recall: 0.9163 - recall_plaga: 0.9148
[1m 6/17[0m [32m━━━━━━━[0m[37m━━━━━━━━━━━━━[0m [1m16s[0m 2s/step - accuracy: 0.9093 - auc: 0.9490 - f2_macro: 0.9053 - f2_plaga: 0.9196 - loss: 0.3729 - precision: 0.8404 - recall: 0.9057 - recall_plaga: 0.9129
[1m 7/17[0m [32m━━━━━━━━[0m[37m━━━━━━━━━━━━[0m [1m15s[0m 2s/step - accuracy: 0.9044 - auc: 0.9466 - f2_macro: 0.8996 - f2_plaga: 0.9160 - loss: 0.3780 - precision: 0.8324 - recall: 0.8977 - recall_plaga: 0.9093
[1m 8/17[0m [32m━━━━━━━━━[0m[37m━━━━━━━━━━━[0m [1m13s[0m 2s/step - accuracy: 0.8988 - auc: 0.9430 - f2_macro: 0.8934 - f2_plaga: 0.9112 - loss: 0.3855 - precision: 0.8225 - recall: 0.8909 - recall_plaga: 0.9040
[1m 9/17[0m [32m━━━━━━━━━━[0m[37m━━━━━━━━━━[0m [1m11s[0m 1s/step - accuracy: 0.8938 - auc: 0.9392 - f2_macro: 0.8879 - f2_plaga: 0.9073 - loss: 0.3936 - precision: 0.8157 - recall: 0.8835 - recall_plaga: 0.9001
[1m10/17[0m [32m━━━━━━━━━━━[0m[37m━━━━━━━━━[0m [1m10s[0m 1s/step - accuracy: 0.8885 - auc: 0.9348 - f2_macro: 0.8823 - f2_plaga: 0.9026 - loss: 0.4025 - precision: 0.8075 - recall: 0.8774 - recall_plaga: 0.8951
[1m11/17[0m [32m━━━━━━━━━━━━[0m[37m━━━━━━━━[0m [1m8s[0m 1s/step - accuracy: 0.8839 - auc: 0.9313 - f2_macro: 0.8776 - f2_plaga: 0.8981 - loss: 0.4095 - precision: 0.7992 - recall: 0.8736 - recall_plaga: 0.8900 
[1m12/17[0m [32m━━━━━━━━━━━━━━[0m[37m━━━━━━[0m [1m7s[0m 1s/step - accuracy: 0.8801 - auc: 0.9282 - f2_macro: 0.8736 - f2_plaga: 0.8947 - loss: 0.4156 - precision: 0.7928 - recall: 0.8695 - recall_plaga: 0.8863
[1m13/17[0m [32m━━━━━━━━━━━━━━━[0m[37m━━━━━[0m [1m5s[0m 1s/step - accuracy: 0.8771 - auc: 0.9258 - f2_macro: 0.8705 - f2_plaga: 0.8920 - loss: 0.4207 - precision: 0.7882 - recall: 0.8663 - recall_plaga: 0.8834
[1m14/17[0m [32m━━━━━━━━━━━━━━━━[0m[37m━━━━[0m [1m4s[0m 1s/step - accuracy: 0.8744 - auc: 0.9236 - f2_macro: 0.8677 - f2_plaga: 0.8895 - loss: 0.4254 - precision: 0.7840 - recall: 0.8635 - recall_plaga: 0.8807
[1m15/17[0m [32m━━━━━━━━━━━━━━━━━[0m[37m━━━[0m [1m2s[0m 1s/step - accuracy: 0.8718 - auc: 0.9215 - f2_macro: 0.8649 - f2_plaga: 0.8872 - loss: 0.4296 - precision: 0.7794 - recall: 0.8606 - recall_plaga: 0.8781
[1m16/17[0m [32m━━━━━━━━━━━━━━━━━━[0m[37m━━[0m [1m1s[0m 2s/step - accuracy: 0.8700 - auc: 0.9199 - f2_macro: 0.8629 - f2_plaga: 0.8855 - loss: 0.4328 - precision: 0.7757 - recall: 0.8587 - recall_plaga: 0.8762
[1m17/17[0m [32m━━━━━━━━━━━━━━━━━━━━[0m[37m[0m [1m0s[0m 1s/step - accuracy: 0.8681 - auc: 0.9184 - f2_macro: 0.8610 - f2_plaga: 0.8837 - loss: 0.4358 - precision: 0.7722 - recall: 0.8571 - recall_plaga: 0.8742
Epoch 19: val_f2_macro did not improve from 0.45639

[1m17/17[0m [32m━━━━━━━━━━━━━━━━━━━━[0m[37m[0m [1m26s[0m 2s/step - accuracy: 0.8383 - auc: 0.8941 - f2_macro: 0.8301 - f2_plaga: 0.8550 - loss: 0.4839 - precision: 0.7150 - recall: 0.8314 - recall_plaga: 0.8417 - val_accuracy: 0.6767 - val_auc: 0.8499 - val_f2_macro: 0.4564 - val_f2_plaga: 0.9128 - val_loss: 0.6219 - val_precision: 0.0000e+00 - val_recall: 0.0000e+00 - val_recall_plaga: 1.0000 - learning_rate: 1.0000e-04
Epoch 20/80

[1m 1/17[0m [32m━[0m[37m━━━━━━━━━━━━━━━━━━━[0m [1m23s[0m 1s/step - accuracy: 0.9375 - auc: 0.9614 - f2_macro: 0.9437 - f2_plaga: 0.9259 - loss: 0.3341 - precision: 0.8333 - recall: 1.0000 - recall_plaga: 0.9091
[1m 2/17[0m [32m━━[0m[37m━━━━━━━━━━━━━━━━━━[0m [1m21s[0m 1s/step - accuracy: 0.9297 - auc: 0.9602 - f2_macro: 0.9323 - f2_plaga: 0.9247 - loss: 0.3416 - precision: 0.8258 - recall: 0.9737 - recall_plaga: 0.9101
[1m 3/17[0m [32m━━━[0m[37m━━━━━━━━━━━━━━━━━[0m [1m19s[0m 1s/step - accuracy: 0.9219 - auc: 0.9615 - f2_macro: 0.9240 - f2_plaga: 0.9175 - loss: 0.3472 - precision: 0.8224 - recall: 0.9623 - recall_plaga: 0.9030
[1m 4/17[0m [32m━━━━[0m[37m━━━━━━━━━━━━━━━━[0m [1m18s[0m 1s/step - accuracy: 0.9180 - auc: 0.9622 - f2_macro: 0.9184 - f2_plaga: 0.9179 - loss: 0.3534 - precision: 0.8304 - recall: 0.9445 - recall_plaga: 0.9059
[1m 5/17[0m [32m━━━━━[0m[37m━━━━━━━━━━━━━━━[0m [1m16s[0m 1s/step - accuracy: 0.9169 - auc: 0.9614 - f2_macro: 0.9166 - f2_plaga: 0.9183 - loss: 0.3562 - precision: 0.8348 - recall: 0.9381 - recall_plaga: 0.9073
[1m 6/17[0m [32m━━━━━━━[0m[37m━━━━━━━━━━━━━[0m [1m15s[0m 1s/step - accuracy: 0.9125 - auc: 0.9592 - f2_macro: 0.9115 - f2_plaga: 0.9156 - loss: 0.3621 - precision: 0.8326 - recall: 0.9288 - recall_plaga: 0.9053
[1m 7/17[0m [32m━━━━━━━━[0m[37m━━━━━━━━━━━━[0m [1m14s[0m 1s/step - accuracy: 0.9078 - auc: 0.9572 - f2_macro: 0.9061 - f2_plaga: 0.9122 - loss: 0.3662 - precision: 0.8252 - recall: 0.9213 - recall_plaga: 0.9018
[1m 8/17[0m [32m━━━━━━━━━[0m[37m━━━━━━━━━━━[0m [1m12s[0m 1s/step - accuracy: 0.9022 - auc: 0.9542 - f2_macro: 0.9001 - f2_plaga: 0.9075 - loss: 0.3728 - precision: 0.8158 - recall: 0.9146 - recall_plaga: 0.8967
[1m 9/17[0m [32m━━━━━━━━━━[0m[37m━━━━━━━━━━[0m [1m11s[0m 1s/step - accuracy: 0.8973 - auc: 0.9517 - f2_macro: 0.8945 - f2_plaga: 0.9037 - loss: 0.3791 - precision: 0.8095 - recall: 0.9069 - recall_plaga: 0.8930
[1m10/17[0m [32m━━━━━━━━━━━[0m[37m━━━━━━━━━[0m [1m9s[0m 1s/step - accuracy: 0.8919 - auc: 0.9478 - f2_macro: 0.8888 - f2_plaga: 0.8992 - loss: 0.3873 - precision: 0.8017 - recall: 0.9003 - recall_plaga: 0.8883 
[1m11/17[0m [32m━━━━━━━━━━━━[0m[37m━━━━━━━━[0m [1m8s[0m 1s/step - accuracy: 0.8873 - auc: 0.9438 - f2_macro: 0.8840 - f2_plaga: 0.8948 - loss: 0.3946 - precision: 0.7939 - recall: 0.8960 - recall_plaga: 0.8835
[1m12/17[0m [32m━━━━━━━━━━━━━━[0m[37m━━━━━━[0m [1m7s[0m 1s/step - accuracy: 0.8834 - auc: 0.9405 - f2_macro: 0.8799 - f2_plaga: 0.8915 - loss: 0.4008 - precision: 0.7878 - recall: 0.8914 - recall_plaga: 0.8799
[1m13/17[0m [32m━━━━━━━━━━━━━━━[0m[37m━━━━━[0m [1m5s[0m 1s/step - accuracy: 0.8804 - auc: 0.9377 - f2_macro: 0.8766 - f2_plaga: 0.8889 - loss: 0.4060 - precision: 0.7835 - recall: 0.8876 - recall_plaga: 0.8772
[1m14/17[0m [32m━━━━━━━━━━━━━━━━[0m[37m━━━━[0m [1m4s[0m 1s/step - accuracy: 0.8774 - auc: 0.9353 - f2_macro: 0.8735 - f2_plaga: 0.8865 - loss: 0.4109 - precision: 0.7794 - recall: 0.8837 - recall_plaga: 0.8747
[1m15/17[0m [32m━━━━━━━━━━━━━━━━━[0m[37m━━━[0m [1m2s[0m 1s/step - accuracy: 0.8748 - auc: 0.9329 - f2_macro: 0.8705 - f2_plaga: 0.8844 - loss: 0.4152 - precision: 0.7752 - recall: 0.8799 - recall_plaga: 0.8726
[1m16/17[0m [32m━━━━━━━━━━━━━━━━━━[0m[37m━━[0m [1m1s[0m 1s/step - accuracy: 0.8728 - auc: 0.9312 - f2_macro: 0.8683 - f2_plaga: 0.8829 - loss: 0.4184 - precision: 0.7719 - recall: 0.8772 - recall_plaga: 0.8710
[1m17/17[0m [32m━━━━━━━━━━━━━━━━━━━━[0m[37m[0m [1m0s[0m 1s/step - accuracy: 0.8709 - auc: 0.9297 - f2_macro: 0.8662 - f2_plaga: 0.8813 - loss: 0.4213 - precision: 0.7687 - recall: 0.8748 - recall_plaga: 0.8693
Epoch 20: val_f2_macro did not improve from 0.45639

[1m17/17[0m [32m━━━━━━━━━━━━━━━━━━━━[0m[37m[0m [1m25s[0m 1s/step - accuracy: 0.8402 - auc: 0.9044 - f2_macro: 0.8327 - f2_plaga: 0.8554 - loss: 0.4690 - precision: 0.7164 - recall: 0.8372 - recall_plaga: 0.8417 - val_accuracy: 0.6767 - val_auc: 0.8886 - val_f2_macro: 0.4564 - val_f2_plaga: 0.9128 - val_loss: 0.6144 - val_precision: 0.0000e+00 - val_recall: 0.0000e+00 - val_recall_plaga: 1.0000 - learning_rate: 1.0000e-04
Epoch 21/80

[1m 1/17[0m [32m━[0m[37m━━━━━━━━━━━━━━━━━━━[0m [1m23s[0m 1s/step - accuracy: 0.9375 - auc: 0.9182 - f2_macro: 0.9437 - f2_plaga: 0.9259 - loss: 0.3614 - precision: 0.8333 - recall: 1.0000 - recall_plaga: 0.9091
[1m 2/17[0m [32m━━[0m[37m━━━━━━━━━━━━━━━━━━[0m [1m21s[0m 1s/step - accuracy: 0.9297 - auc: 0.9299 - f2_macro: 0.9323 - f2_plaga: 0.9247 - loss: 0.3575 - precision: 0.8258 - recall: 0.9737 - recall_plaga: 0.9101
[1m 3/17[0m [32m━━━[0m[37m━━━━━━━━━━━━━━━━━[0m [1m20s[0m 1s/step - accuracy: 0.9253 - auc: 0.9366 - f2_macro: 0.9271 - f2_plaga: 0.9219 - loss: 0.3586 - precision: 0.8298 - recall: 0.9623 - recall_plaga: 0.9083
[1m 4/17[0m [32m━━━━[0m[37m━━━━━━━━━━━━━━━━[0m [1m18s[0m 1s/step - accuracy: 0.9245 - auc: 0.9424 - f2_macro: 0.9249 - f2_plaga: 0.9243 - loss: 0.3569 - precision: 0.8411 - recall: 0.9500 - recall_plaga: 0.9129
[1m 5/17[0m [32m━━━━━[0m[37m━━━━━━━━━━━━━━━[0m [1m17s[0m 1s/step - accuracy: 0.9246 - auc: 0.9442 - f2_macro: 0.9246 - f2_plaga: 0.9253 - loss: 0.3566 - precision: 0.8466 - recall: 0.9459 - recall_plaga: 0.9148
[1m 6/17[0m [32m━━━━━━━[0m[37m━━━━━━━━━━━━━[0m [1m16s[0m 2s/step - accuracy: 0.9207 - auc: 0.9417 - f2_macro: 0.9200 - f2_plaga: 0.9229 - loss: 0.3639 - precision: 0.8448 - recall: 0.9378 - recall_plaga: 0.9129
[1m 7/17[0m [32m━━━━━━━━[0m[37m━━━━━━━━━━━━[0m [1m14s[0m 1s/step - accuracy: 0.9167 - auc: 0.9395 - f2_macro: 0.9157 - f2_plaga: 0.9195 - loss: 0.3696 - precision: 0.8377 - recall: 0.9330 - recall_plaga: 0.9093
[1m 8/17[0m [32m━━━━━━━━━[0m[37m━━━━━━━━━━━[0m [1m13s[0m 1s/step - accuracy: 0.9120 - auc: 0.9371 - f2_macro: 0.9109 - f2_plaga: 0.9149 - loss: 0.3761 - precision: 0.8287 - recall: 0.9293 - recall_plaga: 0.9040
[1m 9/17[0m [32m━━━━━━━━━━[0m[37m━━━━━━━━━━[0m [1m11s[0m 1s/step - accuracy: 0.9075 - auc: 0.9348 - f2_macro: 0.9060 - f2_plaga: 0.9111 - loss: 0.3825 - precision: 0.8224 - recall: 0.9234 - recall_plaga: 0.9001
[1m10/17[0m [32m━━━━━━━━━━━[0m[37m━━━━━━━━━[0m [1m10s[0m 1s/step - accuracy: 0.9017 - auc: 0.9313 - f2_macro: 0.9000 - f2_plaga: 0.9060 - loss: 0.3906 - precision: 0.8138 - recall: 0.9171 - recall_plaga: 0.8946
[1m11/17[0m [32m━━━━━━━━━━━━[0m[37m━━━━━━━━[0m [1m8s[0m 1s/step - accuracy: 0.8967 - auc: 0.9283 - f2_macro: 0.8949 - f2_plaga: 0.9011 - loss: 0.3972 - precision: 0.8052 - recall: 0.9127 - recall_plaga: 0.8892 
[1m12/17[0m [32m━━━━━━━━━━━━━━[0m[37m━━━━━━[0m [1m7s[0m 1s/step - accuracy: 0.8925 - auc: 0.9260 - f2_macro: 0.8905 - f2_plaga: 0.8974 - loss: 0.4025 - precision: 0.7985 - recall: 0.9081 - recall_plaga: 0.8852
[1m13/17[0m [32m━━━━━━━━━━━━━━━[0m[37m━━━━━[0m [1m5s[0m 1s/step - accuracy: 0.8889 - auc: 0.9241 - f2_macro: 0.8866 - f2_plaga: 0.8944 - loss: 0.4070 - precision: 0.7935 - recall: 0.9035 - recall_plaga: 0.8821
[1m14/17[0m [32m━━━━━━━━━━━━━━━━[0m[37m━━━━[0m [1m4s[0m 1s/step - accuracy: 0.8859 - auc: 0.9225 - f2_macro: 0.8833 - f2_plaga: 0.8919 - loss: 0.4111 - precision: 0.7892 - recall: 0.8995 - recall_plaga: 0.8795
[1m15/17[0m [32m━━━━━━━━━━━━━━━━━[0m[37m━━━[0m [1m2s[0m 1s/step - accuracy: 0.8832 - auc: 0.9209 - f2_macro: 0.8803 - f2_plaga: 0.8898 - loss: 0.4148 - precision: 0.7851 - recall: 0.8955 - recall_plaga: 0.8774
[1m16/17[0m [32m━━━━━━━━━━━━━━━━━━[0m[37m━━[0m [1m1s[0m 1s/step - accuracy: 0.8812 - auc: 0.9198 - f2_macro: 0.8780 - f2_plaga: 0.8883 - loss: 0.4174 - precision: 0.7819 - recall: 0.8926 - recall_plaga: 0.8759
[1m17/17[0m [32m━━━━━━━━━━━━━━━━━━━━[0m[37m[0m [1m0s[0m 1s/step - accuracy: 0.8793 - auc: 0.9186 - f2_macro: 0.8759 - f2_plaga: 0.8867 - loss: 0.4202 - precision: 0.7786 - recall: 0.8900 - recall_plaga: 0.8742
Epoch 21: val_f2_macro did not improve from 0.45639

[1m17/17[0m [32m━━━━━━━━━━━━━━━━━━━━[0m[37m[0m [1m25s[0m 1s/step - accuracy: 0.8477 - auc: 0.8994 - f2_macro: 0.8411 - f2_plaga: 0.8611 - loss: 0.4651 - precision: 0.7264 - recall: 0.8488 - recall_plaga: 0.8472 - val_accuracy: 0.6767 - val_auc: 0.8932 - val_f2_macro: 0.4564 - val_f2_plaga: 0.9128 - val_loss: 0.6071 - val_precision: 0.0000e+00 - val_recall: 0.0000e+00 - val_recall_plaga: 1.0000 - learning_rate: 1.0000e-04
Epoch 22/80

[1m 1/17[0m [32m━[0m[37m━━━━━━━━━━━━━━━━━━━[0m [1m26s[0m 2s/step - accuracy: 0.9375 - auc: 0.9545 - f2_macro: 0.9437 - f2_plaga: 0.9259 - loss: 0.3337 - precision: 0.8333 - recall: 1.0000 - recall_plaga: 0.9091
[1m 2/17[0m [32m━━[0m[37m━━━━━━━━━━━━━━━━━━[0m [1m21s[0m 1s/step - accuracy: 0.9219 - auc: 0.9580 - f2_macro: 0.9208 - f2_plaga: 0.9226 - loss: 0.3309 - precision: 0.8214 - recall: 0.9474 - recall_plaga: 0.9101
[1m 3/17[0m [32m━━━[0m[37m━━━━━━━━━━━━━━━━━[0m [1m19s[0m 1s/step - accuracy: 0.9236 - auc: 0.9603 - f2_macro: 0.9210 - f2_plaga: 0.9282 - loss: 0.3305 - precision: 0.8417 - recall: 0.9346 - recall_plaga: 0.9189
[1m 4/17[0m [32m━━━━[0m[37m━━━━━━━━━━━━━━━━[0m [1m18s[0m 1s/step - accuracy: 0.9232 - auc: 0.9623 - f2_macro: 0.9187 - f2_plaga: 0.9328 - loss: 0.3307 - precision: 0.8586 - recall: 0.9183 - recall_plaga: 0.9270
[1m 5/17[0m [32m━━━━━[0m[37m━━━━━━━━━━━━━━━[0m [1m16s[0m 1s/step - accuracy: 0.9235 - auc: 0.9622 - f2_macro: 0.9186 - f2_plaga: 0.9346 - loss: 0.3307 - precision: 0.8658 - recall: 0.9136 - recall_plaga: 0.9299
[1m 6/17[0m [32m━━━━━━━[0m[37m━━━━━━━━━━━━━[0m [1m15s[0m 1s/step - accuracy: 0.9198 - auc: 0.9590 - f2_macro: 0.9144 - f2_plaga: 0.9323 - loss: 0.3381 - precision: 0.8640 - recall: 0.9060 - recall_plaga: 0.9282
[1m 7/17[0m [32m━━━━━━━━[0m[37m━━━━━━━━━━━━[0m [1m14s[0m 1s/step - accuracy: 0.9153 - auc: 0.9558 - f2_macro: 0.9093 - f2_plaga: 0.9287 - loss: 0.3447 - precision: 0.8560 - recall: 0.8998 - recall_plaga: 0.9242
[1m 8/17[0m [32m━━━━━━━━━[0m[37m━━━━━━━━━━━[0m [1m12s[0m 1s/step - accuracy: 0.9098 - auc: 0.9518 - f2_macro: 0.9035 - f2_plaga: 0.9236 - loss: 0.3532 - precision: 0.8454 - recall: 0.8943 - recall_plaga: 0.9185
[1m 9/17[0m [32m━━━━━━━━━━[0m[37m━━━━━━━━━━[0m [1m11s[0m 1s/step - accuracy: 0.9048 - auc: 0.9477 - f2_macro: 0.8980 - f2_plaga: 0.9194 - loss: 0.3627 - precision: 0.8380 - recall: 0.8877 - recall_plaga: 0.9142
[1m10/17[0m [32m━━━━━━━━━━━[0m[37m━━━━━━━━━[0m [1m10s[0m 1s/step - accuracy: 0.8987 - auc: 0.9430 - f2_macro: 0.8917 - f2_plaga: 0.9139 - loss: 0.3731 - precision: 0.8282 - recall: 0.8812 - recall_plaga: 0.9082
[1m11/17[0m [32m━━━━━━━━━━━━[0m[37m━━━━━━━━[0m [1m8s[0m 1s/step - accuracy: 0.8934 - auc: 0.9390 - f2_macro: 0.8863 - f2_plaga: 0.9087 - loss: 0.3817 - precision: 0.8185 - recall: 0.8770 - recall_plaga: 0.9024 
[1m12/17[0m [32m━━━━━━━━━━━━━━[0m[37m━━━━━━[0m [1m7s[0m 1s/step - accuracy: 0.8891 - auc: 0.9357 - f2_macro: 0.8818 - f2_plaga: 0.9046 - loss: 0.3888 - precision: 0.8109 - recall: 0.8727 - recall_plaga: 0.8979
[1m13/17[0m [32m━━━━━━━━━━━━━━━[0m[37m━━━━━[0m [1m5s[0m 1s/step - accuracy: 0.8854 - auc: 0.9331 - f2_macro: 0.8780 - f2_plaga: 0.9014 - loss: 0.3946 - precision: 0.8051 - recall: 0.8686 - recall_plaga: 0.8944
[1m14/17[0m [32m━━━━━━━━━━━━━━━━[0m[37m━━━━[0m [1m4s[0m 1s/step - accuracy: 0.8821 - auc: 0.9309 - f2_macro: 0.8745 - f2_plaga: 0.8984 - loss: 0.3996 - precision: 0.7999 - recall: 0.8651 - recall_plaga: 0.8911
[1m15/17[0m [32m━━━━━━━━━━━━━━━━━[0m[37m━━━[0m [1m2s[0m 1s/step - accuracy: 0.8790 - auc: 0.9289 - f2_macro: 0.8712 - f2_plaga: 0.8956 - loss: 0.4041 - precision: 0.7944 - recall: 0.8617 - recall_plaga: 0.8881
[1m16/17[0m [32m━━━━━━━━━━━━━━━━━━[0m[37m━━[0m [1m1s[0m 1s/step - accuracy: 0.8765 - auc: 0.9273 - f2_macro: 0.8687 - f2_plaga: 0.8933 - loss: 0.4075 - precision: 0.7897 - recall: 0.8594 - recall_plaga: 0.8856
[1m17/17[0m [32m━━━━━━━━━━━━━━━━━━━━[0m[37m[0m [1m0s[0m 1s/step - accuracy: 0.8742 - auc: 0.9258 - f2_macro: 0.8662 - f2_plaga: 0.8910 - loss: 0.4109 - precision: 0.7852 - recall: 0.8574 - recall_plaga: 0.8830
Epoch 22: val_f2_macro did not improve from 0.45639

[1m17/17[0m [32m━━━━━━━━━━━━━━━━━━━━[0m[37m[0m [1m26s[0m 2s/step - accuracy: 0.8365 - auc: 0.9006 - f2_macro: 0.8275 - f2_plaga: 0.8545 - loss: 0.4653 - precision: 0.7136 - recall: 0.8256 - recall_plaga: 0.8417 - val_accuracy: 0.6767 - val_auc: 0.9045 - val_f2_macro: 0.4564 - val_f2_plaga: 0.9128 - val_loss: 0.6010 - val_precision: 0.0000e+00 - val_recall: 0.0000e+00 - val_recall_plaga: 1.0000 - learning_rate: 1.0000e-04
Epoch 23/80

[1m 1/17[0m [32m━[0m[37m━━━━━━━━━━━━━━━━━━━[0m [1m23s[0m 1s/step - accuracy: 0.9375 - auc: 0.9591 - f2_macro: 0.9437 - f2_plaga: 0.9259 - loss: 0.3387 - precision: 0.8333 - recall: 1.0000 - recall_plaga: 0.9091
[1m 2/17[0m [32m━━[0m[37m━━━━━━━━━━━━━━━━━━[0m [1m21s[0m 1s/step - accuracy: 0.9141 - auc: 0.9512 - f2_macro: 0.9139 - f2_plaga: 0.9134 - loss: 0.3573 - precision: 0.8030 - recall: 0.9474 - recall_plaga: 0.8990
[1m 3/17[0m [32m━━━[0m[37m━━━━━━━━━━━━━━━━━[0m [1m19s[0m 1s/step - accuracy: 0.9045 - auc: 0.9519 - f2_macro: 0.9042 - f2_plaga: 0.9046 - loss: 0.3671 - precision: 0.7985 - recall: 0.9346 - recall_plaga: 0.8903
[1m 4/17[0m [32m━━━━[0m[37m━━━━━━━━━━━━━━━━[0m [1m18s[0m 1s/step - accuracy: 0.9030 - auc: 0.9535 - f2_macro: 0.9018 - f2_plaga: 0.9058 - loss: 0.3711 - precision: 0.8081 - recall: 0.9238 - recall_plaga: 0.8934
[1m 5/17[0m [32m━━━━━[0m[37m━━━━━━━━━━━━━━━[0m [1m17s[0m 1s/step - accuracy: 0.9036 - auc: 0.9528 - f2_macro: 0.9022 - f2_plaga: 0.9070 - loss: 0.3729 - precision: 0.8142 - recall: 0.9215 - recall_plaga: 0.8953
[1m 6/17[0m [32m━━━━━━━[0m[37m━━━━━━━━━━━━━[0m [1m15s[0m 1s/step - accuracy: 0.9006 - auc: 0.9505 - f2_macro: 0.8988 - f2_plaga: 0.9051 - loss: 0.3774 - precision: 0.8136 - recall: 0.9150 - recall_plaga: 0.8939
[1m 7/17[0m [32m━━━━━━━━[0m[37m━━━━━━━━━━━━[0m [1m14s[0m 1s/step - accuracy: 0.8976 - auc: 0.9483 - f2_macro: 0.8952 - f2_plaga: 0.9031 - loss: 0.3806 - precision: 0.8089 - recall: 0.9095 - recall_plaga: 0.8920
[1m 8/17[0m [32m━━━━━━━━━[0m[37m━━━━━━━━━━━[0m [1m13s[0m 1s/step - accuracy: 0.8933 - auc: 0.9461 - f2_macro: 0.8905 - f2_plaga: 0.8995 - loss: 0.3847 - precision: 0.8015 - recall: 0.9042 - recall_plaga: 0.8882
[1m 9/17[0m [32m━━━━━━━━━━[0m[37m━━━━━━━━━━[0m [1m11s[0m 1s/step - accuracy: 0.8890 - auc: 0.9440 - f2_macro: 0.8857 - f2_plaga: 0.8962 - loss: 0.3892 - precision: 0.7961 - recall: 0.8977 - recall_plaga: 0.8849
[1m10/17[0m [32m━━━━━━━━━━━[0m[37m━━━━━━━━━[0m [1m10s[0m 1s/step - accuracy: 0.8838 - auc: 0.9409 - f2_macro: 0.8803 - f2_plaga: 0.8916 - loss: 0.3955 - precision: 0.7885 - recall: 0.8920 - recall_plaga: 0.8800
[1m11/17[0m [32m━━━━━━━━━━━━[0m[37m━━━━━━━━[0m [1m8s[0m 1s/step - accuracy: 0.8794 - auc: 0.9379 - f2_macro: 0.8758 - f2_plaga: 0.8873 - loss: 0.4007 - precision: 0.7809 - recall: 0.8884 - recall_plaga: 0.8752 
[1m12/17[0m [32m━━━━━━━━━━━━━━[0m[37m━━━━━━[0m [1m7s[0m 1s/step - accuracy: 0.8758 - auc: 0.9355 - f2_macro: 0.8720 - f2_plaga: 0.8840 - loss: 0.4049 - precision: 0.7751 - recall: 0.8845 - recall_plaga: 0.8717
[1m13/17[0m [32m━━━━━━━━━━━━━━━[0m[37m━━━━━[0m [1m5s[0m 1s/step - accuracy: 0.8729 - auc: 0.9334 - f2_macro: 0.8690 - f2_plaga: 0.8816 - loss: 0.4087 - precision: 0.7710 - recall: 0.8812 - recall_plaga: 0.8691
[1m14/17[0m [32m━━━━━━━━━━━━━━━━[0m[37m━━━━[0m [1m4s[0m 1s/step - accuracy: 0.8702 - auc: 0.9315 - f2_macro: 0.8661 - f2_plaga: 0.8792 - loss: 0.4123 - precision: 0.7673 - recall: 0.8778 - recall_plaga: 0.8667
[1m15/17[0m [32m━━━━━━━━━━━━━━━━━[0m[37m━━━[0m [1m2s[0m 1s/step - accuracy: 0.8678 - auc: 0.9295 - f2_macro: 0.8634 - f2_plaga: 0.8773 - loss: 0.4157 - precision: 0.7634 - recall: 0.8744 - recall_plaga: 0.8646
[1m16/17[0m [32m━━━━━━━━━━━━━━━━━━[0m[37m━━[0m [1m1s[0m 1s/step - accuracy: 0.8660 - auc: 0.9280 - f2_macro: 0.8614 - f2_plaga: 0.8759 - loss: 0.4179 - precision: 0.7603 - recall: 0.8720 - recall_plaga: 0.8632
[1m17/17[0m [32m━━━━━━━━━━━━━━━━━━━━[0m[37m[0m [1m0s[0m 1s/step - accuracy: 0.8643 - auc: 0.9267 - f2_macro: 0.8596 - f2_plaga: 0.8744 - loss: 0.4202 - precision: 0.7573 - recall: 0.8700 - recall_plaga: 0.8616
Epoch 23: val_f2_macro did not improve from 0.45639

[1m17/17[0m [32m━━━━━━━━━━━━━━━━━━━━[0m[37m[0m [1m25s[0m 1s/step - accuracy: 0.8365 - auc: 0.9055 - f2_macro: 0.8294 - f2_plaga: 0.8508 - loss: 0.4557 - precision: 0.7094 - recall: 0.8372 - recall_plaga: 0.8361 - val_accuracy: 0.6767 - val_auc: 0.9202 - val_f2_macro: 0.4564 - val_f2_plaga: 0.9128 - val_loss: 0.5866 - val_precision: 0.0000e+00 - val_recall: 0.0000e+00 - val_recall_plaga: 1.0000 - learning_rate: 1.0000e-04
Epoch 24/80

[1m 1/17[0m [32m━[0m[37m━━━━━━━━━━━━━━━━━━━[0m [1m23s[0m 1s/step - accuracy: 0.9375 - auc: 0.9364 - f2_macro: 0.9437 - f2_plaga: 0.9259 - loss: 0.2954 - precision: 0.8333 - recall: 1.0000 - recall_plaga: 0.9091
[1m 2/17[0m [32m━━[0m[37m━━━━━━━━━━━━━━━━━━[0m [1m22s[0m 2s/step - accuracy: 0.9219 - auc: 0.9425 - f2_macro: 0.9208 - f2_plaga: 0.9226 - loss: 0.3117 - precision: 0.8214 - recall: 0.9474 - recall_plaga: 0.9101
[1m 3/17[0m [32m━━━[0m[37m━━━━━━━━━━━━━━━━━[0m [1m22s[0m 2s/step - accuracy: 0.9132 - auc: 0.9457 - f2_macro: 0.9103 - f2_plaga: 0.9186 - loss: 0.3255 - precision: 0.8238 - recall: 0.9245 - recall_plaga: 0.9083
[1m 4/17[0m [32m━━━━[0m[37m━━━━━━━━━━━━━━━━[0m [1m20s[0m 2s/step - accuracy: 0.9095 - auc: 0.9478 - f2_macro: 0.9047 - f2_plaga: 0.9201 - loss: 0.3354 - precision: 0.8345 - recall: 0.9053 - recall_plaga: 0.9129
[1m 5/17[0m [32m━━━━━[0m[37m━━━━━━━━━━━━━━━[0m [1m18s[0m 2s/step - accuracy: 0.9089 - auc: 0.9480 - f2_macro: 0.9036 - f2_plaga: 0.9209 - loss: 0.3397 - precision: 0.8400 - recall: 0.8997 - recall_plaga: 0.9148
[1m 6/17[0m [32m━━━━━━━[0m[37m━━━━━━━━━━━━━[0m [1m16s[0m 2s/step - accuracy: 0.9049 - auc: 0.9454 - f2_macro: 0.8992 - f2_plaga: 0.9184 - loss: 0.3499 - precision: 0.8381 - recall: 0.8919 - recall_plaga: 0.9129
[1m 7/17[0m [32m━━━━━━━━[0m[37m━━━━━━━━━━━━[0m [1m15s[0m 2s/step - accuracy: 0.9019 - auc: 0.9432 - f2_macro: 0.8958 - f2_plaga: 0.9160 - loss: 0.3573 - precision: 0.8323 - recall: 0.8878 - recall_plaga: 0.9102
[1m 8/17[0m [32m━━━━━━━━━[0m[37m━━━━━━━━━━━[0m [1m13s[0m 1s/step - accuracy: 0.8976 - auc: 0.9399 - f2_macro: 0.8912 - f2_plaga: 0.9119 - loss: 0.3665 - precision: 0.8237 - recall: 0.8837 - recall_plaga: 0.9055
[1m 9/17[0m [32m━━━━━━━━━━[0m[37m━━━━━━━━━━[0m [1m11s[0m 1s/step - accuracy: 0.8932 - auc: 0.9371 - f2_macro: 0.8865 - f2_plaga: 0.9080 - loss: 0.3748 - precision: 0.8171 - recall: 0.8783 - recall_plaga: 0.9015
[1m10/17[0m [32m━━━━━━━━━━━[0m[37m━━━━━━━━━[0m [1m10s[0m 1s/step - accuracy: 0.8882 - auc: 0.9333 - f2_macro: 0.8814 - f2_plaga: 0.9033 - loss: 0.3843 - precision: 0.8089 - recall: 0.8737 - recall_plaga: 0.8963
[1m11/17[0m [32m━━━━━━━━━━━━[0m[37m━━━━━━━━[0m [1m8s[0m 1s/step - accuracy: 0.8839 - auc: 0.9297 - f2_macro: 0.8771 - f2_plaga: 0.8989 - loss: 0.3923 - precision: 0.8007 - recall: 0.8709 - recall_plaga: 0.8912 
[1m12/17[0m [32m━━━━━━━━━━━━━━[0m[37m━━━━━━[0m [1m7s[0m 1s/step - accuracy: 0.8804 - auc: 0.9270 - f2_macro: 0.8735 - f2_plaga: 0.8954 - loss: 0.3988 - precision: 0.7943 - recall: 0.8678 - recall_plaga: 0.8873
[1m13/17[0m [32m━━━━━━━━━━━━━━━[0m[37m━━━━━[0m [1m5s[0m 1s/step - accuracy: 0.8775 - auc: 0.9249 - f2_macro: 0.8706 - f2_plaga: 0.8927 - loss: 0.4038 - precision: 0.7897 - recall: 0.8652 - recall_plaga: 0.8843
[1m14/17[0m [32m━━━━━━━━━━━━━━━━[0m[37m━━━━[0m [1m4s[0m 1s/step - accuracy: 0.8750 - auc: 0.9230 - f2_macro: 0.8680 - f2_plaga: 0.8902 - loss: 0.4085 - precision: 0.7855 - recall: 0.8630 - recall_plaga: 0.8816
[1m15/17[0m [32m━━━━━━━━━━━━━━━━━[0m[37m━━━[0m [1m3s[0m 2s/step - accuracy: 0.8725 - auc: 0.9212 - f2_macro: 0.8654 - f2_plaga: 0.8879 - loss: 0.4127 - precision: 0.7809 - recall: 0.8606 - recall_plaga: 0.8790
[1m16/17[0m [32m━━━━━━━━━━━━━━━━━━[0m[37m━━[0m [1m1s[0m 2s/step - accuracy: 0.8706 - auc: 0.9199 - f2_macro: 0.8634 - f2_plaga: 0.8860 - loss: 0.4159 - precision: 0.7770 - recall: 0.8590 - recall_plaga: 0.8768
[1m17/17[0m [32m━━━━━━━━━━━━━━━━━━━━[0m[37m[0m [1m0s[0m 1s/step - accuracy: 0.8687 - auc: 0.9186 - f2_macro: 0.8615 - f2_plaga: 0.8841 - loss: 0.4190 - precision: 0.7733 - recall: 0.8578 - recall_plaga: 0.8746
Epoch 24: val_f2_macro did not improve from 0.45639

[1m17/17[0m [32m━━━━━━━━━━━━━━━━━━━━[0m[37m[0m [1m26s[0m 2s/step - accuracy: 0.8383 - auc: 0.8976 - f2_macro: 0.8310 - f2_plaga: 0.8531 - loss: 0.4690 - precision: 0.7129 - recall: 0.8372 - recall_plaga: 0.8389 - val_accuracy: 0.6767 - val_auc: 0.9145 - val_f2_macro: 0.4564 - val_f2_plaga: 0.9128 - val_loss: 0.5737 - val_precision: 0.0000e+00 - val_recall: 0.0000e+00 - val_recall_plaga: 1.0000 - learning_rate: 1.0000e-04
Epoch 25/80

[1m 1/17[0m [32m━[0m[37m━━━━━━━━━━━━━━━━━━━[0m [1m23s[0m 1s/step - accuracy: 0.9375 - auc: 0.9409 - f2_macro: 0.9437 - f2_plaga: 0.9259 - loss: 0.3079 - precision: 0.8333 - recall: 1.0000 - recall_plaga: 0.9091
[1m 2/17[0m [32m━━[0m[37m━━━━━━━━━━━━━━━━━━[0m [1m21s[0m 1s/step - accuracy: 0.9219 - auc: 0.9482 - f2_macro: 0.9208 - f2_plaga: 0.9226 - loss: 0.3143 - precision: 0.8214 - recall: 0.9474 - recall_plaga: 0.9101
[1m 3/17[0m [32m━━━[0m[37m━━━━━━━━━━━━━━━━━[0m [1m19s[0m 1s/step - accuracy: 0.9097 - auc: 0.9511 - f2_macro: 0.9087 - f2_plaga: 0.9108 - loss: 0.3246 - precision: 0.8108 - recall: 0.9346 - recall_plaga: 0.8977
[1m 4/17[0m [32m━━━━[0m[37m━━━━━━━━━━━━━━━━[0m [1m18s[0m 1s/step - accuracy: 0.9049 - auc: 0.9532 - f2_macro: 0.9027 - f2_plaga: 0.9098 - loss: 0.3316 - precision: 0.8164 - recall: 0.9183 - recall_plaga: 0.8989
[1m 5/17[0m [32m━━━━━[0m[37m━━━━━━━━━━━━━━━[0m [1m17s[0m 1s/step - accuracy: 0.9040 - auc: 0.9537 - f2_macro: 0.9014 - f2_plaga: 0.9098 - loss: 0.3341 - precision: 0.8203 - recall: 0.9136 - recall_plaga: 0.8997
[1m 6/17[0m [32m━━━━━━━[0m[37m━━━━━━━━━━━━━[0m [1m15s[0m 1s/step - accuracy: 0.9000 - auc: 0.9514 - f2_macro: 0.8969 - f2_plaga: 0.9072 - loss: 0.3412 - precision: 0.8183 - recall: 0.9060 - recall_plaga: 0.8976
[1m 7/17[0m [32m━━━━━━━━[0m[37m━━━━━━━━━━━━[0m [1m14s[0m 1s/step - accuracy: 0.8964 - auc: 0.9495 - f2_macro: 0.8927 - f2_plaga: 0.9048 - loss: 0.3469 - precision: 0.8125 - recall: 0.8998 - recall_plaga: 0.8952
[1m 8/17[0m [32m━━━━━━━━━[0m[37m━━━━━━━━━━━[0m [1m12s[0m 1s/step - accuracy: 0.8918 - auc: 0.9466 - f2_macro: 0.8877 - f2_plaga: 0.9009 - loss: 0.3544 - precision: 0.8044 - recall: 0.8943 - recall_plaga: 0.8910
[1m 9/17[0m [32m━━━━━━━━━━[0m[37m━━━━━━━━━━[0m [1m11s[0m 1s/step - accuracy: 0.8876 - auc: 0.9441 - f2_macro: 0.8830 - f2_plaga: 0.8978 - loss: 0.3617 - precision: 0.7991 - recall: 0.8877 - recall_plaga: 0.8880
[1m10/17[0m [32m━━━━━━━━━━━[0m[37m━━━━━━━━━[0m [1m10s[0m 1s/step - accuracy: 0.8829 - auc: 0.9402 - f2_macro: 0.8780 - f2_plaga: 0.8937 - loss: 0.3708 - precision: 0.7922 - recall: 0.8821 - recall_plaga: 0.8837
[1m11/17[0m [32m━━━━━━━━━━━━[0m[37m━━━━━━━━[0m [1m8s[0m 1s/step - accuracy: 0.8788 - auc: 0.9366 - f2_macro: 0.8738 - f2_plaga: 0.8898 - loss: 0.3784 - precision: 0.7850 - recall: 0.8786 - recall_plaga: 0.8793 
[1m12/17[0m [32m━━━━━━━━━━━━━━[0m[37m━━━━━━[0m [1m7s[0m 1s/step - accuracy: 0.8757 - auc: 0.9339 - f2_macro: 0.8706 - f2_plaga: 0.8869 - loss: 0.3844 - precision: 0.7797 - recall: 0.8755 - recall_plaga: 0.8761
[1m13/17[0m [32m━━━━━━━━━━━━━━━[0m[37m━━━━━[0m [1m5s[0m 1s/step - accuracy: 0.8732 - auc: 0.9317 - f2_macro: 0.8680 - f2_plaga: 0.8847 - loss: 0.3894 - precision: 0.7759 - recall: 0.8729 - recall_plaga: 0.8737
[1m14/17[0m [32m━━━━━━━━━━━━━━━━[0m[37m━━━━[0m [1m4s[0m 1s/step - accuracy: 0.8710 - auc: 0.9298 - f2_macro: 0.8657 - f2_plaga: 0.8826 - loss: 0.3938 - precision: 0.7725 - recall: 0.8705 - recall_plaga: 0.8714
[1m15/17[0m [32m━━━━━━━━━━━━━━━━━[0m[37m━━━[0m [1m2s[0m 1s/step - accuracy: 0.8689 - auc: 0.9280 - f2_macro: 0.8634 - f2_plaga: 0.8808 - loss: 0.3979 - precision: 0.7689 - recall: 0.8681 - recall_plaga: 0.8695
[1m16/17[0m [32m━━━━━━━━━━━━━━━━━━[0m[37m━━[0m [1m1s[0m 1s/step - accuracy: 0.8673 - auc: 0.9267 - f2_macro: 0.8617 - f2_plaga: 0.8794 - loss: 0.4008 - precision: 0.7659 - recall: 0.8665 - recall_plaga: 0.8680
[1m17/17[0m [32m━━━━━━━━━━━━━━━━━━━━[0m[37m[0m [1m0s[0m 1s/step - accuracy: 0.8657 - auc: 0.9255 - f2_macro: 0.8601 - f2_plaga: 0.8779 - loss: 0.4036 - precision: 0.7628 - recall: 0.8651 - recall_plaga: 0.8662
Epoch 25: val_f2_macro improved from 0.45639 to 0.47177, saving model to C:\workspace\hd-image-pest-detection-cnn-and-rf\best_models\best_model_final_MULTIESPECTRAL_binary_crossentropy.keras

[1m17/17[0m [32m━━━━━━━━━━━━━━━━━━━━[0m[37m[0m [1m25s[0m 1s/step - accuracy: 0.8402 - auc: 0.9056 - f2_macro: 0.8336 - f2_plaga: 0.8536 - loss: 0.4495 - precision: 0.7143 - recall: 0.8430 - recall_plaga: 0.8389 - val_accuracy: 0.6842 - val_auc: 0.9146 - val_f2_macro: 0.4718 - val_f2_plaga: 0.9146 - val_loss: 0.5666 - val_precision: 1.0000 - val_recall: 0.0233 - val_recall_plaga: 1.0000 - learning_rate: 1.0000e-04
Epoch 26/80

[1m 1/17[0m [32m━[0m[37m━━━━━━━━━━━━━━━━━━━[0m [1m4:34[0m 17s/step - accuracy: 0.9375 - auc: 0.9909 - f2_macro: 0.9437 - f2_plaga: 0.9259 - loss: 0.2713 - precision: 0.8333 - recall: 1.0000 - recall_plaga: 0.9091
[1m 2/17[0m [32m━━[0m[37m━━━━━━━━━━━━━━━━━━[0m [1m21s[0m 1s/step - accuracy: 0.9219 - auc: 0.9744 - f2_macro: 0.9208 - f2_plaga: 0.9226 - loss: 0.3046 - precision: 0.8214 - recall: 0.9474 - recall_plaga: 0.9101  
[1m 3/17[0m [32m━━━[0m[37m━━━━━━━━━━━━━━━━━[0m [1m20s[0m 1s/step - accuracy: 0.9167 - auc: 0.9707 - f2_macro: 0.9133 - f2_plaga: 0.9229 - loss: 0.3165 - precision: 0.8319 - recall: 0.9245 - recall_plaga: 0.9136
[1m 4/17[0m [32m━━━━[0m[37m━━━━━━━━━━━━━━━━[0m [1m19s[0m 1s/step - accuracy: 0.9141 - auc: 0.9700 - f2_macro: 0.9087 - f2_plaga: 0.9258 - loss: 0.3217 - precision: 0.8455 - recall: 0.9053 - recall_plaga: 0.9200
[1m 5/17[0m [32m━━━━━[0m[37m━━━━━━━━━━━━━━━[0m [1m17s[0m 1s/step - accuracy: 0.9138 - auc: 0.9692 - f2_macro: 0.9079 - f2_plaga: 0.9271 - loss: 0.3240 - precision: 0.8519 - recall: 0.8997 - recall_plaga: 0.9224
[1m 6/17[0m [32m━━━━━━━[0m[37m━━━━━━━━━━━━━[0m [1m16s[0m 2s/step - accuracy: 0.9099 - auc: 0.9666 - f2_macro: 0.9035 - f2_plaga: 0.9247 - loss: 0.3305 - precision: 0.8500 - recall: 0.8919 - recall_plaga: 0.9205
[1m 7/17[0m [32m━━━━━━━━[0m[37m━━━━━━━━━━━━[0m [1m15s[0m 2s/step - accuracy: 0.9062 - auc: 0.9641 - f2_macro: 0.8991 - f2_plaga: 0.9219 - loss: 0.3364 - precision: 0.8436 - recall: 0.8858 - recall_plaga: 0.9177
[1m 8/17[0m [32m━━━━━━━━━[0m[37m━━━━━━━━━━━[0m [1m13s[0m 2s/step - accuracy: 0.9013 - auc: 0.9605 - f2_macro: 0.8939 - f2_plaga: 0.9175 - loss: 0.3445 - precision: 0.8343 - recall: 0.8805 - recall_plaga: 0.9128
[1m 9/17[0m [32m━━━━━━━━━━[0m[37m━━━━━━━━━━[0m [1m12s[0m 2s/step - accuracy: 0.8965 - auc: 0.9571 - f2_macro: 0.8887 - f2_plaga: 0.9135 - loss: 0.3528 - precision: 0.8271 - recall: 0.8743 - recall_plaga: 0.9085
[1m10/17[0m [32m━━━━━━━━━━━[0m[37m━━━━━━━━━[0m [1m10s[0m 2s/step - accuracy: 0.8909 - auc: 0.9527 - f2_macro: 0.8828 - f2_plaga: 0.9084 - loss: 0.3626 - precision: 0.8181 - recall: 0.8682 - recall_plaga: 0.9031
[1m11/17[0m [32m━━━━━━━━━━━━[0m[37m━━━━━━━━[0m [1m9s[0m 2s/step - accuracy: 0.8861 - auc: 0.9484 - f2_macro: 0.8779 - f2_plaga: 0.9037 - loss: 0.3710 - precision: 0.8091 - recall: 0.8644 - recall_plaga: 0.8977 
[1m12/17[0m [32m━━━━━━━━━━━━━━[0m[37m━━━━━━[0m [1m7s[0m 2s/step - accuracy: 0.8821 - auc: 0.9449 - f2_macro: 0.8738 - f2_plaga: 0.9000 - loss: 0.3781 - precision: 0.8022 - recall: 0.8605 - recall_plaga: 0.8937
[1m13/17[0m [32m━━━━━━━━━━━━━━━[0m[37m━━━━━[0m [1m6s[0m 2s/step - accuracy: 0.8790 - auc: 0.9419 - f2_macro: 0.8706 - f2_plaga: 0.8971 - loss: 0.3840 - precision: 0.7970 - recall: 0.8574 - recall_plaga: 0.8905
[1m14/17[0m [32m━━━━━━━━━━━━━━━━[0m[37m━━━━[0m [1m4s[0m 2s/step - accuracy: 0.8761 - auc: 0.9394 - f2_macro: 0.8677 - f2_plaga: 0.8944 - loss: 0.3890 - precision: 0.7924 - recall: 0.8547 - recall_plaga: 0.8875
[1m15/17[0m [32m━━━━━━━━━━━━━━━━━[0m[37m━━━[0m [1m2s[0m 1s/step - accuracy: 0.8734 - auc: 0.9372 - f2_macro: 0.8648 - f2_plaga: 0.8919 - loss: 0.3933 - precision: 0.7874 - recall: 0.8520 - recall_plaga: 0.8847
[1m16/17[0m [32m━━━━━━━━━━━━━━━━━━[0m[37m━━[0m [1m1s[0m 2s/step - accuracy: 0.8715 - auc: 0.9355 - f2_macro: 0.8627 - f2_plaga: 0.8900 - loss: 0.3966 - precision: 0.7834 - recall: 0.8503 - recall_plaga: 0.8825
[1m17/17[0m [32m━━━━━━━━━━━━━━━━━━━━[0m[37m[0m [1m0s[0m 1s/step - accuracy: 0.8695 - auc: 0.9340 - f2_macro: 0.8608 - f2_plaga: 0.8880 - loss: 0.3996 - precision: 0.7795 - recall: 0.8488 - recall_plaga: 0.8803
Epoch 26: val_f2_macro improved from 0.47177 to 0.72697, saving model to C:\workspace\hd-image-pest-detection-cnn-and-rf\best_models\best_model_final_MULTIESPECTRAL_binary_crossentropy.keras

[1m17/17[0m [32m━━━━━━━━━━━━━━━━━━━━[0m[37m[0m [1m42s[0m 2s/step - accuracy: 0.8383 - auc: 0.9094 - f2_macro: 0.8291 - f2_plaga: 0.8568 - loss: 0.4478 - precision: 0.7172 - recall: 0.8256 - recall_plaga: 0.8444 - val_accuracy: 0.7895 - val_auc: 0.9090 - val_f2_macro: 0.7270 - val_f2_plaga: 0.8874 - val_loss: 0.5628 - val_precision: 0.7419 - val_recall: 0.5349 - val_recall_plaga: 0.9111 - learning_rate: 1.0000e-04
Epoch 27/80

[1m 1/17[0m [32m━[0m[37m━━━━━━━━━━━━━━━━━━━[0m [1m24s[0m 2s/step - accuracy: 0.9375 - auc: 0.9500 - f2_macro: 0.9437 - f2_plaga: 0.9259 - loss: 0.3280 - precision: 0.8333 - recall: 1.0000 - recall_plaga: 0.9091
[1m 2/17[0m [32m━━[0m[37m━━━━━━━━━━━━━━━━━━[0m [1m21s[0m 1s/step - accuracy: 0.9297 - auc: 0.9537 - f2_macro: 0.9323 - f2_plaga: 0.9247 - loss: 0.3282 - precision: 0.8258 - recall: 0.9737 - recall_plaga: 0.9101
[1m 3/17[0m [32m━━━[0m[37m━━━━━━━━━━━━━━━━━[0m [1m20s[0m 1s/step - accuracy: 0.9219 - auc: 0.9572 - f2_macro: 0.9240 - f2_plaga: 0.9175 - loss: 0.3308 - precision: 0.8224 - recall: 0.9623 - recall_plaga: 0.9030
[1m 4/17[0m [32m━━━━[0m[37m━━━━━━━━━━━━━━━━[0m [1m18s[0m 1s/step - accuracy: 0.9180 - auc: 0.9592 - f2_macro: 0.9184 - f2_plaga: 0.9179 - loss: 0.3331 - precision: 0.8304 - recall: 0.9445 - recall_plaga: 0.9059
[1m 5/17[0m [32m━━━━━[0m[37m━━━━━━━━━━━━━━━[0m [1m17s[0m 1s/step - accuracy: 0.9169 - auc: 0.9596 - f2_macro: 0.9166 - f2_plaga: 0.9183 - loss: 0.3336 - precision: 0.8348 - recall: 0.9381 - recall_plaga: 0.9073
[1m 6/17[0m [32m━━━━━━━[0m[37m━━━━━━━━━━━━━[0m [1m15s[0m 1s/step - accuracy: 0.9134 - auc: 0.9572 - f2_macro: 0.9127 - f2_plaga: 0.9159 - loss: 0.3399 - precision: 0.8330 - recall: 0.9312 - recall_plaga: 0.9053
[1m 7/17[0m [32m━━━━━━━━[0m[37m━━━━━━━━━━━━[0m [1m14s[0m 1s/step - accuracy: 0.9098 - auc: 0.9546 - f2_macro: 0.9088 - f2_plaga: 0.9127 - loss: 0.3457 - precision: 0.8263 - recall: 0.9274 - recall_plaga: 0.9018
[1m 8/17[0m [32m━━━━━━━━━[0m[37m━━━━━━━━━━━[0m [1m13s[0m 1s/step - accuracy: 0.9050 - auc: 0.9510 - f2_macro: 0.9038 - f2_plaga: 0.9082 - loss: 0.3538 - precision: 0.8174 - recall: 0.9229 - recall_plaga: 0.8967
[1m 9/17[0m [32m━━━━━━━━━━[0m[37m━━━━━━━━━━[0m [1m11s[0m 1s/step - accuracy: 0.9005 - auc: 0.9474 - f2_macro: 0.8989 - f2_plaga: 0.9046 - loss: 0.3620 - precision: 0.8114 - recall: 0.9166 - recall_plaga: 0.8930
[1m10/17[0m [32m━━━━━━━━━━━[0m[37m━━━━━━━━━[0m [1m10s[0m 1s/step - accuracy: 0.8951 - auc: 0.9433 - f2_macro: 0.8931 - f2_plaga: 0.9000 - loss: 0.3711 - precision: 0.8037 - recall: 0.9100 - recall_plaga: 0.8883
[1m11/17[0m [32m━━━━━━━━━━━━[0m[37m━━━━━━━━[0m [1m8s[0m 1s/step - accuracy: 0.8904 - auc: 0.9396 - f2_macro: 0.8883 - f2_plaga: 0.8957 - loss: 0.3786 - precision: 0.7958 - recall: 0.9055 - recall_plaga: 0.8835 
[1m12/17[0m [32m━━━━━━━━━━━━━━[0m[37m━━━━━━[0m [1m7s[0m 2s/step - accuracy: 0.8866 - auc: 0.9365 - f2_macro: 0.8841 - f2_plaga: 0.8923 - loss: 0.3849 - precision: 0.7897 - recall: 0.9008 - recall_plaga: 0.8799
[1m13/17[0m [32m━━━━━━━━━━━━━━━[0m[37m━━━━━[0m [1m5s[0m 1s/step - accuracy: 0.8834 - auc: 0.9343 - f2_macro: 0.8808 - f2_plaga: 0.8897 - loss: 0.3897 - precision: 0.7854 - recall: 0.8968 - recall_plaga: 0.8772
[1m14/17[0m [32m━━━━━━━━━━━━━━━━[0m[37m━━━━[0m [1m4s[0m 1s/step - accuracy: 0.8808 - auc: 0.9325 - f2_macro: 0.8779 - f2_plaga: 0.8874 - loss: 0.3937 - precision: 0.7815 - recall: 0.8937 - recall_plaga: 0.8747
[1m15/17[0m [32m━━━━━━━━━━━━━━━━━[0m[37m━━━[0m [1m2s[0m 1s/step - accuracy: 0.8783 - auc: 0.9309 - f2_macro: 0.8752 - f2_plaga: 0.8853 - loss: 0.3973 - precision: 0.7775 - recall: 0.8905 - recall_plaga: 0.8726
[1m16/17[0m [32m━━━━━━━━━━━━━━━━━━[0m[37m━━[0m [1m1s[0m 1s/step - accuracy: 0.8765 - auc: 0.9297 - f2_macro: 0.8733 - f2_plaga: 0.8838 - loss: 0.3998 - precision: 0.7743 - recall: 0.8883 - recall_plaga: 0.8710
[1m17/17[0m [32m━━━━━━━━━━━━━━━━━━━━[0m[37m[0m [1m0s[0m 1s/step - accuracy: 0.8747 - auc: 0.9285 - f2_macro: 0.8713 - f2_plaga: 0.8823 - loss: 0.4023 - precision: 0.7712 - recall: 0.8863 - recall_plaga: 0.8693
Epoch 27: val_f2_macro did not improve from 0.72697

[1m17/17[0m [32m━━━━━━━━━━━━━━━━━━━━[0m[37m[0m [1m26s[0m 2s/step - accuracy: 0.8459 - auc: 0.9103 - f2_macro: 0.8404 - f2_plaga: 0.8569 - loss: 0.4426 - precision: 0.7206 - recall: 0.8547 - recall_plaga: 0.8417 - val_accuracy: 0.6767 - val_auc: 0.9194 - val_f2_macro: 0.4564 - val_f2_plaga: 0.9128 - val_loss: 0.5422 - val_precision: 0.0000e+00 - val_recall: 0.0000e+00 - val_recall_plaga: 1.0000 - learning_rate: 1.0000e-04
Epoch 28/80

[1m 1/17[0m [32m━[0m[37m━━━━━━━━━━━━━━━━━━━[0m [1m23s[0m 1s/step - accuracy: 0.9375 - auc: 0.9727 - f2_macro: 0.9437 - f2_plaga: 0.9259 - loss: 0.3258 - precision: 0.8333 - recall: 1.0000 - recall_plaga: 0.9091
[1m 2/17[0m [32m━━[0m[37m━━━━━━━━━━━━━━━━━━[0m [1m21s[0m 1s/step - accuracy: 0.9297 - auc: 0.9636 - f2_macro: 0.9323 - f2_plaga: 0.9247 - loss: 0.3315 - precision: 0.8258 - recall: 0.9737 - recall_plaga: 0.9101
[1m 3/17[0m [32m━━━[0m[37m━━━━━━━━━━━━━━━━━[0m [1m20s[0m 1s/step - accuracy: 0.9253 - auc: 0.9621 - f2_macro: 0.9271 - f2_plaga: 0.9219 - loss: 0.3379 - precision: 0.8298 - recall: 0.9623 - recall_plaga: 0.9083
[1m 4/17[0m [32m━━━━[0m[37m━━━━━━━━━━━━━━━━[0m [1m18s[0m 1s/step - accuracy: 0.9225 - auc: 0.9620 - f2_macro: 0.9224 - f2_plaga: 0.9237 - loss: 0.3416 - precision: 0.8404 - recall: 0.9445 - recall_plaga: 0.9129
[1m 5/17[0m [32m━━━━━[0m[37m━━━━━━━━━━━━━━━[0m [1m17s[0m 1s/step - accuracy: 0.9218 - auc: 0.9611 - f2_macro: 0.9210 - f2_plaga: 0.9245 - loss: 0.3421 - precision: 0.8457 - recall: 0.9381 - recall_plaga: 0.9148
[1m 6/17[0m [32m━━━━━━━[0m[37m━━━━━━━━━━━━━[0m [1m15s[0m 1s/step - accuracy: 0.9183 - auc: 0.9590 - f2_macro: 0.9170 - f2_plaga: 0.9222 - loss: 0.3461 - precision: 0.8440 - recall: 0.9312 - recall_plaga: 0.9129
[1m 7/17[0m [32m━━━━━━━━[0m[37m━━━━━━━━━━━━[0m [1m14s[0m 1s/step - accuracy: 0.9140 - auc: 0.9575 - f2_macro: 0.9119 - f2_plaga: 0.9194 - loss: 0.3489 - precision: 0.8377 - recall: 0.9234 - recall_plaga: 0.9102
[1m 8/17[0m [32m━━━━━━━━━[0m[37m━━━━━━━━━━━[0m [1m13s[0m 1s/step - accuracy: 0.9087 - auc: 0.9550 - f2_macro: 0.9060 - f2_plaga: 0.9150 - loss: 0.3540 - precision: 0.8287 - recall: 0.9164 - recall_plaga: 0.9055
[1m 9/17[0m [32m━━━━━━━━━━[0m[37m━━━━━━━━━━[0m [1m11s[0m 1s/step - accuracy: 0.9038 - auc: 0.9525 - f2_macro: 0.9005 - f2_plaga: 0.9114 - loss: 0.3596 - precision: 0.8226 - recall: 0.9085 - recall_plaga: 0.9021
[1m10/17[0m [32m━━━━━━━━━━━[0m[37m━━━━━━━━━[0m [1m10s[0m 1s/step - accuracy: 0.8981 - auc: 0.9485 - f2_macro: 0.8944 - f2_plaga: 0.9064 - loss: 0.3674 - precision: 0.8141 - recall: 0.9018 - recall_plaga: 0.8968
[1m11/17[0m [32m━━━━━━━━━━━━[0m[37m━━━━━━━━[0m [1m8s[0m 1s/step - accuracy: 0.8931 - auc: 0.9449 - f2_macro: 0.8894 - f2_plaga: 0.9017 - loss: 0.3741 - precision: 0.8056 - recall: 0.8973 - recall_plaga: 0.8916 
[1m12/17[0m [32m━━━━━━━━━━━━━━[0m[37m━━━━━━[0m [1m7s[0m 1s/step - accuracy: 0.8890 - auc: 0.9422 - f2_macro: 0.8850 - f2_plaga: 0.8981 - loss: 0.3792 - precision: 0.7990 - recall: 0.8926 - recall_plaga: 0.8877
[1m13/17[0m [32m━━━━━━━━━━━━━━━[0m[37m━━━━━[0m [1m5s[0m 1s/step - accuracy: 0.8857 - auc: 0.9399 - f2_macro: 0.8815 - f2_plaga: 0.8952 - loss: 0.3833 - precision: 0.7941 - recall: 0.8887 - recall_plaga: 0.8847
[1m14/17[0m [32m━━━━━━━━━━━━━━━━[0m[37m━━━━[0m [1m4s[0m 1s/step - accuracy: 0.8826 - auc: 0.9378 - f2_macro: 0.8781 - f2_plaga: 0.8926 - loss: 0.3874 - precision: 0.7896 - recall: 0.8848 - recall_plaga: 0.8819
[1m15/17[0m [32m━━━━━━━━━━━━━━━━━[0m[37m━━━[0m [1m2s[0m 1s/step - accuracy: 0.8797 - auc: 0.9358 - f2_macro: 0.8749 - f2_plaga: 0.8902 - loss: 0.3913 - precision: 0.7850 - recall: 0.8809 - recall_plaga: 0.8795
[1m16/17[0m [32m━━━━━━━━━━━━━━━━━━[0m[37m━━[0m [1m1s[0m 1s/step - accuracy: 0.8776 - auc: 0.9342 - f2_macro: 0.8726 - f2_plaga: 0.8885 - loss: 0.3941 - precision: 0.7814 - recall: 0.8781 - recall_plaga: 0.8777
[1m17/17[0m [32m━━━━━━━━━━━━━━━━━━━━[0m[37m[0m [1m0s[0m 1s/step - accuracy: 0.8755 - auc: 0.9327 - f2_macro: 0.8703 - f2_plaga: 0.8867 - loss: 0.3970 - precision: 0.7777 - recall: 0.8757 - recall_plaga: 0.8757
Epoch 28: val_f2_macro did not improve from 0.72697

[1m17/17[0m [32m━━━━━━━━━━━━━━━━━━━━[0m[37m[0m [1m25s[0m 1s/step - accuracy: 0.8421 - auc: 0.9087 - f2_macro: 0.8343 - f2_plaga: 0.8578 - loss: 0.4424 - precision: 0.7200 - recall: 0.8372 - recall_plaga: 0.8444 - val_accuracy: 0.6767 - val_auc: 0.9180 - val_f2_macro: 0.4564 - val_f2_plaga: 0.9128 - val_loss: 0.5354 - val_precision: 0.0000e+00 - val_recall: 0.0000e+00 - val_recall_plaga: 1.0000 - learning_rate: 1.0000e-04
Epoch 29/80

[1m 1/17[0m [32m━[0m[37m━━━━━━━━━━━━━━━━━━━[0m [1m26s[0m 2s/step - accuracy: 0.9375 - auc: 0.9955 - f2_macro: 0.9437 - f2_plaga: 0.9259 - loss: 0.2736 - precision: 0.8333 - recall: 1.0000 - recall_plaga: 0.9091
[1m 2/17[0m [32m━━[0m[37m━━━━━━━━━━━━━━━━━━[0m [1m25s[0m 2s/step - accuracy: 0.9219 - auc: 0.9875 - f2_macro: 0.9208 - f2_plaga: 0.9226 - loss: 0.2826 - precision: 0.8214 - recall: 0.9474 - recall_plaga: 0.9101
[1m 3/17[0m [32m━━━[0m[37m━━━━━━━━━━━━━━━━━[0m [1m21s[0m 2s/step - accuracy: 0.9167 - auc: 0.9826 - f2_macro: 0.9149 - f2_plaga: 0.9196 - loss: 0.2962 - precision: 0.8254 - recall: 0.9346 - recall_plaga: 0.9083
[1m 4/17[0m [32m━━━━[0m[37m━━━━━━━━━━━━━━━━[0m [1m19s[0m 2s/step - accuracy: 0.9141 - auc: 0.9807 - f2_macro: 0.9107 - f2_plaga: 0.9214 - loss: 0.3033 - precision: 0.8364 - recall: 0.9183 - recall_plaga: 0.9129
[1m 5/17[0m [32m━━━━━[0m[37m━━━━━━━━━━━━━━━[0m [1m18s[0m 2s/step - accuracy: 0.9138 - auc: 0.9788 - f2_macro: 0.9100 - f2_plaga: 0.9223 - loss: 0.3070 - precision: 0.8420 - recall: 0.9136 - recall_plaga: 0.9148
[1m 6/17[0m [32m━━━━━━━[0m[37m━━━━━━━━━━━━━[0m [1m16s[0m 2s/step - accuracy: 0.9099 - auc: 0.9756 - f2_macro: 0.9057 - f2_plaga: 0.9198 - loss: 0.3138 - precision: 0.8402 - recall: 0.9060 - recall_plaga: 0.9129
[1m 7/17[0m [32m━━━━━━━━[0m[37m━━━━━━━━━━━━[0m [1m15s[0m 2s/step - accuracy: 0.9068 - auc: 0.9719 - f2_macro: 0.9022 - f2_plaga: 0.9173 - loss: 0.3207 - precision: 0.8344 - recall: 0.9018 - recall_plaga: 0.9102
[1m 8/17[0m [32m━━━━━━━━━[0m[37m━━━━━━━━━━━[0m [1m13s[0m 1s/step - accuracy: 0.9024 - auc: 0.9676 - f2_macro: 0.8975 - f2_plaga: 0.9132 - loss: 0.3294 - precision: 0.8259 - recall: 0.8975 - recall_plaga: 0.9055
[1m 9/17[0m [32m━━━━━━━━━━[0m[37m━━━━━━━━━━[0m [1m11s[0m 1s/step - accuracy: 0.8982 - auc: 0.9635 - f2_macro: 0.8929 - f2_plaga: 0.9098 - loss: 0.3381 - precision: 0.8201 - recall: 0.8917 - recall_plaga: 0.9021
[1m10/17[0m [32m━━━━━━━━━━━[0m[37m━━━━━━━━━[0m [1m10s[0m 1s/step - accuracy: 0.8930 - auc: 0.9585 - f2_macro: 0.8875 - f2_plaga: 0.9053 - loss: 0.3489 - precision: 0.8122 - recall: 0.8857 - recall_plaga: 0.8973
[1m11/17[0m [32m━━━━━━━━━━━━[0m[37m━━━━━━━━[0m [1m8s[0m 1s/step - accuracy: 0.8886 - auc: 0.9542 - f2_macro: 0.8829 - f2_plaga: 0.9010 - loss: 0.3577 - precision: 0.8042 - recall: 0.8819 - recall_plaga: 0.8924 
[1m12/17[0m [32m━━━━━━━━━━━━━━[0m[37m━━━━━━[0m [1m7s[0m 1s/step - accuracy: 0.8850 - auc: 0.9507 - f2_macro: 0.8792 - f2_plaga: 0.8977 - loss: 0.3648 - precision: 0.7981 - recall: 0.8785 - recall_plaga: 0.8888
[1m13/17[0m [32m━━━━━━━━━━━━━━━[0m[37m━━━━━[0m [1m5s[0m 1s/step - accuracy: 0.8822 - auc: 0.9477 - f2_macro: 0.8763 - f2_plaga: 0.8951 - loss: 0.3707 - precision: 0.7937 - recall: 0.8757 - recall_plaga: 0.8860
[1m14/17[0m [32m━━━━━━━━━━━━━━━━[0m[37m━━━━[0m [1m4s[0m 2s/step - accuracy: 0.8798 - auc: 0.9450 - f2_macro: 0.8739 - f2_plaga: 0.8927 - loss: 0.3761 - precision: 0.7897 - recall: 0.8736 - recall_plaga: 0.8833
[1m15/17[0m [32m━━━━━━━━━━━━━━━━━[0m[37m━━━[0m [1m3s[0m 2s/step - accuracy: 0.8775 - auc: 0.9425 - f2_macro: 0.8716 - f2_plaga: 0.8905 - loss: 0.3810 - precision: 0.7854 - recall: 0.8718 - recall_plaga: 0.8808
[1m16/17[0m [32m━━━━━━━━━━━━━━━━━━[0m[37m━━[0m [1m1s[0m 1s/step - accuracy: 0.8758 - auc: 0.9405 - f2_macro: 0.8698 - f2_plaga: 0.8887 - loss: 0.3847 - precision: 0.7818 - recall: 0.8707 - recall_plaga: 0.8787
[1m17/17[0m [32m━━━━━━━━━━━━━━━━━━━━[0m[37m[0m [1m0s[0m 1s/step - accuracy: 0.8740 - auc: 0.9388 - f2_macro: 0.8681 - f2_plaga: 0.8868 - loss: 0.3881 - precision: 0.7782 - recall: 0.8697 - recall_plaga: 0.8765
Epoch 29: val_f2_macro did not improve from 0.72697

[1m17/17[0m [32m━━━━━━━━━━━━━━━━━━━━[0m[37m[0m [1m26s[0m 2s/step - accuracy: 0.8459 - auc: 0.9107 - f2_macro: 0.8404 - f2_plaga: 0.8569 - loss: 0.4427 - precision: 0.7206 - recall: 0.8547 - recall_plaga: 0.8417 - val_accuracy: 0.5188 - val_auc: 0.9169 - val_f2_macro: 0.5537 - val_f2_plaga: 0.3368 - val_loss: 0.6947 - val_precision: 0.4019 - val_recall: 1.0000 - val_recall_plaga: 0.2889 - learning_rate: 1.0000e-04
Epoch 30/80

[1m 1/17[0m [32m━[0m[37m━━━━━━━━━━━━━━━━━━━[0m [1m23s[0m 1s/step - accuracy: 0.9375 - auc: 0.9977 - f2_macro: 0.9437 - f2_plaga: 0.9259 - loss: 0.2635 - precision: 0.8333 - recall: 1.0000 - recall_plaga: 0.9091
[1m 2/17[0m [32m━━[0m[37m━━━━━━━━━━━━━━━━━━[0m [1m21s[0m 1s/step - accuracy: 0.9219 - auc: 0.9828 - f2_macro: 0.9208 - f2_plaga: 0.9226 - loss: 0.2869 - precision: 0.8214 - recall: 0.9474 - recall_plaga: 0.9101
[1m 3/17[0m [32m━━━[0m[37m━━━━━━━━━━━━━━━━━[0m [1m20s[0m 1s/step - accuracy: 0.9132 - auc: 0.9760 - f2_macro: 0.9118 - f2_plaga: 0.9152 - loss: 0.3021 - precision: 0.8179 - recall: 0.9346 - recall_plaga: 0.9030
[1m 4/17[0m [32m━━━━[0m[37m━━━━━━━━━━━━━━━━[0m [1m18s[0m 1s/step - accuracy: 0.9095 - auc: 0.9734 - f2_macro: 0.9067 - f2_plaga: 0.9156 - loss: 0.3098 - precision: 0.8262 - recall: 0.9183 - recall_plaga: 0.9059
[1m 5/17[0m [32m━━━━━[0m[37m━━━━━━━━━━━━━━━[0m [1m17s[0m 1s/step - accuracy: 0.9089 - auc: 0.9706 - f2_macro: 0.9057 - f2_plaga: 0.9161 - loss: 0.3136 - precision: 0.8309 - recall: 0.9136 - recall_plaga: 0.9073
[1m 6/17[0m [32m━━━━━━━[0m[37m━━━━━━━━━━━━━[0m [1m15s[0m 1s/step - accuracy: 0.9049 - auc: 0.9668 - f2_macro: 0.9013 - f2_plaga: 0.9136 - loss: 0.3211 - precision: 0.8290 - recall: 0.9060 - recall_plaga: 0.9053
[1m 7/17[0m [32m━━━━━━━━[0m[37m━━━━━━━━━━━━[0m [1m14s[0m 1s/step - accuracy: 0.9013 - auc: 0.9639 - f2_macro: 0.8973 - f2_plaga: 0.9104 - loss: 0.3270 - precision: 0.8221 - recall: 0.9018 - recall_plaga: 0.9018
[1m 8/17[0m [32m━━━━━━━━━[0m[37m━━━━━━━━━━━[0m [1m13s[0m 1s/step - accuracy: 0.8966 - auc: 0.9603 - f2_macro: 0.8924 - f2_plaga: 0.9059 - loss: 0.3345 - precision: 0.8131 - recall: 0.8975 - recall_plaga: 0.8967
[1m 9/17[0m [32m━━━━━━━━━━[0m[37m━━━━━━━━━━[0m [1m12s[0m 2s/step - accuracy: 0.8922 - auc: 0.9570 - f2_macro: 0.8879 - f2_plaga: 0.9020 - loss: 0.3416 - precision: 0.8066 - recall: 0.8928 - recall_plaga: 0.8925
[1m10/17[0m [32m━━━━━━━━━━━[0m[37m━━━━━━━━━[0m [1m10s[0m 1s/step - accuracy: 0.8874 - auc: 0.9528 - f2_macro: 0.8830 - f2_plaga: 0.8972 - loss: 0.3505 - precision: 0.7987 - recall: 0.8886 - recall_plaga: 0.8873
[1m11/17[0m [32m━━━━━━━━━━━━[0m[37m━━━━━━━━[0m [1m8s[0m 1s/step - accuracy: 0.8832 - auc: 0.9490 - f2_macro: 0.8788 - f2_plaga: 0.8928 - loss: 0.3579 - precision: 0.7909 - recall: 0.8861 - recall_plaga: 0.8822 
[1m12/17[0m [32m━━━━━━━━━━━━━━[0m[37m━━━━━━[0m [1m7s[0m 1s/step - accuracy: 0.8797 - auc: 0.9459 - f2_macro: 0.8753 - f2_plaga: 0.8894 - loss: 0.3642 - precision: 0.7848 - recall: 0.8830 - recall_plaga: 0.8784
[1m13/17[0m [32m━━━━━━━━━━━━━━━[0m[37m━━━━━[0m [1m5s[0m 1s/step - accuracy: 0.8769 - auc: 0.9434 - f2_macro: 0.8724 - f2_plaga: 0.8868 - loss: 0.3693 - precision: 0.7805 - recall: 0.8804 - recall_plaga: 0.8756
[1m14/17[0m [32m━━━━━━━━━━━━━━━━[0m[37m━━━━[0m [1m4s[0m 1s/step - accuracy: 0.8744 - auc: 0.9414 - f2_macro: 0.8698 - f2_plaga: 0.8844 - loss: 0.3738 - precision: 0.7765 - recall: 0.8780 - recall_plaga: 0.8729
[1m15/17[0m [32m━━━━━━━━━━━━━━━━━[0m[37m━━━[0m [1m2s[0m 1s/step - accuracy: 0.8719 - auc: 0.9394 - f2_macro: 0.8672 - f2_plaga: 0.8822 - loss: 0.3778 - precision: 0.7722 - recall: 0.8754 - recall_plaga: 0.8705
[1m16/17[0m [32m━━━━━━━━━━━━━━━━━━[0m[37m━━[0m [1m1s[0m 1s/step - accuracy: 0.8700 - auc: 0.9378 - f2_macro: 0.8653 - f2_plaga: 0.8804 - loss: 0.3810 - precision: 0.7686 - recall: 0.8737 - recall_plaga: 0.8685
[1m17/17[0m [32m━━━━━━━━━━━━━━━━━━━━[0m[37m[0m [1m0s[0m 1s/step - accuracy: 0.8682 - auc: 0.9362 - f2_macro: 0.8634 - f2_plaga: 0.8786 - loss: 0.3841 - precision: 0.7651 - recall: 0.8723 - recall_plaga: 0.8664
Epoch 30: val_f2_macro did not improve from 0.72697

[1m17/17[0m [32m━━━━━━━━━━━━━━━━━━━━[0m[37m[0m [1m26s[0m 2s/step - accuracy: 0.8383 - auc: 0.9116 - f2_macro: 0.8330 - f2_plaga: 0.8494 - loss: 0.4334 - precision: 0.7087 - recall: 0.8488 - recall_plaga: 0.8333 - val_accuracy: 0.5188 - val_auc: 0.9132 - val_f2_macro: 0.5537 - val_f2_plaga: 0.3368 - val_loss: 0.6998 - val_precision: 0.4019 - val_recall: 1.0000 - val_recall_plaga: 0.2889 - learning_rate: 1.0000e-04
Epoch 31/80

[1m 1/17[0m [32m━[0m[37m━━━━━━━━━━━━━━━━━━━[0m [1m24s[0m 2s/step - accuracy: 0.9375 - auc: 0.9909 - f2_macro: 0.9437 - f2_plaga: 0.9259 - loss: 0.2975 - precision: 0.8333 - recall: 1.0000 - recall_plaga: 0.9091
[1m 2/17[0m [32m━━[0m[37m━━━━━━━━━━━━━━━━━━[0m [1m24s[0m 2s/step - accuracy: 0.9219 - auc: 0.9732 - f2_macro: 0.9208 - f2_plaga: 0.9226 - loss: 0.3193 - precision: 0.8214 - recall: 0.9474 - recall_plaga: 0.9101
[1m 3/17[0m [32m━━━[0m[37m━━━━━━━━━━━━━━━━━[0m [1m23s[0m 2s/step - accuracy: 0.9167 - auc: 0.9664 - f2_macro: 0.9149 - f2_plaga: 0.9196 - loss: 0.3329 - precision: 0.8254 - recall: 0.9346 - recall_plaga: 0.9083
[1m 4/17[0m [32m━━━━[0m[37m━━━━━━━━━━━━━━━━[0m [1m21s[0m 2s/step - accuracy: 0.9141 - auc: 0.9648 - f2_macro: 0.9107 - f2_plaga: 0.9214 - loss: 0.3377 - precision: 0.8364 - recall: 0.9183 - recall_plaga: 0.9129
[1m 5/17[0m [32m━━━━━[0m[37m━━━━━━━━━━━━━━━[0m [1m19s[0m 2s/step - accuracy: 0.9138 - auc: 0.9646 - f2_macro: 0.9100 - f2_plaga: 0.9223 - loss: 0.3376 - precision: 0.8420 - recall: 0.9136 - recall_plaga: 0.9148
[1m 6/17[0m [32m━━━━━━━[0m[37m━━━━━━━━━━━━━[0m [1m17s[0m 2s/step - accuracy: 0.9099 - auc: 0.9624 - f2_macro: 0.9057 - f2_plaga: 0.9198 - loss: 0.3425 - precision: 0.8402 - recall: 0.9060 - recall_plaga: 0.9129
[1m 7/17[0m [32m━━━━━━━━[0m[37m━━━━━━━━━━━━[0m [1m15s[0m 2s/step - accuracy: 0.9062 - auc: 0.9597 - f2_macro: 0.9016 - f2_plaga: 0.9166 - loss: 0.3464 - precision: 0.8330 - recall: 0.9018 - recall_plaga: 0.9093
[1m 8/17[0m [32m━━━━━━━━━[0m[37m━━━━━━━━━━━[0m [1m14s[0m 2s/step - accuracy: 0.9013 - auc: 0.9562 - f2_macro: 0.8966 - f2_plaga: 0.9119 - loss: 0.3528 - precision: 0.8236 - recall: 0.8975 - recall_plaga: 0.9040
[1m 9/17[0m [32m━━━━━━━━━━[0m[37m━━━━━━━━━━[0m [1m12s[0m 2s/step - accuracy: 0.8968 - auc: 0.9524 - f2_macro: 0.8918 - f2_plaga: 0.9082 - loss: 0.3604 - precision: 0.8173 - recall: 0.8917 - recall_plaga: 0.9001
[1m10/17[0m [32m━━━━━━━━━━━[0m[37m━━━━━━━━━[0m [1m10s[0m 2s/step - accuracy: 0.8915 - auc: 0.9480 - f2_macro: 0.8863 - f2_plaga: 0.9031 - loss: 0.3693 - precision: 0.8087 - recall: 0.8866 - recall_plaga: 0.8946
[1m11/17[0m [32m━━━━━━━━━━━━[0m[37m━━━━━━━━[0m [1m9s[0m 2s/step - accuracy: 0.8869 - auc: 0.9441 - f2_macro: 0.8817 - f2_plaga: 0.8984 - loss: 0.3765 - precision: 0.8002 - recall: 0.8835 - recall_plaga: 0.8892 
[1m12/17[0m [32m━━━━━━━━━━━━━━[0m[37m━━━━━━[0m [1m7s[0m 2s/step - accuracy: 0.8831 - auc: 0.9411 - f2_macro: 0.8778 - f2_plaga: 0.8948 - loss: 0.3825 - precision: 0.7936 - recall: 0.8800 - recall_plaga: 0.8852
[1m13/17[0m [32m━━━━━━━━━━━━━━━[0m[37m━━━━━[0m [1m6s[0m 2s/step - accuracy: 0.8801 - auc: 0.9388 - f2_macro: 0.8747 - f2_plaga: 0.8920 - loss: 0.3872 - precision: 0.7888 - recall: 0.8770 - recall_plaga: 0.8821
[1m14/17[0m [32m━━━━━━━━━━━━━━━━[0m[37m━━━━[0m [1m4s[0m 2s/step - accuracy: 0.8775 - auc: 0.9365 - f2_macro: 0.8721 - f2_plaga: 0.8894 - loss: 0.3917 - precision: 0.7846 - recall: 0.8749 - recall_plaga: 0.8793
[1m15/17[0m [32m━━━━━━━━━━━━━━━━━[0m[37m━━━[0m [1m3s[0m 2s/step - accuracy: 0.8750 - auc: 0.9345 - f2_macro: 0.8695 - f2_plaga: 0.8870 - loss: 0.3956 - precision: 0.7800 - recall: 0.8725 - recall_plaga: 0.8766
[1m16/17[0m [32m━━━━━━━━━━━━━━━━━━[0m[37m━━[0m [1m1s[0m 2s/step - accuracy: 0.8730 - auc: 0.9329 - f2_macro: 0.8675 - f2_plaga: 0.8851 - loss: 0.3984 - precision: 0.7762 - recall: 0.8710 - recall_plaga: 0.8744
[1m17/17[0m [32m━━━━━━━━━━━━━━━━━━━━[0m[37m[0m [1m0s[0m 1s/step - accuracy: 0.8711 - auc: 0.9314 - f2_macro: 0.8655 - f2_plaga: 0.8831 - loss: 0.4012 - precision: 0.7724 - recall: 0.8697 - recall_plaga: 0.8722
Epoch 31: val_f2_macro improved from 0.72697 to 0.83711, saving model to C:\workspace\hd-image-pest-detection-cnn-and-rf\best_models\best_model_final_MULTIESPECTRAL_binary_crossentropy.keras

[1m17/17[0m [32m━━━━━━━━━━━━━━━━━━━━[0m[37m[0m [1m27s[0m 2s/step - accuracy: 0.8402 - auc: 0.9074 - f2_macro: 0.8346 - f2_plaga: 0.8517 - loss: 0.4460 - precision: 0.7122 - recall: 0.8488 - recall_plaga: 0.8361 - val_accuracy: 0.8195 - val_auc: 0.9200 - val_f2_macro: 0.8371 - val_f2_plaga: 0.7746 - val_loss: 0.5781 - val_precision: 0.6418 - val_recall: 1.0000 - val_recall_plaga: 0.7333 - learning_rate: 1.0000e-04
Epoch 32/80

[1m 1/17[0m [32m━[0m[37m━━━━━━━━━━━━━━━━━━━[0m [1m4:14[0m 16s/step - accuracy: 0.9375 - auc: 0.9818 - f2_macro: 0.9437 - f2_plaga: 0.9259 - loss: 0.3036 - precision: 0.8333 - recall: 1.0000 - recall_plaga: 0.9091
[1m 2/17[0m [32m━━[0m[37m━━━━━━━━━━━━━━━━━━[0m [1m22s[0m 1s/step - accuracy: 0.9297 - auc: 0.9745 - f2_macro: 0.9323 - f2_plaga: 0.9247 - loss: 0.3089 - precision: 0.8258 - recall: 0.9737 - recall_plaga: 0.9101  
[1m 3/17[0m [32m━━━[0m[37m━━━━━━━━━━━━━━━━━[0m [1m20s[0m 1s/step - accuracy: 0.9184 - auc: 0.9711 - f2_macro: 0.9195 - f2_plaga: 0.9166 - loss: 0.3193 - precision: 0.8208 - recall: 0.9522 - recall_plaga: 0.9030
[1m 4/17[0m [32m━━━━[0m[37m━━━━━━━━━━━━━━━━[0m [1m19s[0m 1s/step - accuracy: 0.9134 - auc: 0.9709 - f2_macro: 0.9125 - f2_plaga: 0.9166 - loss: 0.3233 - precision: 0.8283 - recall: 0.9315 - recall_plaga: 0.9059
[1m 5/17[0m [32m━━━━━[0m[37m━━━━━━━━━━━━━━━[0m [1m17s[0m 1s/step - accuracy: 0.9120 - auc: 0.9698 - f2_macro: 0.9103 - f2_plaga: 0.9169 - loss: 0.3252 - precision: 0.8327 - recall: 0.9242 - recall_plaga: 0.9073
[1m 6/17[0m [32m━━━━━━━[0m[37m━━━━━━━━━━━━━[0m [1m16s[0m 1s/step - accuracy: 0.9076 - auc: 0.9668 - f2_macro: 0.9051 - f2_plaga: 0.9142 - loss: 0.3313 - precision: 0.8305 - recall: 0.9147 - recall_plaga: 0.9053
[1m 7/17[0m [32m━━━━━━━━[0m[37m━━━━━━━━━━━━[0m [1m14s[0m 1s/step - accuracy: 0.9042 - auc: 0.9643 - f2_macro: 0.9012 - f2_plaga: 0.9118 - loss: 0.3360 - precision: 0.8247 - recall: 0.9093 - recall_plaga: 0.9027
[1m 8/17[0m [32m━━━━━━━━━[0m[37m━━━━━━━━━━━[0m [1m13s[0m 1s/step - accuracy: 0.8996 - auc: 0.9615 - f2_macro: 0.8962 - f2_plaga: 0.9077 - loss: 0.3419 - precision: 0.8164 - recall: 0.9041 - recall_plaga: 0.8982
[1m 9/17[0m [32m━━━━━━━━━━[0m[37m━━━━━━━━━━[0m [1m11s[0m 1s/step - accuracy: 0.8949 - auc: 0.9589 - f2_macro: 0.8911 - f2_plaga: 0.9040 - loss: 0.3478 - precision: 0.8100 - recall: 0.8976 - recall_plaga: 0.8944
[1m10/17[0m [32m━━━━━━━━━━━[0m[37m━━━━━━━━━[0m [1m10s[0m 1s/step - accuracy: 0.8898 - auc: 0.9548 - f2_macro: 0.8857 - f2_plaga: 0.8994 - loss: 0.3561 - precision: 0.8022 - recall: 0.8919 - recall_plaga: 0.8895
[1m11/17[0m [32m━━━━━━━━━━━━[0m[37m━━━━━━━━[0m [1m8s[0m 1s/step - accuracy: 0.8853 - auc: 0.9509 - f2_macro: 0.8812 - f2_plaga: 0.8950 - loss: 0.3632 - precision: 0.7943 - recall: 0.8883 - recall_plaga: 0.8846 
[1m12/17[0m [32m━━━━━━━━━━━━━━[0m[37m━━━━━━[0m [1m7s[0m 1s/step - accuracy: 0.8817 - auc: 0.9479 - f2_macro: 0.8773 - f2_plaga: 0.8917 - loss: 0.3687 - precision: 0.7882 - recall: 0.8844 - recall_plaga: 0.8810
[1m13/17[0m [32m━━━━━━━━━━━━━━━[0m[37m━━━━━[0m [1m5s[0m 1s/step - accuracy: 0.8787 - auc: 0.9455 - f2_macro: 0.8742 - f2_plaga: 0.8890 - loss: 0.3732 - precision: 0.7838 - recall: 0.8811 - recall_plaga: 0.8782
[1m14/17[0m [32m━━━━━━━━━━━━━━━━[0m[37m━━━━[0m [1m4s[0m 1s/step - accuracy: 0.8761 - auc: 0.9431 - f2_macro: 0.8714 - f2_plaga: 0.8866 - loss: 0.3776 - precision: 0.7798 - recall: 0.8782 - recall_plaga: 0.8756
[1m15/17[0m [32m━━━━━━━━━━━━━━━━━[0m[37m━━━[0m [1m2s[0m 1s/step - accuracy: 0.8735 - auc: 0.9410 - f2_macro: 0.8687 - f2_plaga: 0.8844 - loss: 0.3814 - precision: 0.7755 - recall: 0.8752 - recall_plaga: 0.8732
[1m16/17[0m [32m━━━━━━━━━━━━━━━━━━[0m[37m━━[0m [1m1s[0m 1s/step - accuracy: 0.8716 - auc: 0.9394 - f2_macro: 0.8667 - f2_plaga: 0.8828 - loss: 0.3842 - precision: 0.7720 - recall: 0.8731 - recall_plaga: 0.8714
[1m17/17[0m [32m━━━━━━━━━━━━━━━━━━━━[0m[37m[0m [1m0s[0m 1s/step - accuracy: 0.8698 - auc: 0.9378 - f2_macro: 0.8647 - f2_plaga: 0.8811 - loss: 0.3869 - precision: 0.7686 - recall: 0.8714 - recall_plaga: 0.8695
Epoch 32: val_f2_macro improved from 0.83711 to 0.83812, saving model to C:\workspace\hd-image-pest-detection-cnn-and-rf\best_models\best_model_final_MULTIESPECTRAL_binary_crossentropy.keras

[1m17/17[0m [32m━━━━━━━━━━━━━━━━━━━━[0m[37m[0m [1m40s[0m 2s/step - accuracy: 0.8402 - auc: 0.9121 - f2_macro: 0.8336 - f2_plaga: 0.8536 - loss: 0.4314 - precision: 0.7143 - recall: 0.8430 - recall_plaga: 0.8389 - val_accuracy: 0.8421 - val_auc: 0.9216 - val_f2_macro: 0.8381 - val_f2_plaga: 0.8503 - val_loss: 0.4844 - val_precision: 0.7115 - val_recall: 0.8605 - val_recall_plaga: 0.8333 - learning_rate: 1.0000e-04
Epoch 33/80

[1m 1/17[0m [32m━[0m[37m━━━━━━━━━━━━━━━━━━━[0m [1m23s[0m 1s/step - accuracy: 0.9375 - auc: 0.9864 - f2_macro: 0.9437 - f2_plaga: 0.9259 - loss: 0.2592 - precision: 0.8333 - recall: 1.0000 - recall_plaga: 0.9091
[1m 2/17[0m [32m━━[0m[37m━━━━━━━━━━━━━━━━━━[0m [1m21s[0m 1s/step - accuracy: 0.9297 - auc: 0.9713 - f2_macro: 0.9323 - f2_plaga: 0.9247 - loss: 0.2874 - precision: 0.8258 - recall: 0.9737 - recall_plaga: 0.9101
[1m 3/17[0m [32m━━━[0m[37m━━━━━━━━━━━━━━━━━[0m [1m20s[0m 1s/step - accuracy: 0.9219 - auc: 0.9678 - f2_macro: 0.9240 - f2_plaga: 0.9175 - loss: 0.3040 - precision: 0.8224 - recall: 0.9623 - recall_plaga: 0.9030
[1m 4/17[0m [32m━━━━[0m[37m━━━━━━━━━━━━━━━━[0m [1m19s[0m 1s/step - accuracy: 0.9180 - auc: 0.9667 - f2_macro: 0.9184 - f2_plaga: 0.9179 - loss: 0.3136 - precision: 0.8304 - recall: 0.9445 - recall_plaga: 0.9059
[1m 5/17[0m [32m━━━━━[0m[37m━━━━━━━━━━━━━━━[0m [1m17s[0m 1s/step - accuracy: 0.9169 - auc: 0.9664 - f2_macro: 0.9166 - f2_plaga: 0.9183 - loss: 0.3173 - precision: 0.8348 - recall: 0.9381 - recall_plaga: 0.9073
[1m 6/17[0m [32m━━━━━━━[0m[37m━━━━━━━━━━━━━[0m [1m16s[0m 2s/step - accuracy: 0.9125 - auc: 0.9641 - f2_macro: 0.9115 - f2_plaga: 0.9156 - loss: 0.3241 - precision: 0.8326 - recall: 0.9288 - recall_plaga: 0.9053
[1m 7/17[0m [32m━━━━━━━━[0m[37m━━━━━━━━━━━━[0m [1m15s[0m 2s/step - accuracy: 0.9084 - auc: 0.9621 - f2_macro: 0.9067 - f2_plaga: 0.9130 - loss: 0.3296 - precision: 0.8266 - recall: 0.9213 - recall_plaga: 0.9027
[1m 8/17[0m [32m━━━━━━━━━[0m[37m━━━━━━━━━━━[0m [1m13s[0m 2s/step - accuracy: 0.9033 - auc: 0.9590 - f2_macro: 0.9010 - f2_plaga: 0.9088 - loss: 0.3368 - precision: 0.8180 - recall: 0.9146 - recall_plaga: 0.8982
[1m 9/17[0m [32m━━━━━━━━━━[0m[37m━━━━━━━━━━[0m [1m12s[0m 2s/step - accuracy: 0.8986 - auc: 0.9561 - f2_macro: 0.8959 - f2_plaga: 0.9050 - loss: 0.3437 - precision: 0.8117 - recall: 0.9081 - recall_plaga: 0.8944
[1m10/17[0m [32m━━━━━━━━━━━[0m[37m━━━━━━━━━[0m [1m10s[0m 2s/step - accuracy: 0.8931 - auc: 0.9518 - f2_macro: 0.8900 - f2_plaga: 0.9003 - loss: 0.3528 - precision: 0.8037 - recall: 0.9014 - recall_plaga: 0.8895
[1m11/17[0m [32m━━━━━━━━━━━━[0m[37m━━━━━━━━[0m [1m8s[0m 1s/step - accuracy: 0.8884 - auc: 0.9480 - f2_macro: 0.8851 - f2_plaga: 0.8958 - loss: 0.3604 - precision: 0.7957 - recall: 0.8969 - recall_plaga: 0.8846 
[1m12/17[0m [32m━━━━━━━━━━━━━━[0m[37m━━━━━━[0m [1m7s[0m 1s/step - accuracy: 0.8844 - auc: 0.9449 - f2_macro: 0.8809 - f2_plaga: 0.8924 - loss: 0.3667 - precision: 0.7895 - recall: 0.8923 - recall_plaga: 0.8810
[1m13/17[0m [32m━━━━━━━━━━━━━━━[0m[37m━━━━━[0m [1m5s[0m 1s/step - accuracy: 0.8813 - auc: 0.9422 - f2_macro: 0.8775 - f2_plaga: 0.8898 - loss: 0.3721 - precision: 0.7850 - recall: 0.8884 - recall_plaga: 0.8782
[1m14/17[0m [32m━━━━━━━━━━━━━━━━[0m[37m━━━━[0m [1m4s[0m 1s/step - accuracy: 0.8784 - auc: 0.9399 - f2_macro: 0.8745 - f2_plaga: 0.8873 - loss: 0.3771 - precision: 0.7809 - recall: 0.8849 - recall_plaga: 0.8756
[1m15/17[0m [32m━━━━━━━━━━━━━━━━━[0m[37m━━━[0m [1m2s[0m 1s/step - accuracy: 0.8759 - auc: 0.9377 - f2_macro: 0.8717 - f2_plaga: 0.8851 - loss: 0.3816 - precision: 0.7766 - recall: 0.8819 - recall_plaga: 0.8732
[1m16/17[0m [32m━━━━━━━━━━━━━━━━━━[0m[37m━━[0m [1m1s[0m 1s/step - accuracy: 0.8739 - auc: 0.9360 - f2_macro: 0.8696 - f2_plaga: 0.8833 - loss: 0.3849 - precision: 0.7729 - recall: 0.8798 - recall_plaga: 0.8712
[1m17/17[0m [32m━━━━━━━━━━━━━━━━━━━━[0m[37m[0m [1m0s[0m 1s/step - accuracy: 0.8720 - auc: 0.9345 - f2_macro: 0.8676 - f2_plaga: 0.8816 - loss: 0.3881 - precision: 0.7696 - recall: 0.8780 - recall_plaga: 0.8693
Epoch 33: val_f2_macro improved from 0.83812 to 0.84395, saving model to C:\workspace\hd-image-pest-detection-cnn-and-rf\best_models\best_model_final_MULTIESPECTRAL_binary_crossentropy.keras

[1m17/17[0m [32m━━━━━━━━━━━━━━━━━━━━[0m[37m[0m [1m26s[0m 2s/step - accuracy: 0.8421 - auc: 0.9099 - f2_macro: 0.8362 - f2_plaga: 0.8541 - loss: 0.4393 - precision: 0.7157 - recall: 0.8488 - recall_plaga: 0.8389 - val_accuracy: 0.8271 - val_auc: 0.9187 - val_f2_macro: 0.8440 - val_f2_plaga: 0.7845 - val_loss: 0.5471 - val_precision: 0.6515 - val_recall: 1.0000 - val_recall_plaga: 0.7444 - learning_rate: 1.0000e-04
Epoch 34/80

[1m 1/17[0m [32m━[0m[37m━━━━━━━━━━━━━━━━━━━[0m [1m29s[0m 2s/step - accuracy: 0.9375 - auc: 0.9614 - f2_macro: 0.9437 - f2_plaga: 0.9259 - loss: 0.2831 - precision: 0.8333 - recall: 1.0000 - recall_plaga: 0.9091
[1m 2/17[0m [32m━━[0m[37m━━━━━━━━━━━━━━━━━━[0m [1m22s[0m 1s/step - accuracy: 0.9297 - auc: 0.9538 - f2_macro: 0.9323 - f2_plaga: 0.9247 - loss: 0.3037 - precision: 0.8258 - recall: 0.9737 - recall_plaga: 0.9101
[1m 3/17[0m [32m━━━[0m[37m━━━━━━━━━━━━━━━━━[0m [1m20s[0m 1s/step - accuracy: 0.9184 - auc: 0.9535 - f2_macro: 0.9195 - f2_plaga: 0.9166 - loss: 0.3181 - precision: 0.8208 - recall: 0.9522 - recall_plaga: 0.9030
[1m 4/17[0m [32m━━━━[0m[37m━━━━━━━━━━━━━━━━[0m [1m18s[0m 1s/step - accuracy: 0.9134 - auc: 0.9552 - f2_macro: 0.9125 - f2_plaga: 0.9166 - loss: 0.3245 - precision: 0.8283 - recall: 0.9315 - recall_plaga: 0.9059
[1m 5/17[0m [32m━━━━━[0m[37m━━━━━━━━━━━━━━━[0m [1m17s[0m 1s/step - accuracy: 0.9120 - auc: 0.9573 - f2_macro: 0.9103 - f2_plaga: 0.9169 - loss: 0.3258 - precision: 0.8327 - recall: 0.9242 - recall_plaga: 0.9073
[1m 6/17[0m [32m━━━━━━━[0m[37m━━━━━━━━━━━━━[0m [1m15s[0m 1s/step - accuracy: 0.9076 - auc: 0.9547 - f2_macro: 0.9051 - f2_plaga: 0.9142 - loss: 0.3345 - precision: 0.8305 - recall: 0.9147 - recall_plaga: 0.9053
[1m 7/17[0m [32m━━━━━━━━[0m[37m━━━━━━━━━━━━[0m [1m14s[0m 1s/step - accuracy: 0.9035 - auc: 0.9526 - f2_macro: 0.9006 - f2_plaga: 0.9110 - loss: 0.3410 - precision: 0.8233 - recall: 0.9093 - recall_plaga: 0.9018
[1m 8/17[0m [32m━━━━━━━━━[0m[37m━━━━━━━━━━━[0m [1m12s[0m 1s/step - accuracy: 0.8985 - auc: 0.9496 - f2_macro: 0.8953 - f2_plaga: 0.9064 - loss: 0.3487 - precision: 0.8142 - recall: 0.9041 - recall_plaga: 0.8967
[1m 9/17[0m [32m━━━━━━━━━━[0m[37m━━━━━━━━━━[0m [1m11s[0m 1s/step - accuracy: 0.8936 - auc: 0.9470 - f2_macro: 0.8899 - f2_plaga: 0.9023 - loss: 0.3557 - precision: 0.8073 - recall: 0.8976 - recall_plaga: 0.8925
[1m10/17[0m [32m━━━━━━━━━━━[0m[37m━━━━━━━━━[0m [1m10s[0m 1s/step - accuracy: 0.8880 - auc: 0.9432 - f2_macro: 0.8841 - f2_plaga: 0.8971 - loss: 0.3643 - precision: 0.7986 - recall: 0.8919 - recall_plaga: 0.8868
[1m11/17[0m [32m━━━━━━━━━━━━[0m[37m━━━━━━━━[0m [1m8s[0m 1s/step - accuracy: 0.8832 - auc: 0.9398 - f2_macro: 0.8793 - f2_plaga: 0.8923 - loss: 0.3717 - precision: 0.7901 - recall: 0.8883 - recall_plaga: 0.8814 
[1m12/17[0m [32m━━━━━━━━━━━━━━[0m[37m━━━━━━[0m [1m7s[0m 1s/step - accuracy: 0.8795 - auc: 0.9371 - f2_macro: 0.8755 - f2_plaga: 0.8887 - loss: 0.3775 - precision: 0.7837 - recall: 0.8850 - recall_plaga: 0.8774
[1m13/17[0m [32m━━━━━━━━━━━━━━━[0m[37m━━━━━[0m [1m5s[0m 1s/step - accuracy: 0.8767 - auc: 0.9350 - f2_macro: 0.8727 - f2_plaga: 0.8859 - loss: 0.3819 - precision: 0.7792 - recall: 0.8828 - recall_plaga: 0.8743
[1m14/17[0m [32m━━━━━━━━━━━━━━━━[0m[37m━━━━[0m [1m4s[0m 1s/step - accuracy: 0.8744 - auc: 0.9331 - f2_macro: 0.8704 - f2_plaga: 0.8835 - loss: 0.3859 - precision: 0.7753 - recall: 0.8812 - recall_plaga: 0.8715
[1m15/17[0m [32m━━━━━━━━━━━━━━━━━[0m[37m━━━[0m [1m2s[0m 1s/step - accuracy: 0.8719 - auc: 0.9312 - f2_macro: 0.8679 - f2_plaga: 0.8810 - loss: 0.3896 - precision: 0.7708 - recall: 0.8793 - recall_plaga: 0.8688
[1m16/17[0m [32m━━━━━━━━━━━━━━━━━━[0m[37m━━[0m [1m1s[0m 1s/step - accuracy: 0.8701 - auc: 0.9299 - f2_macro: 0.8661 - f2_plaga: 0.8793 - loss: 0.3922 - precision: 0.7672 - recall: 0.8781 - recall_plaga: 0.8667
[1m17/17[0m [32m━━━━━━━━━━━━━━━━━━━━[0m[37m[0m [1m0s[0m 1s/step - accuracy: 0.8684 - auc: 0.9287 - f2_macro: 0.8644 - f2_plaga: 0.8774 - loss: 0.3946 - precision: 0.7637 - recall: 0.8771 - recall_plaga: 0.8646
Epoch 34: val_f2_macro improved from 0.84395 to 0.85189, saving model to C:\workspace\hd-image-pest-detection-cnn-and-rf\best_models\best_model_final_MULTIESPECTRAL_binary_crossentropy.keras

[1m17/17[0m [32m━━━━━━━━━━━━━━━━━━━━[0m[37m[0m [1m26s[0m 1s/step - accuracy: 0.8402 - auc: 0.9095 - f2_macro: 0.8365 - f2_plaga: 0.8480 - loss: 0.4338 - precision: 0.7081 - recall: 0.8605 - recall_plaga: 0.8306 - val_accuracy: 0.8496 - val_auc: 0.9196 - val_f2_macro: 0.8519 - val_f2_plaga: 0.8447 - val_loss: 0.4895 - val_precision: 0.7091 - val_recall: 0.9070 - val_recall_plaga: 0.8222 - learning_rate: 1.0000e-04
Epoch 35/80

[1m 1/17[0m [32m━[0m[37m━━━━━━━━━━━━━━━━━━━[0m [1m4:29[0m 17s/step - accuracy: 0.9375 - auc: 0.9909 - f2_macro: 0.9437 - f2_plaga: 0.9259 - loss: 0.2953 - precision: 0.8333 - recall: 1.0000 - recall_plaga: 0.9091
[1m 2/17[0m [32m━━[0m[37m━━━━━━━━━━━━━━━━━━[0m [1m21s[0m 1s/step - accuracy: 0.9219 - auc: 0.9782 - f2_macro: 0.9208 - f2_plaga: 0.9226 - loss: 0.3070 - precision: 0.8214 - recall: 0.9474 - recall_plaga: 0.9101  
[1m 3/17[0m [32m━━━[0m[37m━━━━━━━━━━━━━━━━━[0m [1m19s[0m 1s/step - accuracy: 0.9167 - auc: 0.9729 - f2_macro: 0.9149 - f2_plaga: 0.9196 - loss: 0.3180 - precision: 0.8254 - recall: 0.9346 - recall_plaga: 0.9083
[1m 4/17[0m [32m━━━━[0m[37m━━━━━━━━━━━━━━━━[0m [1m18s[0m 1s/step - accuracy: 0.9141 - auc: 0.9712 - f2_macro: 0.9107 - f2_plaga: 0.9214 - loss: 0.3240 - precision: 0.8364 - recall: 0.9183 - recall_plaga: 0.9129
[1m 5/17[0m [32m━━━━━[0m[37m━━━━━━━━━━━━━━━[0m [1m17s[0m 1s/step - accuracy: 0.9138 - auc: 0.9702 - f2_macro: 0.9100 - f2_plaga: 0.9223 - loss: 0.3264 - precision: 0.8420 - recall: 0.9136 - recall_plaga: 0.9148
[1m 6/17[0m [32m━━━━━━━[0m[37m━━━━━━━━━━━━━[0m [1m15s[0m 1s/step - accuracy: 0.9099 - auc: 0.9670 - f2_macro: 0.9057 - f2_plaga: 0.9198 - loss: 0.3329 - precision: 0.8402 - recall: 0.9060 - recall_plaga: 0.9129
[1m 7/17[0m [32m━━━━━━━━[0m[37m━━━━━━━━━━━━[0m [1m14s[0m 1s/step - accuracy: 0.9068 - auc: 0.9642 - f2_macro: 0.9022 - f2_plaga: 0.9173 - loss: 0.3376 - precision: 0.8344 - recall: 0.9018 - recall_plaga: 0.9102
[1m 8/17[0m [32m━━━━━━━━━[0m[37m━━━━━━━━━━━[0m [1m12s[0m 1s/step - accuracy: 0.9028 - auc: 0.9607 - f2_macro: 0.8979 - f2_plaga: 0.9138 - loss: 0.3438 - precision: 0.8269 - recall: 0.8975 - recall_plaga: 0.9063
[1m 9/17[0m [32m━━━━━━━━━━[0m[37m━━━━━━━━━━[0m [1m11s[0m 1s/step - accuracy: 0.8986 - auc: 0.9575 - f2_macro: 0.8933 - f2_plaga: 0.9103 - loss: 0.3506 - precision: 0.8210 - recall: 0.8917 - recall_plaga: 0.9027
[1m10/17[0m [32m━━━━━━━━━━━[0m[37m━━━━━━━━━[0m [1m10s[0m 1s/step - accuracy: 0.8937 - auc: 0.9534 - f2_macro: 0.8882 - f2_plaga: 0.9059 - loss: 0.3586 - precision: 0.8133 - recall: 0.8866 - recall_plaga: 0.8979
[1m11/17[0m [32m━━━━━━━━━━━━[0m[37m━━━━━━━━[0m [1m8s[0m 1s/step - accuracy: 0.8894 - auc: 0.9494 - f2_macro: 0.8839 - f2_plaga: 0.9016 - loss: 0.3657 - precision: 0.8053 - recall: 0.8835 - recall_plaga: 0.8930 
[1m12/17[0m [32m━━━━━━━━━━━━━━[0m[37m━━━━━━[0m [1m7s[0m 1s/step - accuracy: 0.8861 - auc: 0.9461 - f2_macro: 0.8805 - f2_plaga: 0.8983 - loss: 0.3714 - precision: 0.7993 - recall: 0.8807 - recall_plaga: 0.8893
[1m13/17[0m [32m━━━━━━━━━━━━━━━[0m[37m━━━━━[0m [1m5s[0m 1s/step - accuracy: 0.8834 - auc: 0.9435 - f2_macro: 0.8777 - f2_plaga: 0.8957 - loss: 0.3761 - precision: 0.7949 - recall: 0.8782 - recall_plaga: 0.8864
[1m14/17[0m [32m━━━━━━━━━━━━━━━━[0m[37m━━━━[0m [1m4s[0m 1s/step - accuracy: 0.8810 - auc: 0.9410 - f2_macro: 0.8754 - f2_plaga: 0.8933 - loss: 0.3805 - precision: 0.7910 - recall: 0.8764 - recall_plaga: 0.8838
[1m15/17[0m [32m━━━━━━━━━━━━━━━━━[0m[37m━━━[0m [1m2s[0m 1s/step - accuracy: 0.8787 - auc: 0.9387 - f2_macro: 0.8730 - f2_plaga: 0.8910 - loss: 0.3845 - precision: 0.7866 - recall: 0.8744 - recall_plaga: 0.8812
[1m16/17[0m [32m━━━━━━━━━━━━━━━━━━[0m[37m━━[0m [1m1s[0m 1s/step - accuracy: 0.8769 - auc: 0.9369 - f2_macro: 0.8712 - f2_plaga: 0.8892 - loss: 0.3873 - precision: 0.7829 - recall: 0.8732 - recall_plaga: 0.8791
[1m17/17[0m [32m━━━━━━━━━━━━━━━━━━━━[0m[37m[0m [1m0s[0m 1s/step - accuracy: 0.8750 - auc: 0.9352 - f2_macro: 0.8694 - f2_plaga: 0.8873 - loss: 0.3902 - precision: 0.7792 - recall: 0.8721 - recall_plaga: 0.8769
Epoch 35: val_f2_macro did not improve from 0.85189

[1m17/17[0m [32m━━━━━━━━━━━━━━━━━━━━[0m[37m[0m [1m41s[0m 1s/step - accuracy: 0.8459 - auc: 0.9086 - f2_macro: 0.8404 - f2_plaga: 0.8569 - loss: 0.4357 - precision: 0.7206 - recall: 0.8547 - recall_plaga: 0.8417 - val_accuracy: 0.8271 - val_auc: 0.9189 - val_f2_macro: 0.8440 - val_f2_plaga: 0.7845 - val_loss: 0.5371 - val_precision: 0.6515 - val_recall: 1.0000 - val_recall_plaga: 0.7444 - learning_rate: 1.0000e-04
Epoch 36/80

[1m 1/17[0m [32m━[0m[37m━━━━━━━━━━━━━━━━━━━[0m [1m22s[0m 1s/step - accuracy: 0.9375 - auc: 0.9818 - f2_macro: 0.9437 - f2_plaga: 0.9259 - loss: 0.2584 - precision: 0.8333 - recall: 1.0000 - recall_plaga: 0.9091
[1m 2/17[0m [32m━━[0m[37m━━━━━━━━━━━━━━━━━━[0m [1m21s[0m 1s/step - accuracy: 0.9297 - auc: 0.9707 - f2_macro: 0.9323 - f2_plaga: 0.9247 - loss: 0.2808 - precision: 0.8258 - recall: 0.9737 - recall_plaga: 0.9101
[1m 3/17[0m [32m━━━[0m[37m━━━━━━━━━━━━━━━━━[0m [1m19s[0m 1s/step - accuracy: 0.9253 - auc: 0.9693 - f2_macro: 0.9271 - f2_plaga: 0.9219 - loss: 0.2917 - precision: 0.8298 - recall: 0.9623 - recall_plaga: 0.9083
[1m 4/17[0m [32m━━━━[0m[37m━━━━━━━━━━━━━━━━[0m [1m19s[0m 1s/step - accuracy: 0.9225 - auc: 0.9696 - f2_macro: 0.9224 - f2_plaga: 0.9237 - loss: 0.2984 - precision: 0.8404 - recall: 0.9445 - recall_plaga: 0.9129
[1m 5/17[0m [32m━━━━━[0m[37m━━━━━━━━━━━━━━━[0m [1m18s[0m 2s/step - accuracy: 0.9218 - auc: 0.9689 - f2_macro: 0.9210 - f2_plaga: 0.9245 - loss: 0.3019 - precision: 0.8457 - recall: 0.9381 - recall_plaga: 0.9148
[1m 6/17[0m [32m━━━━━━━[0m[37m━━━━━━━━━━━━━[0m [1m16s[0m 2s/step - accuracy: 0.9183 - auc: 0.9673 - f2_macro: 0.9170 - f2_plaga: 0.9222 - loss: 0.3075 - precision: 0.8440 - recall: 0.9312 - recall_plaga: 0.9129
[1m 7/17[0m [32m━━━━━━━━[0m[37m━━━━━━━━━━━━[0m [1m14s[0m 1s/step - accuracy: 0.9140 - auc: 0.9654 - f2_macro: 0.9123 - f2_plaga: 0.9188 - loss: 0.3125 - precision: 0.8367 - recall: 0.9254 - recall_plaga: 0.9093
[1m 8/17[0m [32m━━━━━━━━━[0m[37m━━━━━━━━━━━[0m [1m13s[0m 1s/step - accuracy: 0.9087 - auc: 0.9626 - f2_macro: 0.9065 - f2_plaga: 0.9139 - loss: 0.3192 - precision: 0.8271 - recall: 0.9197 - recall_plaga: 0.9040
[1m 9/17[0m [32m━━━━━━━━━━[0m[37m━━━━━━━━━━[0m [1m11s[0m 1s/step - accuracy: 0.9034 - auc: 0.9596 - f2_macro: 0.9008 - f2_plaga: 0.9096 - loss: 0.3269 - precision: 0.8198 - recall: 0.9126 - recall_plaga: 0.8995
[1m10/17[0m [32m━━━━━━━━━━━[0m[37m━━━━━━━━━[0m [1m10s[0m 1s/step - accuracy: 0.8977 - auc: 0.9552 - f2_macro: 0.8949 - f2_plaga: 0.9045 - loss: 0.3366 - precision: 0.8112 - recall: 0.9063 - recall_plaga: 0.8941
[1m11/17[0m [32m━━━━━━━━━━━━[0m[37m━━━━━━━━[0m [1m8s[0m 1s/step - accuracy: 0.8928 - auc: 0.9510 - f2_macro: 0.8899 - f2_plaga: 0.8997 - loss: 0.3450 - precision: 0.8027 - recall: 0.9022 - recall_plaga: 0.8887 
[1m12/17[0m [32m━━━━━━━━━━━━━━[0m[37m━━━━━━[0m [1m7s[0m 1s/step - accuracy: 0.8892 - auc: 0.9476 - f2_macro: 0.8862 - f2_plaga: 0.8962 - loss: 0.3518 - precision: 0.7964 - recall: 0.8991 - recall_plaga: 0.8848
[1m13/17[0m [32m━━━━━━━━━━━━━━━[0m[37m━━━━━[0m [1m5s[0m 1s/step - accuracy: 0.8862 - auc: 0.9449 - f2_macro: 0.8831 - f2_plaga: 0.8934 - loss: 0.3573 - precision: 0.7917 - recall: 0.8964 - recall_plaga: 0.8817
[1m14/17[0m [32m━━━━━━━━━━━━━━━━[0m[37m━━━━[0m [1m4s[0m 1s/step - accuracy: 0.8835 - auc: 0.9422 - f2_macro: 0.8804 - f2_plaga: 0.8908 - loss: 0.3623 - precision: 0.7875 - recall: 0.8938 - recall_plaga: 0.8789
[1m15/17[0m [32m━━━━━━━━━━━━━━━━━[0m[37m━━━[0m [1m2s[0m 1s/step - accuracy: 0.8809 - auc: 0.9398 - f2_macro: 0.8776 - f2_plaga: 0.8883 - loss: 0.3670 - precision: 0.7828 - recall: 0.8914 - recall_plaga: 0.8761
[1m16/17[0m [32m━━━━━━━━━━━━━━━━━━[0m[37m━━[0m [1m1s[0m 1s/step - accuracy: 0.8788 - auc: 0.9379 - f2_macro: 0.8755 - f2_plaga: 0.8862 - loss: 0.3704 - precision: 0.7788 - recall: 0.8899 - recall_plaga: 0.8737
[1m17/17[0m [32m━━━━━━━━━━━━━━━━━━━━[0m[37m[0m [1m0s[0m 1s/step - accuracy: 0.8767 - auc: 0.9360 - f2_macro: 0.8735 - f2_plaga: 0.8841 - loss: 0.3740 - precision: 0.7749 - recall: 0.8885 - recall_plaga: 0.8713
Epoch 36: val_f2_macro did not improve from 0.85189

[1m17/17[0m [32m━━━━━━━━━━━━━━━━━━━━[0m[37m[0m [1m26s[0m 2s/step - accuracy: 0.8440 - auc: 0.9059 - f2_macro: 0.8407 - f2_plaga: 0.8508 - loss: 0.4308 - precision: 0.7129 - recall: 0.8663 - recall_plaga: 0.8333 - val_accuracy: 0.7444 - val_auc: 0.9181 - val_f2_macro: 0.7683 - val_f2_plaga: 0.6731 - val_loss: 0.5697 - val_precision: 0.5584 - val_recall: 1.0000 - val_recall_plaga: 0.6222 - learning_rate: 1.0000e-04
Epoch 37/80

[1m 1/17[0m [32m━[0m[37m━━━━━━━━━━━━━━━━━━━[0m [1m23s[0m 1s/step - accuracy: 0.9062 - auc: 0.9909 - f2_macro: 0.9156 - f2_plaga: 0.8879 - loss: 0.3027 - precision: 0.7692 - recall: 1.0000 - recall_plaga: 0.8636
[1m 2/17[0m [32m━━[0m[37m━━━━━━━━━━━━━━━━━━[0m [1m20s[0m 1s/step - accuracy: 0.9062 - auc: 0.9797 - f2_macro: 0.9113 - f2_plaga: 0.8964 - loss: 0.3047 - precision: 0.7759 - recall: 0.9737 - recall_plaga: 0.8763
[1m 3/17[0m [32m━━━[0m[37m━━━━━━━━━━━━━━━━━[0m [1m19s[0m 1s/step - accuracy: 0.9028 - auc: 0.9765 - f2_macro: 0.9055 - f2_plaga: 0.8977 - loss: 0.3106 - precision: 0.7876 - recall: 0.9522 - recall_plaga: 0.8805
[1m 4/17[0m [32m━━━━[0m[37m━━━━━━━━━━━━━━━━[0m [1m18s[0m 1s/step - accuracy: 0.9017 - auc: 0.9752 - f2_macro: 0.9020 - f2_plaga: 0.9025 - loss: 0.3158 - precision: 0.8034 - recall: 0.9315 - recall_plaga: 0.8890
[1m 5/17[0m [32m━━━━━[0m[37m━━━━━━━━━━━━━━━[0m [1m16s[0m 1s/step - accuracy: 0.9026 - auc: 0.9742 - f2_macro: 0.9019 - f2_plaga: 0.9056 - loss: 0.3178 - precision: 0.8127 - recall: 0.9242 - recall_plaga: 0.8937
[1m 6/17[0m [32m━━━━━━━[0m[37m━━━━━━━━━━━━━[0m [1m15s[0m 1s/step - accuracy: 0.8997 - auc: 0.9721 - f2_macro: 0.8981 - f2_plaga: 0.9048 - loss: 0.3216 - precision: 0.8139 - recall: 0.9147 - recall_plaga: 0.8940
[1m 7/17[0m [32m━━━━━━━━[0m[37m━━━━━━━━━━━━[0m [1m14s[0m 1s/step - accuracy: 0.8968 - auc: 0.9695 - f2_macro: 0.8946 - f2_plaga: 0.9029 - loss: 0.3260 - precision: 0.8091 - recall: 0.9093 - recall_plaga: 0.8921
[1m 8/17[0m [32m━━━━━━━━━[0m[37m━━━━━━━━━━━[0m [1m12s[0m 1s/step - accuracy: 0.8926 - auc: 0.9659 - f2_macro: 0.8900 - f2_plaga: 0.8993 - loss: 0.3329 - precision: 0.8017 - recall: 0.9041 - recall_plaga: 0.8882
[1m 9/17[0m [32m━━━━━━━━━━[0m[37m━━━━━━━━━━[0m [1m11s[0m 1s/step - accuracy: 0.8884 - auc: 0.9622 - f2_macro: 0.8853 - f2_plaga: 0.8960 - loss: 0.3404 - precision: 0.7962 - recall: 0.8976 - recall_plaga: 0.8849
[1m10/17[0m [32m━━━━━━━━━━━[0m[37m━━━━━━━━━[0m [1m9s[0m 1s/step - accuracy: 0.8833 - auc: 0.9576 - f2_macro: 0.8799 - f2_plaga: 0.8914 - loss: 0.3497 - precision: 0.7886 - recall: 0.8919 - recall_plaga: 0.8800 
[1m11/17[0m [32m━━━━━━━━━━━━[0m[37m━━━━━━━━[0m [1m8s[0m 1s/step - accuracy: 0.8789 - auc: 0.9532 - f2_macro: 0.8755 - f2_plaga: 0.8871 - loss: 0.3577 - precision: 0.7810 - recall: 0.8883 - recall_plaga: 0.8752
[1m12/17[0m [32m━━━━━━━━━━━━━━[0m[37m━━━━━━[0m [1m7s[0m 1s/step - accuracy: 0.8756 - auc: 0.9495 - f2_macro: 0.8720 - f2_plaga: 0.8840 - loss: 0.3644 - precision: 0.7754 - recall: 0.8850 - recall_plaga: 0.8717
[1m13/17[0m [32m━━━━━━━━━━━━━━━[0m[37m━━━━━[0m [1m5s[0m 1s/step - accuracy: 0.8729 - auc: 0.9464 - f2_macro: 0.8693 - f2_plaga: 0.8815 - loss: 0.3699 - precision: 0.7714 - recall: 0.8823 - recall_plaga: 0.8691
[1m14/17[0m [32m━━━━━━━━━━━━━━━━[0m[37m━━━━[0m [1m4s[0m 1s/step - accuracy: 0.8707 - auc: 0.9436 - f2_macro: 0.8670 - f2_plaga: 0.8794 - loss: 0.3748 - precision: 0.7680 - recall: 0.8802 - recall_plaga: 0.8667
[1m15/17[0m [32m━━━━━━━━━━━━━━━━━[0m[37m━━━[0m [1m2s[0m 1s/step - accuracy: 0.8687 - auc: 0.9411 - f2_macro: 0.8650 - f2_plaga: 0.8775 - loss: 0.3791 - precision: 0.7644 - recall: 0.8784 - recall_plaga: 0.8647
[1m16/17[0m [32m━━━━━━━━━━━━━━━━━━[0m[37m━━[0m [1m1s[0m 1s/step - accuracy: 0.8674 - auc: 0.9391 - f2_macro: 0.8636 - f2_plaga: 0.8763 - loss: 0.3824 - precision: 0.7617 - recall: 0.8772 - recall_plaga: 0.8632
[1m17/17[0m [32m━━━━━━━━━━━━━━━━━━━━[0m[37m[0m [1m0s[0m 1s/step - accuracy: 0.8660 - auc: 0.9373 - f2_macro: 0.8622 - f2_plaga: 0.8749 - loss: 0.3855 - precision: 0.7590 - recall: 0.8763 - recall_plaga: 0.8616
Epoch 37: ReduceLROnPlateau reducing learning rate to 4.999999873689376e-05.

Epoch 37: val_f2_macro did not improve from 0.85189

[1m17/17[0m [32m━━━━━━━━━━━━━━━━━━━━[0m[37m[0m [1m25s[0m 1s/step - accuracy: 0.8440 - auc: 0.9086 - f2_macro: 0.8398 - f2_plaga: 0.8527 - loss: 0.4352 - precision: 0.7150 - recall: 0.8605 - recall_plaga: 0.8361 - val_accuracy: 0.3684 - val_auc: 0.8141 - val_f2_macro: 0.4005 - val_f2_plaga: 0.0820 - val_loss: 0.8106 - val_precision: 0.3386 - val_recall: 1.0000 - val_recall_plaga: 0.0667 - learning_rate: 1.0000e-04
Epoch 38/80

[1m 1/17[0m [32m━[0m[37m━━━━━━━━━━━━━━━━━━━[0m [1m4:39[0m 17s/step - accuracy: 0.9375 - auc: 0.9727 - f2_macro: 0.9437 - f2_plaga: 0.9259 - loss: 0.2823 - precision: 0.8333 - recall: 1.0000 - recall_plaga: 0.9091
[1m 2/17[0m [32m━━[0m[37m━━━━━━━━━━━━━━━━━━[0m [1m21s[0m 1s/step - accuracy: 0.9297 - auc: 0.9712 - f2_macro: 0.9323 - f2_plaga: 0.9247 - loss: 0.2882 - precision: 0.8258 - recall: 0.9737 - recall_plaga: 0.9101  
[1m 3/17[0m [32m━━━[0m[37m━━━━━━━━━━━━━━━━━[0m [1m19s[0m 1s/step - accuracy: 0.9219 - auc: 0.9705 - f2_macro: 0.9240 - f2_plaga: 0.9175 - loss: 0.2976 - precision: 0.8224 - recall: 0.9623 - recall_plaga: 0.9030
[1m 4/17[0m [32m━━━━[0m[37m━━━━━━━━━━━━━━━━[0m [1m18s[0m 1s/step - accuracy: 0.9180 - auc: 0.9705 - f2_macro: 0.9184 - f2_plaga: 0.9179 - loss: 0.3043 - precision: 0.8304 - recall: 0.9445 - recall_plaga: 0.9059
[1m 5/17[0m [32m━━━━━[0m[37m━━━━━━━━━━━━━━━[0m [1m16s[0m 1s/step - accuracy: 0.9169 - auc: 0.9698 - f2_macro: 0.9166 - f2_plaga: 0.9183 - loss: 0.3080 - precision: 0.8348 - recall: 0.9381 - recall_plaga: 0.9073
[1m 6/17[0m [32m━━━━━━━[0m[37m━━━━━━━━━━━━━[0m [1m15s[0m 1s/step - accuracy: 0.9134 - auc: 0.9668 - f2_macro: 0.9127 - f2_plaga: 0.9159 - loss: 0.3156 - precision: 0.8330 - recall: 0.9312 - recall_plaga: 0.9053
[1m 7/17[0m [32m━━━━━━━━[0m[37m━━━━━━━━━━━━[0m [1m14s[0m 1s/step - accuracy: 0.9092 - auc: 0.9643 - f2_macro: 0.9079 - f2_plaga: 0.9126 - loss: 0.3213 - precision: 0.8259 - recall: 0.9254 - recall_plaga: 0.9018
[1m 8/17[0m [32m━━━━━━━━━[0m[37m━━━━━━━━━━━[0m [1m13s[0m 1s/step - accuracy: 0.9044 - auc: 0.9611 - f2_macro: 0.9028 - f2_plaga: 0.9085 - loss: 0.3282 - precision: 0.8177 - recall: 0.9197 - recall_plaga: 0.8974
[1m 9/17[0m [32m━━━━━━━━━━[0m[37m━━━━━━━━━━[0m [1m11s[0m 1s/step - accuracy: 0.8996 - auc: 0.9583 - f2_macro: 0.8974 - f2_plaga: 0.9048 - loss: 0.3356 - precision: 0.8115 - recall: 0.9126 - recall_plaga: 0.8937
[1m10/17[0m [32m━━━━━━━━━━━[0m[37m━━━━━━━━━[0m [1m10s[0m 1s/step - accuracy: 0.8943 - auc: 0.9542 - f2_macro: 0.8919 - f2_plaga: 0.9002 - loss: 0.3446 - precision: 0.8037 - recall: 0.9063 - recall_plaga: 0.8888
[1m11/17[0m [32m━━━━━━━━━━━━[0m[37m━━━━━━━━[0m [1m8s[0m 1s/step - accuracy: 0.8897 - auc: 0.9499 - f2_macro: 0.8871 - f2_plaga: 0.8958 - loss: 0.3529 - precision: 0.7959 - recall: 0.9022 - recall_plaga: 0.8840 
[1m12/17[0m [32m━━━━━━━━━━━━━━[0m[37m━━━━━━[0m [1m7s[0m 1s/step - accuracy: 0.8863 - auc: 0.9464 - f2_macro: 0.8836 - f2_plaga: 0.8926 - loss: 0.3596 - precision: 0.7901 - recall: 0.8991 - recall_plaga: 0.8804
[1m13/17[0m [32m━━━━━━━━━━━━━━━[0m[37m━━━━━[0m [1m5s[0m 1s/step - accuracy: 0.8836 - auc: 0.9436 - f2_macro: 0.8808 - f2_plaga: 0.8900 - loss: 0.3650 - precision: 0.7860 - recall: 0.8964 - recall_plaga: 0.8777
[1m14/17[0m [32m━━━━━━━━━━━━━━━━[0m[37m━━━━[0m [1m4s[0m 1s/step - accuracy: 0.8809 - auc: 0.9412 - f2_macro: 0.8781 - f2_plaga: 0.8875 - loss: 0.3699 - precision: 0.7819 - recall: 0.8938 - recall_plaga: 0.8749
[1m15/17[0m [32m━━━━━━━━━━━━━━━━━[0m[37m━━━[0m [1m2s[0m 1s/step - accuracy: 0.8786 - auc: 0.9390 - f2_macro: 0.8757 - f2_plaga: 0.8852 - loss: 0.3742 - precision: 0.7776 - recall: 0.8919 - recall_plaga: 0.8723
[1m16/17[0m [32m━━━━━━━━━━━━━━━━━━[0m[37m━━[0m [1m1s[0m 1s/step - accuracy: 0.8768 - auc: 0.9374 - f2_macro: 0.8739 - f2_plaga: 0.8834 - loss: 0.3775 - precision: 0.7740 - recall: 0.8907 - recall_plaga: 0.8702
[1m17/17[0m [32m━━━━━━━━━━━━━━━━━━━━[0m[37m[0m [1m0s[0m 1s/step - accuracy: 0.8750 - auc: 0.9358 - f2_macro: 0.8721 - f2_plaga: 0.8815 - loss: 0.3808 - precision: 0.7705 - recall: 0.8896 - recall_plaga: 0.8681
Epoch 38: val_f2_macro did not improve from 0.85189

[1m17/17[0m [32m━━━━━━━━━━━━━━━━━━━━[0m[37m[0m [1m41s[0m 1s/step - accuracy: 0.8459 - auc: 0.9113 - f2_macro: 0.8432 - f2_plaga: 0.8513 - loss: 0.4325 - precision: 0.7143 - recall: 0.8721 - recall_plaga: 0.8333 - val_accuracy: 0.3233 - val_auc: 0.7132 - val_f2_macro: 0.3525 - val_f2_plaga: 0.0000e+00 - val_loss: 0.9332 - val_precision: 0.3233 - val_recall: 1.0000 - val_recall_plaga: 0.0000e+00 - learning_rate: 5.0000e-05
Epoch 39/80

[1m 1/17[0m [32m━[0m[37m━━━━━━━━━━━━━━━━━━━[0m [1m24s[0m 2s/step - accuracy: 0.9375 - auc: 0.9818 - f2_macro: 0.9437 - f2_plaga: 0.9259 - loss: 0.3176 - precision: 0.8333 - recall: 1.0000 - recall_plaga: 0.9091
[1m 2/17[0m [32m━━[0m[37m━━━━━━━━━━━━━━━━━━[0m [1m24s[0m 2s/step - accuracy: 0.9375 - auc: 0.9739 - f2_macro: 0.9437 - f2_plaga: 0.9268 - loss: 0.3234 - precision: 0.8297 - recall: 1.0000 - recall_plaga: 0.9101
[1m 3/17[0m [32m━━━[0m[37m━━━━━━━━━━━━━━━━━[0m [1m22s[0m 2s/step - accuracy: 0.9306 - auc: 0.9692 - f2_macro: 0.9361 - f2_plaga: 0.9199 - loss: 0.3347 - precision: 0.8266 - recall: 0.9899 - recall_plaga: 0.9030
[1m 4/17[0m [32m━━━━[0m[37m━━━━━━━━━━━━━━━━[0m [1m19s[0m 2s/step - accuracy: 0.9284 - auc: 0.9680 - f2_macro: 0.9324 - f2_plaga: 0.9208 - loss: 0.3394 - precision: 0.8350 - recall: 0.9761 - recall_plaga: 0.9059
[1m 5/17[0m [32m━━━━━[0m[37m━━━━━━━━━━━━━━━[0m [1m18s[0m 2s/step - accuracy: 0.9277 - auc: 0.9665 - f2_macro: 0.9310 - f2_plaga: 0.9213 - loss: 0.3415 - precision: 0.8394 - recall: 0.9704 - recall_plaga: 0.9073
[1m 6/17[0m [32m━━━━━━━[0m[37m━━━━━━━━━━━━━[0m [1m16s[0m 1s/step - accuracy: 0.9233 - auc: 0.9632 - f2_macro: 0.9257 - f2_plaga: 0.9187 - loss: 0.3472 - precision: 0.8373 - recall: 0.9606 - recall_plaga: 0.9053
[1m 7/17[0m [32m━━━━━━━━[0m[37m━━━━━━━━━━━━[0m [1m14s[0m 1s/step - accuracy: 0.9189 - auc: 0.9605 - f2_macro: 0.9206 - f2_plaga: 0.9159 - loss: 0.3510 - precision: 0.8313 - recall: 0.9525 - recall_plaga: 0.9027
[1m 8/17[0m [32m━━━━━━━━━[0m[37m━━━━━━━━━━━[0m [1m13s[0m 1s/step - accuracy: 0.9139 - auc: 0.9573 - f2_macro: 0.9149 - f2_plaga: 0.9122 - loss: 0.3558 - precision: 0.8237 - recall: 0.9449 - recall_plaga: 0.8990
[1m 9/17[0m [32m━━━━━━━━━━[0m[37m━━━━━━━━━━[0m [1m11s[0m 1s/step - accuracy: 0.9092 - auc: 0.9545 - f2_macro: 0.9096 - f2_plaga: 0.9087 - loss: 0.3608 - precision: 0.8181 - recall: 0.9373 - recall_plaga: 0.8957
[1m10/17[0m [32m━━━━━━━━━━━[0m[37m━━━━━━━━━[0m [1m10s[0m 1s/step - accuracy: 0.9039 - auc: 0.9503 - f2_macro: 0.9039 - f2_plaga: 0.9043 - loss: 0.3679 - precision: 0.8106 - recall: 0.9305 - recall_plaga: 0.8911
[1m11/17[0m [32m━━━━━━━━━━━━[0m[37m━━━━━━━━[0m [1m8s[0m 1s/step - accuracy: 0.8992 - auc: 0.9466 - f2_macro: 0.8990 - f2_plaga: 0.9000 - loss: 0.3736 - precision: 0.8030 - recall: 0.9257 - recall_plaga: 0.8864 
[1m12/17[0m [32m━━━━━━━━━━━━━━[0m[37m━━━━━━[0m [1m7s[0m 1s/step - accuracy: 0.8952 - auc: 0.9439 - f2_macro: 0.8947 - f2_plaga: 0.8967 - loss: 0.3781 - precision: 0.7971 - recall: 0.9207 - recall_plaga: 0.8829
[1m13/17[0m [32m━━━━━━━━━━━━━━━[0m[37m━━━━━[0m [1m5s[0m 1s/step - accuracy: 0.8920 - auc: 0.9416 - f2_macro: 0.8912 - f2_plaga: 0.8941 - loss: 0.3818 - precision: 0.7927 - recall: 0.9163 - recall_plaga: 0.8803
[1m14/17[0m [32m━━━━━━━━━━━━━━━━[0m[37m━━━━[0m [1m4s[0m 1s/step - accuracy: 0.8892 - auc: 0.9396 - f2_macro: 0.8882 - f2_plaga: 0.8917 - loss: 0.3852 - precision: 0.7889 - recall: 0.9127 - recall_plaga: 0.8778
[1m15/17[0m [32m━━━━━━━━━━━━━━━━━[0m[37m━━━[0m [1m2s[0m 1s/step - accuracy: 0.8866 - auc: 0.9377 - f2_macro: 0.8854 - f2_plaga: 0.8895 - loss: 0.3882 - precision: 0.7847 - recall: 0.9096 - recall_plaga: 0.8755
[1m16/17[0m [32m━━━━━━━━━━━━━━━━━━[0m[37m━━[0m [1m1s[0m 1s/step - accuracy: 0.8847 - auc: 0.9364 - f2_macro: 0.8833 - f2_plaga: 0.8878 - loss: 0.3901 - precision: 0.7813 - recall: 0.9073 - recall_plaga: 0.8737
[1m17/17[0m [32m━━━━━━━━━━━━━━━━━━━━[0m[37m[0m [1m0s[0m 1s/step - accuracy: 0.8827 - auc: 0.9352 - f2_macro: 0.8812 - f2_plaga: 0.8861 - loss: 0.3920 - precision: 0.7780 - recall: 0.9052 - recall_plaga: 0.8718
Epoch 39: val_f2_macro did not improve from 0.85189

[1m17/17[0m [32m━━━━━━━━━━━━━━━━━━━━[0m[37m[0m [1m26s[0m 2s/step - accuracy: 0.8515 - auc: 0.9160 - f2_macro: 0.8482 - f2_plaga: 0.8584 - loss: 0.4227 - precision: 0.7246 - recall: 0.8721 - recall_plaga: 0.8417 - val_accuracy: 0.7218 - val_auc: 0.9200 - val_f2_macro: 0.7474 - val_f2_plaga: 0.6416 - val_loss: 0.5407 - val_precision: 0.5375 - val_recall: 1.0000 - val_recall_plaga: 0.5889 - learning_rate: 5.0000e-05
Epoch 40/80

[1m 1/17[0m [32m━[0m[37m━━━━━━━━━━━━━━━━━━━[0m [1m24s[0m 2s/step - accuracy: 0.9375 - auc: 0.9795 - f2_macro: 0.9437 - f2_plaga: 0.9259 - loss: 0.2856 - precision: 0.8333 - recall: 1.0000 - recall_plaga: 0.9091
[1m 2/17[0m [32m━━[0m[37m━━━━━━━━━━━━━━━━━━[0m [1m21s[0m 1s/step - accuracy: 0.9297 - auc: 0.9702 - f2_macro: 0.9323 - f2_plaga: 0.9247 - loss: 0.3022 - precision: 0.8258 - recall: 0.9737 - recall_plaga: 0.9101
[1m 3/17[0m [32m━━━[0m[37m━━━━━━━━━━━━━━━━━[0m [1m19s[0m 1s/step - accuracy: 0.9149 - auc: 0.9696 - f2_macro: 0.9165 - f2_plaga: 0.9121 - loss: 0.3096 - precision: 0.8137 - recall: 0.9522 - recall_plaga: 0.8977
[1m 4/17[0m [32m━━━━[0m[37m━━━━━━━━━━━━━━━━[0m [1m18s[0m 1s/step - accuracy: 0.9108 - auc: 0.9696 - f2_macro: 0.9110 - f2_plaga: 0.9114 - loss: 0.3133 - precision: 0.8194 - recall: 0.9369 - recall_plaga: 0.8989
[1m 5/17[0m [32m━━━━━[0m[37m━━━━━━━━━━━━━━━[0m [1m17s[0m 1s/step - accuracy: 0.9099 - auc: 0.9704 - f2_macro: 0.9096 - f2_plaga: 0.9115 - loss: 0.3131 - precision: 0.8233 - recall: 0.9320 - recall_plaga: 0.8997
[1m 6/17[0m [32m━━━━━━━[0m[37m━━━━━━━━━━━━━[0m [1m15s[0m 1s/step - accuracy: 0.9058 - auc: 0.9688 - f2_macro: 0.9049 - f2_plaga: 0.9088 - loss: 0.3168 - precision: 0.8212 - recall: 0.9237 - recall_plaga: 0.8976
[1m 7/17[0m [32m━━━━━━━━[0m[37m━━━━━━━━━━━━[0m [1m14s[0m 1s/step - accuracy: 0.9021 - auc: 0.9667 - f2_macro: 0.9007 - f2_plaga: 0.9057 - loss: 0.3204 - precision: 0.8144 - recall: 0.9190 - recall_plaga: 0.8943
[1m 8/17[0m [32m━━━━━━━━━[0m[37m━━━━━━━━━━━[0m [1m13s[0m 1s/step - accuracy: 0.8972 - auc: 0.9634 - f2_macro: 0.8956 - f2_plaga: 0.9013 - loss: 0.3267 - precision: 0.8057 - recall: 0.9140 - recall_plaga: 0.8894
[1m 9/17[0m [32m━━━━━━━━━━[0m[37m━━━━━━━━━━[0m [1m11s[0m 1s/step - accuracy: 0.8928 - auc: 0.9602 - f2_macro: 0.8909 - f2_plaga: 0.8975 - loss: 0.3331 - precision: 0.7996 - recall: 0.9087 - recall_plaga: 0.8854
[1m10/17[0m [32m━━━━━━━━━━━[0m[37m━━━━━━━━━[0m [1m10s[0m 1s/step - accuracy: 0.8879 - auc: 0.9568 - f2_macro: 0.8859 - f2_plaga: 0.8929 - loss: 0.3404 - precision: 0.7920 - recall: 0.9038 - recall_plaga: 0.8804
[1m11/17[0m [32m━━━━━━━━━━━━[0m[37m━━━━━━━━[0m [1m8s[0m 1s/step - accuracy: 0.8836 - auc: 0.9537 - f2_macro: 0.8816 - f2_plaga: 0.8886 - loss: 0.3466 - precision: 0.7845 - recall: 0.9007 - recall_plaga: 0.8756 
[1m12/17[0m [32m━━━━━━━━━━━━━━[0m[37m━━━━━━[0m [1m7s[0m 1s/step - accuracy: 0.8801 - auc: 0.9511 - f2_macro: 0.8779 - f2_plaga: 0.8854 - loss: 0.3516 - precision: 0.7787 - recall: 0.8971 - recall_plaga: 0.8721
[1m13/17[0m [32m━━━━━━━━━━━━━━━[0m[37m━━━━━[0m [1m5s[0m 1s/step - accuracy: 0.8773 - auc: 0.9491 - f2_macro: 0.8749 - f2_plaga: 0.8829 - loss: 0.3557 - precision: 0.7746 - recall: 0.8939 - recall_plaga: 0.8694
[1m14/17[0m [32m━━━━━━━━━━━━━━━━[0m[37m━━━━[0m [1m4s[0m 1s/step - accuracy: 0.8747 - auc: 0.9474 - f2_macro: 0.8722 - f2_plaga: 0.8806 - loss: 0.3592 - precision: 0.7710 - recall: 0.8910 - recall_plaga: 0.8670
[1m15/17[0m [32m━━━━━━━━━━━━━━━━━[0m[37m━━━[0m [1m2s[0m 1s/step - accuracy: 0.8724 - auc: 0.9459 - f2_macro: 0.8697 - f2_plaga: 0.8786 - loss: 0.3622 - precision: 0.7670 - recall: 0.8885 - recall_plaga: 0.8647
[1m16/17[0m [32m━━━━━━━━━━━━━━━━━━[0m[37m━━[0m [1m1s[0m 1s/step - accuracy: 0.8707 - auc: 0.9447 - f2_macro: 0.8680 - f2_plaga: 0.8771 - loss: 0.3645 - precision: 0.7639 - recall: 0.8867 - recall_plaga: 0.8631
[1m17/17[0m [32m━━━━━━━━━━━━━━━━━━━━[0m[37m[0m [1m0s[0m 1s/step - accuracy: 0.8690 - auc: 0.9437 - f2_macro: 0.8662 - f2_plaga: 0.8755 - loss: 0.3668 - precision: 0.7608 - recall: 0.8852 - recall_plaga: 0.8614
Epoch 40: val_f2_macro improved from 0.85189 to 0.86194, saving model to C:\workspace\hd-image-pest-detection-cnn-and-rf\best_models\best_model_final_MULTIESPECTRAL_binary_crossentropy.keras

[1m17/17[0m [32m━━━━━━━━━━━━━━━━━━━━[0m[37m[0m [1m25s[0m 1s/step - accuracy: 0.8421 - auc: 0.9267 - f2_macro: 0.8381 - f2_plaga: 0.8503 - loss: 0.4036 - precision: 0.7115 - recall: 0.8605 - recall_plaga: 0.8333 - val_accuracy: 0.8571 - val_auc: 0.9226 - val_f2_macro: 0.8619 - val_f2_plaga: 0.8467 - val_loss: 0.3749 - val_precision: 0.7143 - val_recall: 0.9302 - val_recall_plaga: 0.8222 - learning_rate: 5.0000e-05
Epoch 41/80

[1m 1/17[0m [32m━[0m[37m━━━━━━━━━━━━━━━━━━━[0m [1m24s[0m 2s/step - accuracy: 0.9375 - auc: 0.9682 - f2_macro: 0.9437 - f2_plaga: 0.9259 - loss: 0.3051 - precision: 0.8333 - recall: 1.0000 - recall_plaga: 0.9091
[1m 2/17[0m [32m━━[0m[37m━━━━━━━━━━━━━━━━━━[0m [1m22s[0m 1s/step - accuracy: 0.9297 - auc: 0.9537 - f2_macro: 0.9323 - f2_plaga: 0.9247 - loss: 0.3178 - precision: 0.8258 - recall: 0.9737 - recall_plaga: 0.9101
[1m 3/17[0m [32m━━━[0m[37m━━━━━━━━━━━━━━━━━[0m [1m21s[0m 2s/step - accuracy: 0.9219 - auc: 0.9517 - f2_macro: 0.9240 - f2_plaga: 0.9175 - loss: 0.3267 - precision: 0.8224 - recall: 0.9623 - recall_plaga: 0.9030
[1m 4/17[0m [32m━━━━[0m[37m━━━━━━━━━━━━━━━━[0m [1m20s[0m 2s/step - accuracy: 0.9199 - auc: 0.9537 - f2_macro: 0.9209 - f2_plaga: 0.9185 - loss: 0.3272 - precision: 0.8311 - recall: 0.9500 - recall_plaga: 0.9059
[1m 5/17[0m [32m━━━━━[0m[37m━━━━━━━━━━━━━━━[0m [1m18s[0m 2s/step - accuracy: 0.9197 - auc: 0.9543 - f2_macro: 0.9202 - f2_plaga: 0.9191 - loss: 0.3277 - precision: 0.8359 - recall: 0.9459 - recall_plaga: 0.9073
[1m 6/17[0m [32m━━━━━━━[0m[37m━━━━━━━━━━━━━[0m [1m16s[0m 2s/step - accuracy: 0.9166 - auc: 0.9535 - f2_macro: 0.9168 - f2_plaga: 0.9168 - loss: 0.3310 - precision: 0.8343 - recall: 0.9402 - recall_plaga: 0.9053
[1m 7/17[0m [32m━━━━━━━━[0m[37m━━━━━━━━━━━━[0m [1m15s[0m 2s/step - accuracy: 0.9132 - auc: 0.9523 - f2_macro: 0.9132 - f2_plaga: 0.9137 - loss: 0.3344 - precision: 0.8277 - recall: 0.9370 - recall_plaga: 0.9018
[1m 8/17[0m [32m━━━━━━━━━[0m[37m━━━━━━━━━━━[0m [1m13s[0m 2s/step - accuracy: 0.9089 - auc: 0.9505 - f2_macro: 0.9087 - f2_plaga: 0.9098 - loss: 0.3392 - precision: 0.8199 - recall: 0.9329 - recall_plaga: 0.8974
[1m 9/17[0m [32m━━━━━━━━━━[0m[37m━━━━━━━━━━[0m [1m11s[0m 1s/step - accuracy: 0.9044 - auc: 0.9486 - f2_macro: 0.9038 - f2_plaga: 0.9061 - loss: 0.3449 - precision: 0.8139 - recall: 0.9266 - recall_plaga: 0.8937
[1m10/17[0m [32m━━━━━━━━━━━[0m[37m━━━━━━━━━[0m [1m10s[0m 1s/step - accuracy: 0.8992 - auc: 0.9450 - f2_macro: 0.8984 - f2_plaga: 0.9015 - loss: 0.3535 - precision: 0.8063 - recall: 0.9208 - recall_plaga: 0.8888
[1m11/17[0m [32m━━━━━━━━━━━━[0m[37m━━━━━━━━[0m [1m8s[0m 1s/step - accuracy: 0.8947 - auc: 0.9415 - f2_macro: 0.8937 - f2_plaga: 0.8972 - loss: 0.3608 - precision: 0.7986 - recall: 0.9170 - recall_plaga: 0.8840 
[1m12/17[0m [32m━━━━━━━━━━━━━━[0m[37m━━━━━━[0m [1m7s[0m 1s/step - accuracy: 0.8911 - auc: 0.9388 - f2_macro: 0.8900 - f2_plaga: 0.8939 - loss: 0.3667 - precision: 0.7928 - recall: 0.9133 - recall_plaga: 0.8804
[1m13/17[0m [32m━━━━━━━━━━━━━━━[0m[37m━━━━━[0m [1m5s[0m 1s/step - accuracy: 0.8882 - auc: 0.9367 - f2_macro: 0.8869 - f2_plaga: 0.8913 - loss: 0.3712 - precision: 0.7885 - recall: 0.9100 - recall_plaga: 0.8777
[1m14/17[0m [32m━━━━━━━━━━━━━━━━[0m[37m━━━━[0m [1m4s[0m 1s/step - accuracy: 0.8857 - auc: 0.9349 - f2_macro: 0.8843 - f2_plaga: 0.8889 - loss: 0.3752 - precision: 0.7848 - recall: 0.9074 - recall_plaga: 0.8751
[1m15/17[0m [32m━━━━━━━━━━━━━━━━━[0m[37m━━━[0m [1m2s[0m 1s/step - accuracy: 0.8834 - auc: 0.9332 - f2_macro: 0.8820 - f2_plaga: 0.8868 - loss: 0.3787 - precision: 0.7808 - recall: 0.9054 - recall_plaga: 0.8728
[1m16/17[0m [32m━━━━━━━━━━━━━━━━━━[0m[37m━━[0m [1m1s[0m 1s/step - accuracy: 0.8818 - auc: 0.9320 - f2_macro: 0.8803 - f2_plaga: 0.8853 - loss: 0.3812 - precision: 0.7776 - recall: 0.9042 - recall_plaga: 0.8710
[1m17/17[0m [32m━━━━━━━━━━━━━━━━━━━━[0m[37m[0m [1m0s[0m 1s/step - accuracy: 0.8801 - auc: 0.9309 - f2_macro: 0.8787 - f2_plaga: 0.8836 - loss: 0.3836 - precision: 0.7745 - recall: 0.9030 - recall_plaga: 0.8691
Epoch 41: val_f2_macro did not improve from 0.86194

[1m17/17[0m [32m━━━━━━━━━━━━━━━━━━━━[0m[37m[0m [1m26s[0m 2s/step - accuracy: 0.8534 - auc: 0.9133 - f2_macro: 0.8517 - f2_plaga: 0.8570 - loss: 0.4215 - precision: 0.7238 - recall: 0.8837 - recall_plaga: 0.8389 - val_accuracy: 0.7669 - val_auc: 0.9193 - val_f2_macro: 0.6553 - val_f2_plaga: 0.9158 - val_loss: 0.4402 - val_precision: 0.8333 - val_recall: 0.3488 - val_recall_plaga: 0.9667 - learning_rate: 5.0000e-05
Epoch 42/80

[1m 1/17[0m [32m━[0m[37m━━━━━━━━━━━━━━━━━━━[0m [1m22s[0m 1s/step - accuracy: 0.9375 - auc: 0.9455 - f2_macro: 0.9437 - f2_plaga: 0.9259 - loss: 0.3116 - precision: 0.8333 - recall: 1.0000 - recall_plaga: 0.9091
[1m 2/17[0m [32m━━[0m[37m━━━━━━━━━━━━━━━━━━[0m [1m21s[0m 1s/step - accuracy: 0.9297 - auc: 0.9461 - f2_macro: 0.9323 - f2_plaga: 0.9247 - loss: 0.3185 - precision: 0.8258 - recall: 0.9737 - recall_plaga: 0.9101
[1m 3/17[0m [32m━━━[0m[37m━━━━━━━━━━━━━━━━━[0m [1m20s[0m 1s/step - accuracy: 0.9184 - auc: 0.9472 - f2_macro: 0.9195 - f2_plaga: 0.9166 - loss: 0.3250 - precision: 0.8208 - recall: 0.9522 - recall_plaga: 0.9030
[1m 4/17[0m [32m━━━━[0m[37m━━━━━━━━━━━━━━━━[0m [1m18s[0m 1s/step - accuracy: 0.9134 - auc: 0.9496 - f2_macro: 0.9125 - f2_plaga: 0.9166 - loss: 0.3285 - precision: 0.8283 - recall: 0.9315 - recall_plaga: 0.9059
[1m 5/17[0m [32m━━━━━[0m[37m━━━━━━━━━━━━━━━[0m [1m17s[0m 1s/step - accuracy: 0.9120 - auc: 0.9515 - f2_macro: 0.9103 - f2_plaga: 0.9169 - loss: 0.3282 - precision: 0.8327 - recall: 0.9242 - recall_plaga: 0.9073
[1m 6/17[0m [32m━━━━━━━[0m[37m━━━━━━━━━━━━━[0m [1m15s[0m 1s/step - accuracy: 0.9093 - auc: 0.9512 - f2_macro: 0.9074 - f2_plaga: 0.9147 - loss: 0.3307 - precision: 0.8313 - recall: 0.9196 - recall_plaga: 0.9053
[1m 7/17[0m [32m━━━━━━━━[0m[37m━━━━━━━━━━━━[0m [1m14s[0m 1s/step - accuracy: 0.9069 - auc: 0.9504 - f2_macro: 0.9049 - f2_plaga: 0.9125 - loss: 0.3335 - precision: 0.8261 - recall: 0.9174 - recall_plaga: 0.9027
[1m 8/17[0m [32m━━━━━━━━━[0m[37m━━━━━━━━━━━[0m [1m13s[0m 1s/step - accuracy: 0.9029 - auc: 0.9483 - f2_macro: 0.9007 - f2_plaga: 0.9086 - loss: 0.3386 - precision: 0.8182 - recall: 0.9142 - recall_plaga: 0.8982
[1m 9/17[0m [32m━━━━━━━━━━[0m[37m━━━━━━━━━━[0m [1m11s[0m 1s/step - accuracy: 0.8987 - auc: 0.9462 - f2_macro: 0.8962 - f2_plaga: 0.9050 - loss: 0.3445 - precision: 0.8122 - recall: 0.9088 - recall_plaga: 0.8944
[1m10/17[0m [32m━━━━━━━━━━━[0m[37m━━━━━━━━━[0m [1m10s[0m 1s/step - accuracy: 0.8941 - auc: 0.9431 - f2_macro: 0.8914 - f2_plaga: 0.9008 - loss: 0.3520 - precision: 0.8051 - recall: 0.9039 - recall_plaga: 0.8900
[1m11/17[0m [32m━━━━━━━━━━━━[0m[37m━━━━━━━━[0m [1m8s[0m 1s/step - accuracy: 0.8901 - auc: 0.9403 - f2_macro: 0.8873 - f2_plaga: 0.8968 - loss: 0.3582 - precision: 0.7978 - recall: 0.9008 - recall_plaga: 0.8854 
[1m12/17[0m [32m━━━━━━━━━━━━━━[0m[37m━━━━━━[0m [1m7s[0m 1s/step - accuracy: 0.8866 - auc: 0.9381 - f2_macro: 0.8837 - f2_plaga: 0.8937 - loss: 0.3632 - precision: 0.7921 - recall: 0.8972 - recall_plaga: 0.8820
[1m13/17[0m [32m━━━━━━━━━━━━━━━[0m[37m━━━━━[0m [1m5s[0m 1s/step - accuracy: 0.8839 - auc: 0.9363 - f2_macro: 0.8808 - f2_plaga: 0.8913 - loss: 0.3674 - precision: 0.7881 - recall: 0.8940 - recall_plaga: 0.8794
[1m14/17[0m [32m━━━━━━━━━━━━━━━━[0m[37m━━━━[0m [1m4s[0m 1s/step - accuracy: 0.8813 - auc: 0.9347 - f2_macro: 0.8781 - f2_plaga: 0.8890 - loss: 0.3712 - precision: 0.7843 - recall: 0.8911 - recall_plaga: 0.8770
[1m15/17[0m [32m━━━━━━━━━━━━━━━━━[0m[37m━━━[0m [1m2s[0m 1s/step - accuracy: 0.8790 - auc: 0.9332 - f2_macro: 0.8756 - f2_plaga: 0.8869 - loss: 0.3746 - precision: 0.7802 - recall: 0.8885 - recall_plaga: 0.8747
[1m16/17[0m [32m━━━━━━━━━━━━━━━━━━[0m[37m━━[0m [1m1s[0m 1s/step - accuracy: 0.8773 - auc: 0.9322 - f2_macro: 0.8737 - f2_plaga: 0.8853 - loss: 0.3770 - precision: 0.7770 - recall: 0.8868 - recall_plaga: 0.8730
[1m17/17[0m [32m━━━━━━━━━━━━━━━━━━━━[0m[37m[0m [1m0s[0m 1s/step - accuracy: 0.8756 - auc: 0.9311 - f2_macro: 0.8720 - f2_plaga: 0.8838 - loss: 0.3795 - precision: 0.7739 - recall: 0.8852 - recall_plaga: 0.8713
Epoch 42: val_f2_macro did not improve from 0.86194

[1m17/17[0m [32m━━━━━━━━━━━━━━━━━━━━[0m[37m[0m [1m26s[0m 2s/step - accuracy: 0.8496 - auc: 0.9144 - f2_macro: 0.8447 - f2_plaga: 0.8597 - loss: 0.4189 - precision: 0.7255 - recall: 0.8605 - recall_plaga: 0.8444 - val_accuracy: 0.6767 - val_auc: 0.9154 - val_f2_macro: 0.4564 - val_f2_plaga: 0.9128 - val_loss: 0.7237 - val_precision: 0.0000e+00 - val_recall: 0.0000e+00 - val_recall_plaga: 1.0000 - learning_rate: 5.0000e-05
Epoch 43/80

[1m 1/17[0m [32m━[0m[37m━━━━━━━━━━━━━━━━━━━[0m [1m23s[0m 1s/step - accuracy: 0.9375 - auc: 0.9932 - f2_macro: 0.9437 - f2_plaga: 0.9259 - loss: 0.2435 - precision: 0.8333 - recall: 1.0000 - recall_plaga: 0.9091
[1m 2/17[0m [32m━━[0m[37m━━━━━━━━━━━━━━━━━━[0m [1m22s[0m 1s/step - accuracy: 0.9219 - auc: 0.9828 - f2_macro: 0.9208 - f2_plaga: 0.9226 - loss: 0.2644 - precision: 0.8214 - recall: 0.9474 - recall_plaga: 0.9101
[1m 3/17[0m [32m━━━[0m[37m━━━━━━━━━━━━━━━━━[0m [1m20s[0m 1s/step - accuracy: 0.9132 - auc: 0.9771 - f2_macro: 0.9103 - f2_plaga: 0.9186 - loss: 0.2866 - precision: 0.8238 - recall: 0.9245 - recall_plaga: 0.9083
[1m 4/17[0m [32m━━━━[0m[37m━━━━━━━━━━━━━━━━[0m [1m18s[0m 1s/step - accuracy: 0.9095 - auc: 0.9751 - f2_macro: 0.9047 - f2_plaga: 0.9201 - loss: 0.2970 - precision: 0.8345 - recall: 0.9053 - recall_plaga: 0.9129
[1m 5/17[0m [32m━━━━━[0m[37m━━━━━━━━━━━━━━━[0m [1m17s[0m 1s/step - accuracy: 0.9089 - auc: 0.9734 - f2_macro: 0.9036 - f2_plaga: 0.9209 - loss: 0.3018 - precision: 0.8400 - recall: 0.8997 - recall_plaga: 0.9148
[1m 6/17[0m [32m━━━━━━━[0m[37m━━━━━━━━━━━━━[0m [1m16s[0m 2s/step - accuracy: 0.9067 - auc: 0.9700 - f2_macro: 0.9014 - f2_plaga: 0.9189 - loss: 0.3083 - precision: 0.8389 - recall: 0.8968 - recall_plaga: 0.9129
[1m 7/17[0m [32m━━━━━━━━[0m[37m━━━━━━━━━━━━[0m [1m15s[0m 2s/step - accuracy: 0.9034 - auc: 0.9669 - f2_macro: 0.8980 - f2_plaga: 0.9158 - loss: 0.3140 - precision: 0.8319 - recall: 0.8939 - recall_plaga: 0.9093
[1m 8/17[0m [32m━━━━━━━━━[0m[37m━━━━━━━━━━━[0m [1m13s[0m 2s/step - accuracy: 0.8994 - auc: 0.9633 - f2_macro: 0.8938 - f2_plaga: 0.9118 - loss: 0.3210 - precision: 0.8237 - recall: 0.8906 - recall_plaga: 0.9047
[1m 9/17[0m [32m━━━━━━━━━━[0m[37m━━━━━━━━━━[0m [1m11s[0m 1s/step - accuracy: 0.8955 - auc: 0.9601 - f2_macro: 0.8898 - f2_plaga: 0.9082 - loss: 0.3284 - precision: 0.8176 - recall: 0.8867 - recall_plaga: 0.9007
[1m10/17[0m [32m━━━━━━━━━━━[0m[37m━━━━━━━━━[0m [1m10s[0m 1s/step - accuracy: 0.8907 - auc: 0.9559 - f2_macro: 0.8850 - f2_plaga: 0.9033 - loss: 0.3378 - precision: 0.8092 - recall: 0.8831 - recall_plaga: 0.8952
[1m11/17[0m [32m━━━━━━━━━━━━[0m[37m━━━━━━━━[0m [1m8s[0m 1s/step - accuracy: 0.8864 - auc: 0.9518 - f2_macro: 0.8809 - f2_plaga: 0.8986 - loss: 0.3458 - precision: 0.8009 - recall: 0.8811 - recall_plaga: 0.8897 
[1m12/17[0m [32m━━━━━━━━━━━━━━[0m[37m━━━━━━[0m [1m7s[0m 1s/step - accuracy: 0.8828 - auc: 0.9486 - f2_macro: 0.8773 - f2_plaga: 0.8950 - loss: 0.3521 - precision: 0.7944 - recall: 0.8784 - recall_plaga: 0.8857
[1m13/17[0m [32m━━━━━━━━━━━━━━━[0m[37m━━━━━[0m [1m5s[0m 1s/step - accuracy: 0.8800 - auc: 0.9460 - f2_macro: 0.8745 - f2_plaga: 0.8922 - loss: 0.3572 - precision: 0.7896 - recall: 0.8762 - recall_plaga: 0.8825
[1m14/17[0m [32m━━━━━━━━━━━━━━━━[0m[37m━━━━[0m [1m4s[0m 1s/step - accuracy: 0.8776 - auc: 0.9437 - f2_macro: 0.8721 - f2_plaga: 0.8897 - loss: 0.3616 - precision: 0.7855 - recall: 0.8745 - recall_plaga: 0.8797
[1m15/17[0m [32m━━━━━━━━━━━━━━━━━[0m[37m━━━[0m [1m2s[0m 1s/step - accuracy: 0.8753 - auc: 0.9415 - f2_macro: 0.8699 - f2_plaga: 0.8873 - loss: 0.3658 - precision: 0.7810 - recall: 0.8731 - recall_plaga: 0.8770
[1m16/17[0m [32m━━━━━━━━━━━━━━━━━━[0m[37m━━[0m [1m1s[0m 1s/step - accuracy: 0.8737 - auc: 0.9398 - f2_macro: 0.8683 - f2_plaga: 0.8856 - loss: 0.3689 - precision: 0.7775 - recall: 0.8723 - recall_plaga: 0.8750
[1m17/17[0m [32m━━━━━━━━━━━━━━━━━━━━[0m[37m[0m [1m0s[0m 1s/step - accuracy: 0.8721 - auc: 0.9382 - f2_macro: 0.8667 - f2_plaga: 0.8838 - loss: 0.3720 - precision: 0.7740 - recall: 0.8716 - recall_plaga: 0.8728
Epoch 43: val_f2_macro did not improve from 0.86194

[1m17/17[0m [32m━━━━━━━━━━━━━━━━━━━━[0m[37m[0m [1m26s[0m 2s/step - accuracy: 0.8459 - auc: 0.9131 - f2_macro: 0.8414 - f2_plaga: 0.8550 - loss: 0.4215 - precision: 0.7184 - recall: 0.8605 - recall_plaga: 0.8389 - val_accuracy: 0.6767 - val_auc: 0.9109 - val_f2_macro: 0.4564 - val_f2_plaga: 0.9128 - val_loss: 0.9230 - val_precision: 0.0000e+00 - val_recall: 0.0000e+00 - val_recall_plaga: 1.0000 - learning_rate: 5.0000e-05
Epoch 44/80

[1m 1/17[0m [32m━[0m[37m━━━━━━━━━━━━━━━━━━━[0m [1m26s[0m 2s/step - accuracy: 0.9375 - auc: 0.9545 - f2_macro: 0.9437 - f2_plaga: 0.9259 - loss: 0.2884 - precision: 0.8333 - recall: 1.0000 - recall_plaga: 0.9091
[1m 2/17[0m [32m━━[0m[37m━━━━━━━━━━━━━━━━━━[0m [1m22s[0m 1s/step - accuracy: 0.9297 - auc: 0.9474 - f2_macro: 0.9323 - f2_plaga: 0.9247 - loss: 0.3080 - precision: 0.8258 - recall: 0.9737 - recall_plaga: 0.9101
[1m 3/17[0m [32m━━━[0m[37m━━━━━━━━━━━━━━━━━[0m [1m20s[0m 1s/step - accuracy: 0.9253 - auc: 0.9468 - f2_macro: 0.9271 - f2_plaga: 0.9219 - loss: 0.3201 - precision: 0.8298 - recall: 0.9623 - recall_plaga: 0.9083
[1m 4/17[0m [32m━━━━[0m[37m━━━━━━━━━━━━━━━━[0m [1m19s[0m 1s/step - accuracy: 0.9225 - auc: 0.9490 - f2_macro: 0.9224 - f2_plaga: 0.9237 - loss: 0.3233 - precision: 0.8404 - recall: 0.9445 - recall_plaga: 0.9129
[1m 5/17[0m [32m━━━━━[0m[37m━━━━━━━━━━━━━━━[0m [1m17s[0m 1s/step - accuracy: 0.9218 - auc: 0.9508 - f2_macro: 0.9210 - f2_plaga: 0.9245 - loss: 0.3237 - precision: 0.8457 - recall: 0.9381 - recall_plaga: 0.9148
[1m 6/17[0m [32m━━━━━━━[0m[37m━━━━━━━━━━━━━[0m [1m16s[0m 1s/step - accuracy: 0.9183 - auc: 0.9515 - f2_macro: 0.9170 - f2_plaga: 0.9222 - loss: 0.3261 - precision: 0.8440 - recall: 0.9312 - recall_plaga: 0.9129
[1m 7/17[0m [32m━━━━━━━━[0m[37m━━━━━━━━━━━━[0m [1m14s[0m 1s/step - accuracy: 0.9147 - auc: 0.9509 - f2_macro: 0.9131 - f2_plaga: 0.9189 - loss: 0.3289 - precision: 0.8370 - recall: 0.9274 - recall_plaga: 0.9093
[1m 8/17[0m [32m━━━━━━━━━[0m[37m━━━━━━━━━━━[0m [1m13s[0m 1s/step - accuracy: 0.9102 - auc: 0.9497 - f2_macro: 0.9084 - f2_plaga: 0.9148 - loss: 0.3333 - precision: 0.8287 - recall: 0.9229 - recall_plaga: 0.9047
[1m 9/17[0m [32m━━━━━━━━━━[0m[37m━━━━━━━━━━[0m [1m11s[0m 1s/step - accuracy: 0.9055 - auc: 0.9481 - f2_macro: 0.9033 - f2_plaga: 0.9110 - loss: 0.3383 - precision: 0.8223 - recall: 0.9166 - recall_plaga: 0.9007
[1m10/17[0m [32m━━━━━━━━━━━[0m[37m━━━━━━━━━[0m [1m10s[0m 1s/step - accuracy: 0.9000 - auc: 0.9452 - f2_macro: 0.8976 - f2_plaga: 0.9058 - loss: 0.3456 - precision: 0.8137 - recall: 0.9109 - recall_plaga: 0.8952
[1m11/17[0m [32m━━━━━━━━━━━━[0m[37m━━━━━━━━[0m [1m8s[0m 1s/step - accuracy: 0.8951 - auc: 0.9424 - f2_macro: 0.8927 - f2_plaga: 0.9010 - loss: 0.3517 - precision: 0.8051 - recall: 0.9071 - recall_plaga: 0.8897 
[1m12/17[0m [32m━━━━━━━━━━━━━━[0m[37m━━━━━━[0m [1m7s[0m 1s/step - accuracy: 0.8911 - auc: 0.9403 - f2_macro: 0.8884 - f2_plaga: 0.8973 - loss: 0.3565 - precision: 0.7984 - recall: 0.9030 - recall_plaga: 0.8857
[1m13/17[0m [32m━━━━━━━━━━━━━━━[0m[37m━━━━━[0m [1m5s[0m 1s/step - accuracy: 0.8882 - auc: 0.9386 - f2_macro: 0.8855 - f2_plaga: 0.8944 - loss: 0.3602 - precision: 0.7937 - recall: 0.9005 - recall_plaga: 0.8825
[1m14/17[0m [32m━━━━━━━━━━━━━━━━[0m[37m━━━━[0m [1m4s[0m 1s/step - accuracy: 0.8853 - auc: 0.9369 - f2_macro: 0.8825 - f2_plaga: 0.8918 - loss: 0.3640 - precision: 0.7894 - recall: 0.8976 - recall_plaga: 0.8797
[1m15/17[0m [32m━━━━━━━━━━━━━━━━━[0m[37m━━━[0m [1m2s[0m 1s/step - accuracy: 0.8828 - auc: 0.9355 - f2_macro: 0.8800 - f2_plaga: 0.8894 - loss: 0.3671 - precision: 0.7849 - recall: 0.8954 - recall_plaga: 0.8770
[1m16/17[0m [32m━━━━━━━━━━━━━━━━━━[0m[37m━━[0m [1m1s[0m 1s/step - accuracy: 0.8810 - auc: 0.9344 - f2_macro: 0.8781 - f2_plaga: 0.8876 - loss: 0.3694 - precision: 0.7813 - recall: 0.8940 - recall_plaga: 0.8750
[1m17/17[0m [32m━━━━━━━━━━━━━━━━━━━━[0m[37m[0m [1m0s[0m 1s/step - accuracy: 0.8791 - auc: 0.9333 - f2_macro: 0.8762 - f2_plaga: 0.8857 - loss: 0.3717 - precision: 0.7778 - recall: 0.8927 - recall_plaga: 0.8728
Epoch 44: val_f2_macro did not improve from 0.86194

[1m17/17[0m [32m━━━━━━━━━━━━━━━━━━━━[0m[37m[0m [1m26s[0m 2s/step - accuracy: 0.8496 - auc: 0.9162 - f2_macro: 0.8465 - f2_plaga: 0.8560 - loss: 0.4088 - precision: 0.7212 - recall: 0.8721 - recall_plaga: 0.8389 - val_accuracy: 0.6767 - val_auc: 0.9129 - val_f2_macro: 0.4564 - val_f2_plaga: 0.9128 - val_loss: 0.7651 - val_precision: 0.0000e+00 - val_recall: 0.0000e+00 - val_recall_plaga: 1.0000 - learning_rate: 5.0000e-05
Epoch 45/80

[1m 1/17[0m [32m━[0m[37m━━━━━━━━━━━━━━━━━━━[0m [1m23s[0m 1s/step - accuracy: 0.9375 - auc: 0.9909 - f2_macro: 0.9437 - f2_plaga: 0.9259 - loss: 0.2875 - precision: 0.8333 - recall: 1.0000 - recall_plaga: 0.9091
[1m 2/17[0m [32m━━[0m[37m━━━━━━━━━━━━━━━━━━[0m [1m21s[0m 1s/step - accuracy: 0.9297 - auc: 0.9770 - f2_macro: 0.9323 - f2_plaga: 0.9247 - loss: 0.3029 - precision: 0.8258 - recall: 0.9737 - recall_plaga: 0.9101
[1m 3/17[0m [32m━━━[0m[37m━━━━━━━━━━━━━━━━━[0m [1m20s[0m 1s/step - accuracy: 0.9288 - auc: 0.9732 - f2_macro: 0.9316 - f2_plaga: 0.9229 - loss: 0.3122 - precision: 0.8312 - recall: 0.9724 - recall_plaga: 0.9083
[1m 4/17[0m [32m━━━━[0m[37m━━━━━━━━━━━━━━━━[0m [1m18s[0m 1s/step - accuracy: 0.9290 - auc: 0.9727 - f2_macro: 0.9308 - f2_plaga: 0.9256 - loss: 0.3151 - precision: 0.8428 - recall: 0.9630 - recall_plaga: 0.9129
[1m 5/17[0m [32m━━━━━[0m[37m━━━━━━━━━━━━━━━[0m [1m17s[0m 1s/step - accuracy: 0.9282 - auc: 0.9721 - f2_macro: 0.9293 - f2_plaga: 0.9264 - loss: 0.3157 - precision: 0.8480 - recall: 0.9563 - recall_plaga: 0.9148
[1m 6/17[0m [32m━━━━━━━[0m[37m━━━━━━━━━━━━━[0m [1m15s[0m 1s/step - accuracy: 0.9237 - auc: 0.9696 - f2_macro: 0.9239 - f2_plaga: 0.9237 - loss: 0.3201 - precision: 0.8459 - recall: 0.9465 - recall_plaga: 0.9129
[1m 7/17[0m [32m━━━━━━━━[0m[37m━━━━━━━━━━━━[0m [1m14s[0m 1s/step - accuracy: 0.9199 - auc: 0.9671 - f2_macro: 0.9196 - f2_plaga: 0.9210 - loss: 0.3239 - precision: 0.8401 - recall: 0.9404 - recall_plaga: 0.9102
[1m 8/17[0m [32m━━━━━━━━━[0m[37m━━━━━━━━━━━[0m [1m13s[0m 1s/step - accuracy: 0.9153 - auc: 0.9636 - f2_macro: 0.9145 - f2_plaga: 0.9173 - loss: 0.3297 - precision: 0.8324 - recall: 0.9343 - recall_plaga: 0.9063
[1m 9/17[0m [32m━━━━━━━━━━[0m[37m━━━━━━━━━━[0m [1m11s[0m 1s/step - accuracy: 0.9104 - auc: 0.9608 - f2_macro: 0.9091 - f2_plaga: 0.9136 - loss: 0.3355 - precision: 0.8264 - recall: 0.9267 - recall_plaga: 0.9027
[1m10/17[0m [32m━━━━━━━━━━━[0m[37m━━━━━━━━━[0m [1m10s[0m 1s/step - accuracy: 0.9050 - auc: 0.9571 - f2_macro: 0.9033 - f2_plaga: 0.9090 - loss: 0.3431 - precision: 0.8185 - recall: 0.9200 - recall_plaga: 0.8979
[1m11/17[0m [32m━━━━━━━━━━━━[0m[37m━━━━━━━━[0m [1m8s[0m 1s/step - accuracy: 0.9002 - auc: 0.9540 - f2_macro: 0.8983 - f2_plaga: 0.9046 - loss: 0.3493 - precision: 0.8105 - recall: 0.9154 - recall_plaga: 0.8930 
[1m12/17[0m [32m━━━━━━━━━━━━━━[0m[37m━━━━━━[0m [1m7s[0m 1s/step - accuracy: 0.8962 - auc: 0.9517 - f2_macro: 0.8940 - f2_plaga: 0.9011 - loss: 0.3542 - precision: 0.8042 - recall: 0.9106 - recall_plaga: 0.8893
[1m13/17[0m [32m━━━━━━━━━━━━━━━[0m[37m━━━━━[0m [1m5s[0m 1s/step - accuracy: 0.8929 - auc: 0.9496 - f2_macro: 0.8904 - f2_plaga: 0.8983 - loss: 0.3584 - precision: 0.7995 - recall: 0.9064 - recall_plaga: 0.8864
[1m14/17[0m [32m━━━━━━━━━━━━━━━━[0m[37m━━━━[0m [1m4s[0m 1s/step - accuracy: 0.8898 - auc: 0.9476 - f2_macro: 0.8872 - f2_plaga: 0.8957 - loss: 0.3625 - precision: 0.7952 - recall: 0.9026 - recall_plaga: 0.8838
[1m15/17[0m [32m━━━━━━━━━━━━━━━━━[0m[37m━━━[0m [1m2s[0m 1s/step - accuracy: 0.8869 - auc: 0.9456 - f2_macro: 0.8841 - f2_plaga: 0.8932 - loss: 0.3662 - precision: 0.7904 - recall: 0.8993 - recall_plaga: 0.8810
[1m16/17[0m [32m━━━━━━━━━━━━━━━━━━[0m[37m━━[0m [1m1s[0m 1s/step - accuracy: 0.8847 - auc: 0.9442 - f2_macro: 0.8817 - f2_plaga: 0.8913 - loss: 0.3689 - precision: 0.7865 - recall: 0.8968 - recall_plaga: 0.8789
[1m17/17[0m [32m━━━━━━━━━━━━━━━━━━━━[0m[37m[0m [1m0s[0m 1s/step - accuracy: 0.8825 - auc: 0.9428 - f2_macro: 0.8794 - f2_plaga: 0.8893 - loss: 0.3715 - precision: 0.7827 - recall: 0.8947 - recall_plaga: 0.8767
Epoch 45: val_f2_macro did not improve from 0.86194

[1m17/17[0m [32m━━━━━━━━━━━━━━━━━━━━[0m[37m[0m [1m25s[0m 1s/step - accuracy: 0.8477 - auc: 0.9210 - f2_macro: 0.8430 - f2_plaga: 0.8574 - loss: 0.4129 - precision: 0.7220 - recall: 0.8605 - recall_plaga: 0.8417 - val_accuracy: 0.8421 - val_auc: 0.9242 - val_f2_macro: 0.8218 - val_f2_plaga: 0.8797 - val_loss: 0.3252 - val_precision: 0.7500 - val_recall: 0.7674 - val_recall_plaga: 0.8778 - learning_rate: 5.0000e-05
Epoch 46/80

[1m 1/17[0m [32m━[0m[37m━━━━━━━━━━━━━━━━━━━[0m [1m22s[0m 1s/step - accuracy: 0.9062 - auc: 0.9909 - f2_macro: 0.9156 - f2_plaga: 0.8879 - loss: 0.2637 - precision: 0.7692 - recall: 1.0000 - recall_plaga: 0.8636
[1m 2/17[0m [32m━━[0m[37m━━━━━━━━━━━━━━━━━━[0m [1m23s[0m 2s/step - accuracy: 0.9141 - auc: 0.9861 - f2_macro: 0.9226 - f2_plaga: 0.8985 - loss: 0.2758 - precision: 0.7804 - recall: 1.0000 - recall_plaga: 0.8763
[1m 3/17[0m [32m━━━[0m[37m━━━━━━━━━━━━━━━━━[0m [1m22s[0m 2s/step - accuracy: 0.9115 - auc: 0.9822 - f2_macro: 0.9189 - f2_plaga: 0.8966 - loss: 0.2875 - precision: 0.7870 - recall: 0.9899 - recall_plaga: 0.8752
[1m 4/17[0m [32m━━━━[0m[37m━━━━━━━━━━━━━━━━[0m [1m20s[0m 2s/step - accuracy: 0.9121 - auc: 0.9805 - f2_macro: 0.9177 - f2_plaga: 0.9008 - loss: 0.2913 - precision: 0.8010 - recall: 0.9761 - recall_plaga: 0.8820
[1m 5/17[0m [32m━━━━━[0m[37m━━━━━━━━━━━━━━━[0m [1m18s[0m 2s/step - accuracy: 0.9134 - auc: 0.9780 - f2_macro: 0.9182 - f2_plaga: 0.9037 - loss: 0.2945 - precision: 0.8096 - recall: 0.9704 - recall_plaga: 0.8862
[1m 6/17[0m [32m━━━━━━━[0m[37m━━━━━━━━━━━━━[0m [1m16s[0m 2s/step - accuracy: 0.9114 - auc: 0.9744 - f2_macro: 0.9154 - f2_plaga: 0.9031 - loss: 0.3013 - precision: 0.8110 - recall: 0.9631 - recall_plaga: 0.8863
[1m 7/17[0m [32m━━━━━━━━[0m[37m━━━━━━━━━━━━[0m [1m15s[0m 2s/step - accuracy: 0.9087 - auc: 0.9710 - f2_macro: 0.9120 - f2_plaga: 0.9020 - loss: 0.3075 - precision: 0.8077 - recall: 0.9566 - recall_plaga: 0.8855
[1m 8/17[0m [32m━━━━━━━━━[0m[37m━━━━━━━━━━━[0m [1m13s[0m 1s/step - accuracy: 0.9045 - auc: 0.9670 - f2_macro: 0.9072 - f2_plaga: 0.8989 - loss: 0.3157 - precision: 0.8015 - recall: 0.9500 - recall_plaga: 0.8825
[1m 9/17[0m [32m━━━━━━━━━━[0m[37m━━━━━━━━━━[0m [1m11s[0m 1s/step - accuracy: 0.9008 - auc: 0.9635 - f2_macro: 0.9031 - f2_plaga: 0.8962 - loss: 0.3235 - precision: 0.7972 - recall: 0.9441 - recall_plaga: 0.8799
[1m10/17[0m [32m━━━━━━━━━━━[0m[37m━━━━━━━━━[0m [1m10s[0m 1s/step - accuracy: 0.8964 - auc: 0.9595 - f2_macro: 0.8984 - f2_plaga: 0.8924 - loss: 0.3323 - precision: 0.7911 - recall: 0.9384 - recall_plaga: 0.8759
[1m11/17[0m [32m━━━━━━━━━━━━[0m[37m━━━━━━━━[0m [1m8s[0m 1s/step - accuracy: 0.8924 - auc: 0.9559 - f2_macro: 0.8942 - f2_plaga: 0.8886 - loss: 0.3398 - precision: 0.7847 - recall: 0.9346 - recall_plaga: 0.8718 
[1m12/17[0m [32m━━━━━━━━━━━━━━[0m[37m━━━━━━[0m [1m7s[0m 1s/step - accuracy: 0.8890 - auc: 0.9529 - f2_macro: 0.8905 - f2_plaga: 0.8858 - loss: 0.3460 - precision: 0.7798 - recall: 0.9301 - recall_plaga: 0.8690
[1m13/17[0m [32m━━━━━━━━━━━━━━━[0m[37m━━━━━[0m [1m5s[0m 1s/step - accuracy: 0.8862 - auc: 0.9504 - f2_macro: 0.8875 - f2_plaga: 0.8837 - loss: 0.3510 - precision: 0.7763 - recall: 0.9261 - recall_plaga: 0.8668
[1m14/17[0m [32m━━━━━━━━━━━━━━━━[0m[37m━━━━[0m [1m4s[0m 1s/step - accuracy: 0.8838 - auc: 0.9481 - f2_macro: 0.8849 - f2_plaga: 0.8817 - loss: 0.3555 - precision: 0.7732 - recall: 0.9228 - recall_plaga: 0.8648
[1m15/17[0m [32m━━━━━━━━━━━━━━━━━[0m[37m━━━[0m [1m2s[0m 1s/step - accuracy: 0.8816 - auc: 0.9461 - f2_macro: 0.8825 - f2_plaga: 0.8799 - loss: 0.3596 - precision: 0.7698 - recall: 0.9198 - recall_plaga: 0.8629
[1m16/17[0m [32m━━━━━━━━━━━━━━━━━━[0m[37m━━[0m [1m1s[0m 1s/step - accuracy: 0.8800 - auc: 0.9445 - f2_macro: 0.8807 - f2_plaga: 0.8786 - loss: 0.3626 - precision: 0.7671 - recall: 0.9176 - recall_plaga: 0.8616
[1m17/17[0m [32m━━━━━━━━━━━━━━━━━━━━[0m[37m[0m [1m0s[0m 1s/step - accuracy: 0.8783 - auc: 0.9429 - f2_macro: 0.8788 - f2_plaga: 0.8772 - loss: 0.3658 - precision: 0.7643 - recall: 0.9156 - recall_plaga: 0.8601
Epoch 46: val_f2_macro did not improve from 0.86194

[1m17/17[0m [32m━━━━━━━━━━━━━━━━━━━━[0m[37m[0m [1m26s[0m 2s/step - accuracy: 0.8515 - auc: 0.9177 - f2_macro: 0.8500 - f2_plaga: 0.8546 - loss: 0.4158 - precision: 0.7204 - recall: 0.8837 - recall_plaga: 0.8361 - val_accuracy: 0.7669 - val_auc: 0.9226 - val_f2_macro: 0.7890 - val_f2_plaga: 0.7041 - val_loss: 0.5010 - val_precision: 0.5811 - val_recall: 1.0000 - val_recall_plaga: 0.6556 - learning_rate: 5.0000e-05
Epoch 47/80

[1m 1/17[0m [32m━[0m[37m━━━━━━━━━━━━━━━━━━━[0m [1m22s[0m 1s/step - accuracy: 0.9375 - auc: 1.0000 - f2_macro: 0.9437 - f2_plaga: 0.9259 - loss: 0.2398 - precision: 0.8333 - recall: 1.0000 - recall_plaga: 0.9091
[1m 2/17[0m [32m━━[0m[37m━━━━━━━━━━━━━━━━━━[0m [1m21s[0m 1s/step - accuracy: 0.9297 - auc: 0.9857 - f2_macro: 0.9323 - f2_plaga: 0.9247 - loss: 0.2628 - precision: 0.8258 - recall: 0.9737 - recall_plaga: 0.9101
[1m 3/17[0m [32m━━━[0m[37m━━━━━━━━━━━━━━━━━[0m [1m20s[0m 1s/step - accuracy: 0.9219 - auc: 0.9807 - f2_macro: 0.9226 - f2_plaga: 0.9209 - loss: 0.2786 - precision: 0.8283 - recall: 0.9522 - recall_plaga: 0.9083
[1m 4/17[0m [32m━━━━[0m[37m━━━━━━━━━━━━━━━━[0m [1m18s[0m 1s/step - accuracy: 0.9180 - auc: 0.9795 - f2_macro: 0.9165 - f2_plaga: 0.9224 - loss: 0.2855 - precision: 0.8386 - recall: 0.9315 - recall_plaga: 0.9129
[1m 5/17[0m [32m━━━━━[0m[37m━━━━━━━━━━━━━━━[0m [1m17s[0m 1s/step - accuracy: 0.9169 - auc: 0.9768 - f2_macro: 0.9146 - f2_plaga: 0.9231 - loss: 0.2906 - precision: 0.8438 - recall: 0.9242 - recall_plaga: 0.9148
[1m 6/17[0m [32m━━━━━━━[0m[37m━━━━━━━━━━━━━[0m [1m15s[0m 1s/step - accuracy: 0.9125 - auc: 0.9724 - f2_macro: 0.9095 - f2_plaga: 0.9205 - loss: 0.2983 - precision: 0.8416 - recall: 0.9147 - recall_plaga: 0.9129
[1m 7/17[0m [32m━━━━━━━━[0m[37m━━━━━━━━━━━━[0m [1m14s[0m 1s/step - accuracy: 0.9084 - auc: 0.9690 - f2_macro: 0.9046 - f2_plaga: 0.9178 - loss: 0.3044 - precision: 0.8353 - recall: 0.9073 - recall_plaga: 0.9102
[1m 8/17[0m [32m━━━━━━━━━[0m[37m━━━━━━━━━━━[0m [1m12s[0m 1s/step - accuracy: 0.9033 - auc: 0.9650 - f2_macro: 0.8989 - f2_plaga: 0.9134 - loss: 0.3119 - precision: 0.8263 - recall: 0.9009 - recall_plaga: 0.9055
[1m 9/17[0m [32m━━━━━━━━━━[0m[37m━━━━━━━━━━[0m [1m11s[0m 1s/step - accuracy: 0.8982 - auc: 0.9615 - f2_macro: 0.8933 - f2_plaga: 0.9094 - loss: 0.3192 - precision: 0.8194 - recall: 0.8935 - recall_plaga: 0.9015
[1m10/17[0m [32m━━━━━━━━━━━[0m[37m━━━━━━━━━[0m [1m10s[0m 1s/step - accuracy: 0.8928 - auc: 0.9572 - f2_macro: 0.8876 - f2_plaga: 0.9046 - loss: 0.3282 - precision: 0.8110 - recall: 0.8874 - recall_plaga: 0.8963
[1m11/17[0m [32m━━━━━━━━━━━━[0m[37m━━━━━━━━[0m [1m8s[0m 1s/step - accuracy: 0.8880 - auc: 0.9533 - f2_macro: 0.8828 - f2_plaga: 0.9000 - loss: 0.3357 - precision: 0.8026 - recall: 0.8834 - recall_plaga: 0.8912 
[1m12/17[0m [32m━━━━━━━━━━━━━━[0m[37m━━━━━━[0m [1m7s[0m 1s/step - accuracy: 0.8841 - auc: 0.9502 - f2_macro: 0.8786 - f2_plaga: 0.8965 - loss: 0.3416 - precision: 0.7961 - recall: 0.8792 - recall_plaga: 0.8873
[1m13/17[0m [32m━━━━━━━━━━━━━━━[0m[37m━━━━━[0m [1m5s[0m 1s/step - accuracy: 0.8810 - auc: 0.9479 - f2_macro: 0.8754 - f2_plaga: 0.8937 - loss: 0.3464 - precision: 0.7913 - recall: 0.8758 - recall_plaga: 0.8843
[1m14/17[0m [32m━━━━━━━━━━━━━━━━[0m[37m━━━━[0m [1m4s[0m 1s/step - accuracy: 0.8782 - auc: 0.9457 - f2_macro: 0.8725 - f2_plaga: 0.8909 - loss: 0.3508 - precision: 0.7868 - recall: 0.8732 - recall_plaga: 0.8813
[1m15/17[0m [32m━━━━━━━━━━━━━━━━━[0m[37m━━━[0m [1m2s[0m 1s/step - accuracy: 0.8756 - auc: 0.9438 - f2_macro: 0.8699 - f2_plaga: 0.8885 - loss: 0.3546 - precision: 0.7821 - recall: 0.8710 - recall_plaga: 0.8785
[1m16/17[0m [32m━━━━━━━━━━━━━━━━━━[0m[37m━━[0m [1m1s[0m 1s/step - accuracy: 0.8738 - auc: 0.9424 - f2_macro: 0.8679 - f2_plaga: 0.8866 - loss: 0.3575 - precision: 0.7783 - recall: 0.8696 - recall_plaga: 0.8764
[1m17/17[0m [32m━━━━━━━━━━━━━━━━━━━━[0m[37m[0m [1m0s[0m 1s/step - accuracy: 0.8719 - auc: 0.9410 - f2_macro: 0.8661 - f2_plaga: 0.8847 - loss: 0.3602 - precision: 0.7746 - recall: 0.8684 - recall_plaga: 0.8742
Epoch 47: val_f2_macro did not improve from 0.86194

[1m17/17[0m [32m━━━━━━━━━━━━━━━━━━━━[0m[37m[0m [1m25s[0m 1s/step - accuracy: 0.8421 - auc: 0.9199 - f2_macro: 0.8362 - f2_plaga: 0.8541 - loss: 0.4041 - precision: 0.7157 - recall: 0.8488 - recall_plaga: 0.8389 - val_accuracy: 0.7594 - val_auc: 0.9231 - val_f2_macro: 0.7821 - val_f2_plaga: 0.6938 - val_loss: 0.5074 - val_precision: 0.5733 - val_recall: 1.0000 - val_recall_plaga: 0.6444 - learning_rate: 5.0000e-05
Epoch 48/80

[1m 1/17[0m [32m━[0m[37m━━━━━━━━━━━━━━━━━━━[0m [1m23s[0m 1s/step - accuracy: 0.9375 - auc: 0.9727 - f2_macro: 0.9437 - f2_plaga: 0.9259 - loss: 0.2939 - precision: 0.8333 - recall: 1.0000 - recall_plaga: 0.9091
[1m 2/17[0m [32m━━[0m[37m━━━━━━━━━━━━━━━━━━[0m [1m21s[0m 1s/step - accuracy: 0.9297 - auc: 0.9709 - f2_macro: 0.9323 - f2_plaga: 0.9247 - loss: 0.3007 - precision: 0.8258 - recall: 0.9737 - recall_plaga: 0.9101
[1m 3/17[0m [32m━━━[0m[37m━━━━━━━━━━━━━━━━━[0m [1m19s[0m 1s/step - accuracy: 0.9253 - auc: 0.9679 - f2_macro: 0.9271 - f2_plaga: 0.9219 - loss: 0.3112 - precision: 0.8298 - recall: 0.9623 - recall_plaga: 0.9083
[1m 4/17[0m [32m━━━━[0m[37m━━━━━━━━━━━━━━━━[0m [1m18s[0m 1s/step - accuracy: 0.9245 - auc: 0.9681 - f2_macro: 0.9249 - f2_plaga: 0.9243 - loss: 0.3134 - precision: 0.8411 - recall: 0.9500 - recall_plaga: 0.9129
[1m 5/17[0m [32m━━━━━[0m[37m━━━━━━━━━━━━━━━[0m [1m17s[0m 1s/step - accuracy: 0.9246 - auc: 0.9676 - f2_macro: 0.9246 - f2_plaga: 0.9253 - loss: 0.3136 - precision: 0.8466 - recall: 0.9459 - recall_plaga: 0.9148
[1m 6/17[0m [32m━━━━━━━[0m[37m━━━━━━━━━━━━━[0m [1m16s[0m 1s/step - accuracy: 0.9207 - auc: 0.9666 - f2_macro: 0.9200 - f2_plaga: 0.9229 - loss: 0.3162 - precision: 0.8448 - recall: 0.9378 - recall_plaga: 0.9129
[1m 7/17[0m [32m━━━━━━━━[0m[37m━━━━━━━━━━━━[0m [1m14s[0m 1s/step - accuracy: 0.9167 - auc: 0.9644 - f2_macro: 0.9157 - f2_plaga: 0.9195 - loss: 0.3204 - precision: 0.8377 - recall: 0.9330 - recall_plaga: 0.9093
[1m 8/17[0m [32m━━━━━━━━━[0m[37m━━━━━━━━━━━[0m [1m13s[0m 1s/step - accuracy: 0.9115 - auc: 0.9613 - f2_macro: 0.9102 - f2_plaga: 0.9147 - loss: 0.3268 - precision: 0.8284 - recall: 0.9278 - recall_plaga: 0.9040
[1m 9/17[0m [32m━━━━━━━━━━[0m[37m━━━━━━━━━━[0m [1m11s[0m 1s/step - accuracy: 0.9074 - auc: 0.9585 - f2_macro: 0.9061 - f2_plaga: 0.9107 - loss: 0.3327 - precision: 0.8219 - recall: 0.9244 - recall_plaga: 0.8995
[1m10/17[0m [32m━━━━━━━━━━━[0m[37m━━━━━━━━━[0m [1m10s[0m 1s/step - accuracy: 0.9026 - auc: 0.9547 - f2_macro: 0.9013 - f2_plaga: 0.9059 - loss: 0.3405 - precision: 0.8139 - recall: 0.9207 - recall_plaga: 0.8941
[1m11/17[0m [32m━━━━━━━━━━━━[0m[37m━━━━━━━━[0m [1m8s[0m 1s/step - accuracy: 0.8986 - auc: 0.9510 - f2_macro: 0.8974 - f2_plaga: 0.9015 - loss: 0.3471 - precision: 0.8063 - recall: 0.9184 - recall_plaga: 0.8891 
[1m12/17[0m [32m━━━━━━━━━━━━━━[0m[37m━━━━━━[0m [1m7s[0m 1s/step - accuracy: 0.8953 - auc: 0.9480 - f2_macro: 0.8941 - f2_plaga: 0.8983 - loss: 0.3524 - precision: 0.8005 - recall: 0.9160 - recall_plaga: 0.8854
[1m13/17[0m [32m━━━━━━━━━━━━━━━[0m[37m━━━━━[0m [1m5s[0m 1s/step - accuracy: 0.8926 - auc: 0.9456 - f2_macro: 0.8914 - f2_plaga: 0.8957 - loss: 0.3567 - precision: 0.7963 - recall: 0.9136 - recall_plaga: 0.8826
[1m14/17[0m [32m━━━━━━━━━━━━━━━━[0m[37m━━━━[0m [1m4s[0m 1s/step - accuracy: 0.8901 - auc: 0.9434 - f2_macro: 0.8889 - f2_plaga: 0.8931 - loss: 0.3607 - precision: 0.7922 - recall: 0.9117 - recall_plaga: 0.8797
[1m15/17[0m [32m━━━━━━━━━━━━━━━━━[0m[37m━━━[0m [1m2s[0m 1s/step - accuracy: 0.8877 - auc: 0.9413 - f2_macro: 0.8864 - f2_plaga: 0.8907 - loss: 0.3644 - precision: 0.7878 - recall: 0.9099 - recall_plaga: 0.8770
[1m16/17[0m [32m━━━━━━━━━━━━━━━━━━[0m[37m━━[0m [1m1s[0m 1s/step - accuracy: 0.8858 - auc: 0.9397 - f2_macro: 0.8846 - f2_plaga: 0.8888 - loss: 0.3672 - precision: 0.7840 - recall: 0.9087 - recall_plaga: 0.8748
[1m17/17[0m [32m━━━━━━━━━━━━━━━━━━━━[0m[37m[0m [1m0s[0m 1s/step - accuracy: 0.8839 - auc: 0.9381 - f2_macro: 0.8827 - f2_plaga: 0.8868 - loss: 0.3701 - precision: 0.7804 - recall: 0.9075 - recall_plaga: 0.8725
Epoch 48: val_f2_macro did not improve from 0.86194

[1m17/17[0m [32m━━━━━━━━━━━━━━━━━━━━[0m[37m[0m [1m26s[0m 2s/step - accuracy: 0.8534 - auc: 0.9134 - f2_macro: 0.8526 - f2_plaga: 0.8551 - loss: 0.4150 - precision: 0.7217 - recall: 0.8895 - recall_plaga: 0.8361 - val_accuracy: 0.4586 - val_auc: 0.8968 - val_f2_macro: 0.4936 - val_f2_plaga: 0.2381 - val_loss: 1.0159 - val_precision: 0.3739 - val_recall: 1.0000 - val_recall_plaga: 0.2000 - learning_rate: 5.0000e-05
Epoch 49/80

[1m 1/17[0m [32m━[0m[37m━━━━━━━━━━━━━━━━━━━[0m [1m23s[0m 1s/step - accuracy: 0.9375 - auc: 0.9864 - f2_macro: 0.9437 - f2_plaga: 0.9259 - loss: 0.2728 - precision: 0.8333 - recall: 1.0000 - recall_plaga: 0.9091
[1m 2/17[0m [32m━━[0m[37m━━━━━━━━━━━━━━━━━━[0m [1m22s[0m 1s/step - accuracy: 0.9297 - auc: 0.9727 - f2_macro: 0.9323 - f2_plaga: 0.9247 - loss: 0.2904 - precision: 0.8258 - recall: 0.9737 - recall_plaga: 0.9101
[1m 3/17[0m [32m━━━[0m[37m━━━━━━━━━━━━━━━━━[0m [1m20s[0m 1s/step - accuracy: 0.9253 - auc: 0.9703 - f2_macro: 0.9271 - f2_plaga: 0.9219 - loss: 0.2986 - precision: 0.8298 - recall: 0.9623 - recall_plaga: 0.9083
[1m 4/17[0m [32m━━━━[0m[37m━━━━━━━━━━━━━━━━[0m [1m18s[0m 1s/step - accuracy: 0.9245 - auc: 0.9705 - f2_macro: 0.9249 - f2_plaga: 0.9243 - loss: 0.3010 - precision: 0.8411 - recall: 0.9500 - recall_plaga: 0.9129
[1m 5/17[0m [32m━━━━━[0m[37m━━━━━━━━━━━━━━━[0m [1m17s[0m 1s/step - accuracy: 0.9246 - auc: 0.9692 - f2_macro: 0.9246 - f2_plaga: 0.9253 - loss: 0.3025 - precision: 0.8466 - recall: 0.9459 - recall_plaga: 0.9148
[1m 6/17[0m [32m━━━━━━━[0m[37m━━━━━━━━━━━━━[0m [1m15s[0m 1s/step - accuracy: 0.9215 - auc: 0.9672 - f2_macro: 0.9212 - f2_plaga: 0.9231 - loss: 0.3060 - precision: 0.8452 - recall: 0.9402 - recall_plaga: 0.9129
[1m 7/17[0m [32m━━━━━━━━[0m[37m━━━━━━━━━━━━[0m [1m14s[0m 1s/step - accuracy: 0.9187 - auc: 0.9649 - f2_macro: 0.9181 - f2_plaga: 0.9207 - loss: 0.3097 - precision: 0.8398 - recall: 0.9370 - recall_plaga: 0.9102
[1m 8/17[0m [32m━━━━━━━━━[0m[37m━━━━━━━━━━━[0m [1m12s[0m 1s/step - accuracy: 0.9152 - auc: 0.9624 - f2_macro: 0.9145 - f2_plaga: 0.9172 - loss: 0.3149 - precision: 0.8327 - recall: 0.9344 - recall_plaga: 0.9063
[1m 9/17[0m [32m━━━━━━━━━━[0m[37m━━━━━━━━━━[0m [1m11s[0m 1s/step - accuracy: 0.9111 - auc: 0.9602 - f2_macro: 0.9101 - f2_plaga: 0.9138 - loss: 0.3203 - precision: 0.8271 - recall: 0.9291 - recall_plaga: 0.9027
[1m10/17[0m [32m━━━━━━━━━━━[0m[37m━━━━━━━━━[0m [1m10s[0m 1s/step - accuracy: 0.9063 - auc: 0.9572 - f2_macro: 0.9051 - f2_plaga: 0.9093 - loss: 0.3275 - precision: 0.8196 - recall: 0.9240 - recall_plaga: 0.8979
[1m11/17[0m [32m━━━━━━━━━━━━[0m[37m━━━━━━━━[0m [1m8s[0m 1s/step - accuracy: 0.9019 - auc: 0.9541 - f2_macro: 0.9006 - f2_plaga: 0.9050 - loss: 0.3338 - precision: 0.8118 - recall: 0.9206 - recall_plaga: 0.8930 
[1m12/17[0m [32m━━━━━━━━━━━━━━[0m[37m━━━━━━[0m [1m7s[0m 1s/step - accuracy: 0.8983 - auc: 0.9518 - f2_macro: 0.8970 - f2_plaga: 0.9016 - loss: 0.3388 - precision: 0.8058 - recall: 0.9173 - recall_plaga: 0.8893
[1m13/17[0m [32m━━━━━━━━━━━━━━━[0m[37m━━━━━[0m [1m5s[0m 1s/step - accuracy: 0.8954 - auc: 0.9498 - f2_macro: 0.8940 - f2_plaga: 0.8990 - loss: 0.3431 - precision: 0.8014 - recall: 0.9143 - recall_plaga: 0.8864
[1m14/17[0m [32m━━━━━━━━━━━━━━━━[0m[37m━━━━[0m [1m4s[0m 1s/step - accuracy: 0.8928 - auc: 0.9478 - f2_macro: 0.8913 - f2_plaga: 0.8965 - loss: 0.3474 - precision: 0.7974 - recall: 0.9118 - recall_plaga: 0.8838
[1m15/17[0m [32m━━━━━━━━━━━━━━━━━[0m[37m━━━[0m [1m2s[0m 1s/step - accuracy: 0.8901 - auc: 0.9459 - f2_macro: 0.8885 - f2_plaga: 0.8940 - loss: 0.3514 - precision: 0.7927 - recall: 0.9092 - recall_plaga: 0.8810
[1m16/17[0m [32m━━━━━━━━━━━━━━━━━━[0m[37m━━[0m [1m1s[0m 1s/step - accuracy: 0.8881 - auc: 0.9445 - f2_macro: 0.8863 - f2_plaga: 0.8921 - loss: 0.3544 - precision: 0.7890 - recall: 0.9073 - recall_plaga: 0.8789
[1m17/17[0m [32m━━━━━━━━━━━━━━━━━━━━[0m[37m[0m [1m0s[0m 1s/step - accuracy: 0.8860 - auc: 0.9434 - f2_macro: 0.8842 - f2_plaga: 0.8902 - loss: 0.3571 - precision: 0.7852 - recall: 0.9055 - recall_plaga: 0.8767
Epoch 49: val_f2_macro did not improve from 0.86194

[1m17/17[0m [32m━━━━━━━━━━━━━━━━━━━━[0m[37m[0m [1m25s[0m 1s/step - accuracy: 0.8534 - auc: 0.9247 - f2_macro: 0.8507 - f2_plaga: 0.8588 - loss: 0.4005 - precision: 0.7260 - recall: 0.8779 - recall_plaga: 0.8417 - val_accuracy: 0.4586 - val_auc: 0.8941 - val_f2_macro: 0.4936 - val_f2_plaga: 0.2381 - val_loss: 0.9818 - val_precision: 0.3739 - val_recall: 1.0000 - val_recall_plaga: 0.2000 - learning_rate: 5.0000e-05
Epoch 50/80

[1m 1/17[0m [32m━[0m[37m━━━━━━━━━━━━━━━━━━━[0m [1m23s[0m 1s/step - accuracy: 0.9375 - auc: 0.9864 - f2_macro: 0.9437 - f2_plaga: 0.9259 - loss: 0.2701 - precision: 0.8333 - recall: 1.0000 - recall_plaga: 0.9091
[1m 2/17[0m [32m━━[0m[37m━━━━━━━━━━━━━━━━━━[0m [1m21s[0m 1s/step - accuracy: 0.9297 - auc: 0.9759 - f2_macro: 0.9323 - f2_plaga: 0.9247 - loss: 0.2786 - precision: 0.8258 - recall: 0.9737 - recall_plaga: 0.9101
[1m 3/17[0m [32m━━━[0m[37m━━━━━━━━━━━━━━━━━[0m [1m20s[0m 1s/step - accuracy: 0.9184 - auc: 0.9738 - f2_macro: 0.9195 - f2_plaga: 0.9166 - loss: 0.2877 - precision: 0.8208 - recall: 0.9522 - recall_plaga: 0.9030
[1m 4/17[0m [32m━━━━[0m[37m━━━━━━━━━━━━━━━━[0m [1m18s[0m 1s/step - accuracy: 0.9154 - auc: 0.9736 - f2_macro: 0.9150 - f2_plaga: 0.9172 - loss: 0.2913 - precision: 0.8291 - recall: 0.9369 - recall_plaga: 0.9059
[1m 5/17[0m [32m━━━━━[0m[37m━━━━━━━━━━━━━━━[0m [1m17s[0m 1s/step - accuracy: 0.9148 - auc: 0.9738 - f2_macro: 0.9139 - f2_plaga: 0.9177 - loss: 0.2924 - precision: 0.8338 - recall: 0.9320 - recall_plaga: 0.9073
[1m 6/17[0m [32m━━━━━━━[0m[37m━━━━━━━━━━━━━[0m [1m15s[0m 1s/step - accuracy: 0.9125 - auc: 0.9714 - f2_macro: 0.9115 - f2_plaga: 0.9157 - loss: 0.2977 - precision: 0.8326 - recall: 0.9286 - recall_plaga: 0.9053
[1m 7/17[0m [32m━━━━━━━━[0m[37m━━━━━━━━━━━━[0m [1m14s[0m 1s/step - accuracy: 0.9097 - auc: 0.9688 - f2_macro: 0.9087 - f2_plaga: 0.9127 - loss: 0.3030 - precision: 0.8263 - recall: 0.9271 - recall_plaga: 0.9018
[1m 8/17[0m [32m━━━━━━━━━[0m[37m━━━━━━━━━━━[0m [1m13s[0m 1s/step - accuracy: 0.9058 - auc: 0.9657 - f2_macro: 0.9048 - f2_plaga: 0.9089 - loss: 0.3098 - precision: 0.8186 - recall: 0.9242 - recall_plaga: 0.8974
[1m 9/17[0m [32m━━━━━━━━━━[0m[37m━━━━━━━━━━[0m [1m11s[0m 1s/step - accuracy: 0.9016 - auc: 0.9627 - f2_macro: 0.9003 - f2_plaga: 0.9053 - loss: 0.3167 - precision: 0.8128 - recall: 0.9188 - recall_plaga: 0.8937
[1m10/17[0m [32m━━━━━━━━━━━[0m[37m━━━━━━━━━[0m [1m10s[0m 1s/step - accuracy: 0.8968 - auc: 0.9585 - f2_macro: 0.8952 - f2_plaga: 0.9008 - loss: 0.3257 - precision: 0.8053 - recall: 0.9139 - recall_plaga: 0.8888
[1m11/17[0m [32m━━━━━━━━━━━━[0m[37m━━━━━━━━[0m [1m8s[0m 1s/step - accuracy: 0.8925 - auc: 0.9546 - f2_macro: 0.8909 - f2_plaga: 0.8965 - loss: 0.3334 - precision: 0.7977 - recall: 0.9106 - recall_plaga: 0.8840 
[1m12/17[0m [32m━━━━━━━━━━━━━━[0m[37m━━━━━━[0m [1m7s[0m 1s/step - accuracy: 0.8889 - auc: 0.9514 - f2_macro: 0.8871 - f2_plaga: 0.8932 - loss: 0.3399 - precision: 0.7918 - recall: 0.9068 - recall_plaga: 0.8804
[1m13/17[0m [32m━━━━━━━━━━━━━━━[0m[37m━━━━━[0m [1m5s[0m 1s/step - accuracy: 0.8859 - auc: 0.9486 - f2_macro: 0.8840 - f2_plaga: 0.8907 - loss: 0.3451 - precision: 0.7875 - recall: 0.9035 - recall_plaga: 0.8777
[1m14/17[0m [32m━━━━━━━━━━━━━━━━[0m[37m━━━━[0m [1m4s[0m 1s/step - accuracy: 0.8834 - auc: 0.9462 - f2_macro: 0.8814 - f2_plaga: 0.8883 - loss: 0.3498 - precision: 0.7837 - recall: 0.9009 - recall_plaga: 0.8751
[1m15/17[0m [32m━━━━━━━━━━━━━━━━━[0m[37m━━━[0m [1m2s[0m 1s/step - accuracy: 0.8810 - auc: 0.9440 - f2_macro: 0.8789 - f2_plaga: 0.8862 - loss: 0.3542 - precision: 0.7796 - recall: 0.8985 - recall_plaga: 0.8728
[1m16/17[0m [32m━━━━━━━━━━━━━━━━━━[0m[37m━━[0m [1m1s[0m 1s/step - accuracy: 0.8792 - auc: 0.9423 - f2_macro: 0.8770 - f2_plaga: 0.8844 - loss: 0.3576 - precision: 0.7761 - recall: 0.8969 - recall_plaga: 0.8708
[1m17/17[0m [32m━━━━━━━━━━━━━━━━━━━━[0m[37m[0m [1m0s[0m 1s/step - accuracy: 0.8775 - auc: 0.9407 - f2_macro: 0.8752 - f2_plaga: 0.8827 - loss: 0.3608 - precision: 0.7729 - recall: 0.8954 - recall_plaga: 0.8689
Epoch 50: ReduceLROnPlateau reducing learning rate to 2.499999936844688e-05.

Epoch 50: val_f2_macro did not improve from 0.86194

[1m17/17[0m [32m━━━━━━━━━━━━━━━━━━━━[0m[37m[0m [1m25s[0m 1s/step - accuracy: 0.8496 - auc: 0.9154 - f2_macro: 0.8465 - f2_plaga: 0.8560 - loss: 0.4123 - precision: 0.7212 - recall: 0.8721 - recall_plaga: 0.8389 - val_accuracy: 0.4737 - val_auc: 0.9008 - val_f2_macro: 0.5088 - val_f2_plaga: 0.2632 - val_loss: 0.9701 - val_precision: 0.3805 - val_recall: 1.0000 - val_recall_plaga: 0.2222 - learning_rate: 5.0000e-05
Epoch 51/80

[1m 1/17[0m [32m━[0m[37m━━━━━━━━━━━━━━━━━━━[0m [1m23s[0m 1s/step - accuracy: 0.9375 - auc: 0.9591 - f2_macro: 0.9437 - f2_plaga: 0.9259 - loss: 0.2793 - precision: 0.8333 - recall: 1.0000 - recall_plaga: 0.9091
[1m 2/17[0m [32m━━[0m[37m━━━━━━━━━━━━━━━━━━[0m [1m25s[0m 2s/step - accuracy: 0.9219 - auc: 0.9541 - f2_macro: 0.9208 - f2_plaga: 0.9226 - loss: 0.2919 - precision: 0.8214 - recall: 0.9474 - recall_plaga: 0.9101
[1m 3/17[0m [32m━━━[0m[37m━━━━━━━━━━━━━━━━━[0m [1m22s[0m 2s/step - accuracy: 0.9132 - auc: 0.9549 - f2_macro: 0.9118 - f2_plaga: 0.9152 - loss: 0.3017 - precision: 0.8179 - recall: 0.9346 - recall_plaga: 0.9030
[1m 4/17[0m [32m━━━━[0m[37m━━━━━━━━━━━━━━━━[0m [1m20s[0m 2s/step - accuracy: 0.9095 - auc: 0.9573 - f2_macro: 0.9067 - f2_plaga: 0.9156 - loss: 0.3072 - precision: 0.8262 - recall: 0.9183 - recall_plaga: 0.9059
[1m 5/17[0m [32m━━━━━[0m[37m━━━━━━━━━━━━━━━[0m [1m18s[0m 2s/step - accuracy: 0.9089 - auc: 0.9581 - f2_macro: 0.9057 - f2_plaga: 0.9161 - loss: 0.3097 - precision: 0.8309 - recall: 0.9136 - recall_plaga: 0.9073
[1m 6/17[0m [32m━━━━━━━[0m[37m━━━━━━━━━━━━━[0m [1m16s[0m 1s/step - accuracy: 0.9058 - auc: 0.9567 - f2_macro: 0.9024 - f2_plaga: 0.9138 - loss: 0.3151 - precision: 0.8294 - recall: 0.9084 - recall_plaga: 0.9053
[1m 7/17[0m [32m━━━━━━━━[0m[37m━━━━━━━━━━━━[0m [1m14s[0m 1s/step - accuracy: 0.9027 - auc: 0.9551 - f2_macro: 0.8988 - f2_plaga: 0.9114 - loss: 0.3197 - precision: 0.8238 - recall: 0.9039 - recall_plaga: 0.9027
[1m 8/17[0m [32m━━━━━━━━━[0m[37m━━━━━━━━━━━[0m [1m13s[0m 1s/step - accuracy: 0.8992 - auc: 0.9531 - f2_macro: 0.8950 - f2_plaga: 0.9086 - loss: 0.3254 - precision: 0.8176 - recall: 0.8993 - recall_plaga: 0.8997
[1m 9/17[0m [32m━━━━━━━━━━[0m[37m━━━━━━━━━━[0m [1m11s[0m 1s/step - accuracy: 0.8958 - auc: 0.9509 - f2_macro: 0.8912 - f2_plaga: 0.9058 - loss: 0.3314 - precision: 0.8130 - recall: 0.8945 - recall_plaga: 0.8969
[1m10/17[0m [32m━━━━━━━━━━━[0m[37m━━━━━━━━━[0m [1m10s[0m 1s/step - accuracy: 0.8915 - auc: 0.9480 - f2_macro: 0.8868 - f2_plaga: 0.9019 - loss: 0.3387 - precision: 0.8063 - recall: 0.8901 - recall_plaga: 0.8926
[1m11/17[0m [32m━━━━━━━━━━━━[0m[37m━━━━━━━━[0m [1m8s[0m 1s/step - accuracy: 0.8877 - auc: 0.9451 - f2_macro: 0.8830 - f2_plaga: 0.8980 - loss: 0.3449 - precision: 0.7991 - recall: 0.8874 - recall_plaga: 0.8882 
[1m12/17[0m [32m━━━━━━━━━━━━━━[0m[37m━━━━━━[0m [1m7s[0m 1s/step - accuracy: 0.8847 - auc: 0.9429 - f2_macro: 0.8799 - f2_plaga: 0.8951 - loss: 0.3499 - precision: 0.7938 - recall: 0.8849 - recall_plaga: 0.8849
[1m13/17[0m [32m━━━━━━━━━━━━━━━[0m[37m━━━━━[0m [1m5s[0m 1s/step - accuracy: 0.8823 - auc: 0.9412 - f2_macro: 0.8775 - f2_plaga: 0.8928 - loss: 0.3537 - precision: 0.7899 - recall: 0.8827 - recall_plaga: 0.8824
[1m14/17[0m [32m━━━━━━━━━━━━━━━━[0m[37m━━━━[0m [1m4s[0m 1s/step - accuracy: 0.8801 - auc: 0.9397 - f2_macro: 0.8754 - f2_plaga: 0.8906 - loss: 0.3571 - precision: 0.7865 - recall: 0.8811 - recall_plaga: 0.8800
[1m15/17[0m [32m━━━━━━━━━━━━━━━━━[0m[37m━━━[0m [1m2s[0m 1s/step - accuracy: 0.8783 - auc: 0.9385 - f2_macro: 0.8734 - f2_plaga: 0.8888 - loss: 0.3599 - precision: 0.7828 - recall: 0.8796 - recall_plaga: 0.8779
[1m16/17[0m [32m━━━━━━━━━━━━━━━━━━[0m[37m━━[0m [1m1s[0m 1s/step - accuracy: 0.8771 - auc: 0.9376 - f2_macro: 0.8722 - f2_plaga: 0.8876 - loss: 0.3619 - precision: 0.7802 - recall: 0.8788 - recall_plaga: 0.8765
[1m17/17[0m [32m━━━━━━━━━━━━━━━━━━━━[0m[37m[0m [1m0s[0m 1s/step - accuracy: 0.8758 - auc: 0.9367 - f2_macro: 0.8710 - f2_plaga: 0.8863 - loss: 0.3641 - precision: 0.7775 - recall: 0.8780 - recall_plaga: 0.8750
Epoch 51: val_f2_macro did not improve from 0.86194

[1m17/17[0m [32m━━━━━━━━━━━━━━━━━━━━[0m[37m[0m [1m26s[0m 2s/step - accuracy: 0.8553 - auc: 0.9225 - f2_macro: 0.8505 - f2_plaga: 0.8649 - loss: 0.3981 - precision: 0.7340 - recall: 0.8663 - recall_plaga: 0.8500 - val_accuracy: 0.5639 - val_auc: 0.9149 - val_f2_macro: 0.5979 - val_f2_plaga: 0.4082 - val_loss: 0.7409 - val_precision: 0.4257 - val_recall: 1.0000 - val_recall_plaga: 0.3556 - learning_rate: 2.5000e-05
Epoch 52/80

[1m 1/17[0m [32m━[0m[37m━━━━━━━━━━━━━━━━━━━[0m [1m23s[0m 1s/step - accuracy: 0.9375 - auc: 0.9841 - f2_macro: 0.9437 - f2_plaga: 0.9259 - loss: 0.2650 - precision: 0.8333 - recall: 1.0000 - recall_plaga: 0.9091
[1m 2/17[0m [32m━━[0m[37m━━━━━━━━━━━━━━━━━━[0m [1m21s[0m 1s/step - accuracy: 0.9297 - auc: 0.9666 - f2_macro: 0.9323 - f2_plaga: 0.9247 - loss: 0.2844 - precision: 0.8258 - recall: 0.9737 - recall_plaga: 0.9101
[1m 3/17[0m [32m━━━[0m[37m━━━━━━━━━━━━━━━━━[0m [1m20s[0m 1s/step - accuracy: 0.9253 - auc: 0.9634 - f2_macro: 0.9271 - f2_plaga: 0.9219 - loss: 0.2975 - precision: 0.8298 - recall: 0.9623 - recall_plaga: 0.9083
[1m 4/17[0m [32m━━━━[0m[37m━━━━━━━━━━━━━━━━[0m [1m18s[0m 1s/step - accuracy: 0.9245 - auc: 0.9640 - f2_macro: 0.9249 - f2_plaga: 0.9243 - loss: 0.3017 - precision: 0.8411 - recall: 0.9500 - recall_plaga: 0.9129
[1m 5/17[0m [32m━━━━━[0m[37m━━━━━━━━━━━━━━━[0m [1m17s[0m 1s/step - accuracy: 0.9246 - auc: 0.9648 - f2_macro: 0.9246 - f2_plaga: 0.9253 - loss: 0.3028 - precision: 0.8466 - recall: 0.9459 - recall_plaga: 0.9148
[1m 6/17[0m [32m━━━━━━━[0m[37m━━━━━━━━━━━━━[0m [1m15s[0m 1s/step - accuracy: 0.9207 - auc: 0.9635 - f2_macro: 0.9200 - f2_plaga: 0.9229 - loss: 0.3077 - precision: 0.8448 - recall: 0.9378 - recall_plaga: 0.9129
[1m 7/17[0m [32m━━━━━━━━[0m[37m━━━━━━━━━━━━[0m [1m14s[0m 1s/step - accuracy: 0.9167 - auc: 0.9624 - f2_macro: 0.9154 - f2_plaga: 0.9201 - loss: 0.3116 - precision: 0.8388 - recall: 0.9310 - recall_plaga: 0.9102
[1m 8/17[0m [32m━━━━━━━━━[0m[37m━━━━━━━━━━━[0m [1m13s[0m 1s/step - accuracy: 0.9120 - auc: 0.9603 - f2_macro: 0.9101 - f2_plaga: 0.9163 - loss: 0.3169 - precision: 0.8310 - recall: 0.9246 - recall_plaga: 0.9063
[1m 9/17[0m [32m━━━━━━━━━━[0m[37m━━━━━━━━━━[0m [1m11s[0m 1s/step - accuracy: 0.9071 - auc: 0.9581 - f2_macro: 0.9047 - f2_plaga: 0.9127 - loss: 0.3228 - precision: 0.8248 - recall: 0.9169 - recall_plaga: 0.9027
[1m10/17[0m [32m━━━━━━━━━━━[0m[37m━━━━━━━━━[0m [1m10s[0m 1s/step - accuracy: 0.9017 - auc: 0.9547 - f2_macro: 0.8989 - f2_plaga: 0.9081 - loss: 0.3307 - precision: 0.8169 - recall: 0.9103 - recall_plaga: 0.8979
[1m11/17[0m [32m━━━━━━━━━━━━[0m[37m━━━━━━━━[0m [1m8s[0m 1s/step - accuracy: 0.8969 - auc: 0.9513 - f2_macro: 0.8940 - f2_plaga: 0.9037 - loss: 0.3377 - precision: 0.8089 - recall: 0.9058 - recall_plaga: 0.8930 
[1m12/17[0m [32m━━━━━━━━━━━━━━[0m[37m━━━━━━[0m [1m7s[0m 1s/step - accuracy: 0.8932 - auc: 0.9489 - f2_macro: 0.8900 - f2_plaga: 0.9003 - loss: 0.3429 - precision: 0.8027 - recall: 0.9017 - recall_plaga: 0.8893
[1m13/17[0m [32m━━━━━━━━━━━━━━━[0m[37m━━━━━[0m [1m5s[0m 1s/step - accuracy: 0.8903 - auc: 0.9470 - f2_macro: 0.8870 - f2_plaga: 0.8976 - loss: 0.3469 - precision: 0.7983 - recall: 0.8988 - recall_plaga: 0.8864
[1m14/17[0m [32m━━━━━━━━━━━━━━━━[0m[37m━━━━[0m [1m4s[0m 1s/step - accuracy: 0.8878 - auc: 0.9452 - f2_macro: 0.8845 - f2_plaga: 0.8952 - loss: 0.3506 - precision: 0.7943 - recall: 0.8965 - recall_plaga: 0.8838
[1m15/17[0m [32m━━━━━━━━━━━━━━━━━[0m[37m━━━[0m [1m2s[0m 1s/step - accuracy: 0.8854 - auc: 0.9435 - f2_macro: 0.8820 - f2_plaga: 0.8929 - loss: 0.3540 - precision: 0.7900 - recall: 0.8944 - recall_plaga: 0.8812
[1m16/17[0m [32m━━━━━━━━━━━━━━━━━━[0m[37m━━[0m [1m1s[0m 1s/step - accuracy: 0.8836 - auc: 0.9422 - f2_macro: 0.8802 - f2_plaga: 0.8912 - loss: 0.3565 - precision: 0.7865 - recall: 0.8931 - recall_plaga: 0.8793
[1m17/17[0m [32m━━━━━━━━━━━━━━━━━━━━[0m[37m[0m [1m0s[0m 1s/step - accuracy: 0.8820 - auc: 0.9410 - f2_macro: 0.8785 - f2_plaga: 0.8895 - loss: 0.3590 - precision: 0.7833 - recall: 0.8918 - recall_plaga: 0.8774
Epoch 52: val_f2_macro did not improve from 0.86194

[1m17/17[0m [32m━━━━━━━━━━━━━━━━━━━━[0m[37m[0m [1m25s[0m 1s/step - accuracy: 0.8553 - auc: 0.9226 - f2_macro: 0.8515 - f2_plaga: 0.8630 - loss: 0.3978 - precision: 0.7317 - recall: 0.8721 - recall_plaga: 0.8472 - val_accuracy: 0.5414 - val_auc: 0.9118 - val_f2_macro: 0.5759 - val_f2_plaga: 0.3728 - val_loss: 0.8043 - val_precision: 0.4135 - val_recall: 1.0000 - val_recall_plaga: 0.3222 - learning_rate: 2.5000e-05
Epoch 53/80

[1m 1/17[0m [32m━[0m[37m━━━━━━━━━━━━━━━━━━━[0m [1m23s[0m 1s/step - accuracy: 0.9375 - auc: 0.9818 - f2_macro: 0.9437 - f2_plaga: 0.9259 - loss: 0.2620 - precision: 0.8333 - recall: 1.0000 - recall_plaga: 0.9091
[1m 2/17[0m [32m━━[0m[37m━━━━━━━━━━━━━━━━━━[0m [1m21s[0m 1s/step - accuracy: 0.9297 - auc: 0.9725 - f2_macro: 0.9366 - f2_plaga: 0.9175 - loss: 0.2806 - precision: 0.8125 - recall: 1.0000 - recall_plaga: 0.8990
[1m 3/17[0m [32m━━━[0m[37m━━━━━━━━━━━━━━━━━[0m [1m20s[0m 1s/step - accuracy: 0.9219 - auc: 0.9688 - f2_macro: 0.9283 - f2_plaga: 0.9093 - loss: 0.2939 - precision: 0.8083 - recall: 0.9899 - recall_plaga: 0.8903
[1m 4/17[0m [32m━━━━[0m[37m━━━━━━━━━━━━━━━━[0m [1m19s[0m 2s/step - accuracy: 0.9180 - auc: 0.9683 - f2_macro: 0.9223 - f2_plaga: 0.9098 - loss: 0.2979 - precision: 0.8162 - recall: 0.9707 - recall_plaga: 0.8934
[1m 5/17[0m [32m━━━━━[0m[37m━━━━━━━━━━━━━━━[0m [1m18s[0m 2s/step - accuracy: 0.9169 - auc: 0.9676 - f2_macro: 0.9203 - f2_plaga: 0.9106 - loss: 0.2992 - precision: 0.8213 - recall: 0.9625 - recall_plaga: 0.8953
[1m 6/17[0m [32m━━━━━━━[0m[37m━━━━━━━━━━━━━[0m [1m16s[0m 2s/step - accuracy: 0.9134 - auc: 0.9653 - f2_macro: 0.9160 - f2_plaga: 0.9086 - loss: 0.3045 - precision: 0.8203 - recall: 0.9541 - recall_plaga: 0.8939
[1m 7/17[0m [32m━━━━━━━━[0m[37m━━━━━━━━━━━━[0m [1m15s[0m 2s/step - accuracy: 0.9098 - auc: 0.9624 - f2_macro: 0.9120 - f2_plaga: 0.9058 - loss: 0.3098 - precision: 0.8144 - recall: 0.9489 - recall_plaga: 0.8911
[1m 8/17[0m [32m━━━━━━━━━[0m[37m━━━━━━━━━━━[0m [1m13s[0m 2s/step - accuracy: 0.9050 - auc: 0.9594 - f2_macro: 0.9068 - f2_plaga: 0.9017 - loss: 0.3162 - precision: 0.8064 - recall: 0.9432 - recall_plaga: 0.8866
[1m 9/17[0m [32m━━━━━━━━━━[0m[37m━━━━━━━━━━[0m [1m12s[0m 2s/step - accuracy: 0.9001 - auc: 0.9565 - f2_macro: 0.9014 - f2_plaga: 0.8979 - loss: 0.3232 - precision: 0.8004 - recall: 0.9358 - recall_plaga: 0.8829
[1m10/17[0m [32m━━━━━━━━━━━[0m[37m━━━━━━━━━[0m [1m10s[0m 1s/step - accuracy: 0.8948 - auc: 0.9528 - f2_macro: 0.8957 - f2_plaga: 0.8934 - loss: 0.3319 - precision: 0.7930 - recall: 0.9291 - recall_plaga: 0.8782
[1m11/17[0m [32m━━━━━━━━━━━━[0m[37m━━━━━━━━[0m [1m8s[0m 1s/step - accuracy: 0.8901 - auc: 0.9494 - f2_macro: 0.8909 - f2_plaga: 0.8891 - loss: 0.3392 - precision: 0.7856 - recall: 0.9245 - recall_plaga: 0.8736 
[1m12/17[0m [32m━━━━━━━━━━━━━━[0m[37m━━━━━━[0m [1m7s[0m 1s/step - accuracy: 0.8865 - auc: 0.9467 - f2_macro: 0.8870 - f2_plaga: 0.8860 - loss: 0.3449 - precision: 0.7800 - recall: 0.9202 - recall_plaga: 0.8702
[1m13/17[0m [32m━━━━━━━━━━━━━━━[0m[37m━━━━━[0m [1m5s[0m 1s/step - accuracy: 0.8837 - auc: 0.9446 - f2_macro: 0.8841 - f2_plaga: 0.8836 - loss: 0.3493 - precision: 0.7762 - recall: 0.9169 - recall_plaga: 0.8677
[1m14/17[0m [32m━━━━━━━━━━━━━━━━[0m[37m━━━━[0m [1m4s[0m 1s/step - accuracy: 0.8814 - auc: 0.9426 - f2_macro: 0.8816 - f2_plaga: 0.8814 - loss: 0.3534 - precision: 0.7729 - recall: 0.9143 - recall_plaga: 0.8654
[1m15/17[0m [32m━━━━━━━━━━━━━━━━━[0m[37m━━━[0m [1m2s[0m 1s/step - accuracy: 0.8793 - auc: 0.9410 - f2_macro: 0.8793 - f2_plaga: 0.8796 - loss: 0.3568 - precision: 0.7694 - recall: 0.9119 - recall_plaga: 0.8635
[1m16/17[0m [32m━━━━━━━━━━━━━━━━━━[0m[37m━━[0m [1m1s[0m 1s/step - accuracy: 0.8778 - auc: 0.9398 - f2_macro: 0.8777 - f2_plaga: 0.8783 - loss: 0.3593 - precision: 0.7667 - recall: 0.9102 - recall_plaga: 0.8621
[1m17/17[0m [32m━━━━━━━━━━━━━━━━━━━━[0m[37m[0m [1m0s[0m 1s/step - accuracy: 0.8762 - auc: 0.9387 - f2_macro: 0.8761 - f2_plaga: 0.8769 - loss: 0.3618 - precision: 0.7640 - recall: 0.9086 - recall_plaga: 0.8606
Epoch 53: val_f2_macro did not improve from 0.86194

[1m17/17[0m [32m━━━━━━━━━━━━━━━━━━━━[0m[37m[0m [1m26s[0m 2s/step - accuracy: 0.8515 - auc: 0.9212 - f2_macro: 0.8500 - f2_plaga: 0.8546 - loss: 0.4014 - precision: 0.7204 - recall: 0.8837 - recall_plaga: 0.8361 - val_accuracy: 0.5489 - val_auc: 0.9133 - val_f2_macro: 0.5832 - val_f2_plaga: 0.3846 - val_loss: 0.7889 - val_precision: 0.4175 - val_recall: 1.0000 - val_recall_plaga: 0.3333 - learning_rate: 2.5000e-05
Epoch 54/80

[1m 1/17[0m [32m━[0m[37m━━━━━━━━━━━━━━━━━━━[0m [1m23s[0m 1s/step - accuracy: 0.9375 - auc: 0.9682 - f2_macro: 0.9437 - f2_plaga: 0.9259 - loss: 0.2731 - precision: 0.8333 - recall: 1.0000 - recall_plaga: 0.9091
[1m 2/17[0m [32m━━[0m[37m━━━━━━━━━━━━━━━━━━[0m [1m21s[0m 1s/step - accuracy: 0.9297 - auc: 0.9619 - f2_macro: 0.9323 - f2_plaga: 0.9247 - loss: 0.2846 - precision: 0.8258 - recall: 0.9737 - recall_plaga: 0.9101
[1m 3/17[0m [32m━━━[0m[37m━━━━━━━━━━━━━━━━━[0m [1m21s[0m 2s/step - accuracy: 0.9253 - auc: 0.9597 - f2_macro: 0.9271 - f2_plaga: 0.9219 - loss: 0.2950 - precision: 0.8298 - recall: 0.9623 - recall_plaga: 0.9083
[1m 4/17[0m [32m━━━━[0m[37m━━━━━━━━━━━━━━━━[0m [1m19s[0m 1s/step - accuracy: 0.9264 - auc: 0.9611 - f2_macro: 0.9274 - f2_plaga: 0.9249 - loss: 0.2987 - precision: 0.8417 - recall: 0.9554 - recall_plaga: 0.9129
[1m 5/17[0m [32m━━━━━[0m[37m━━━━━━━━━━━━━━━[0m [1m17s[0m 1s/step - accuracy: 0.9274 - auc: 0.9614 - f2_macro: 0.9282 - f2_plaga: 0.9262 - loss: 0.3005 - precision: 0.8476 - recall: 0.9538 - recall_plaga: 0.9148
[1m 6/17[0m [32m━━━━━━━[0m[37m━━━━━━━━━━━━━[0m [1m16s[0m 1s/step - accuracy: 0.9247 - auc: 0.9597 - f2_macro: 0.9252 - f2_plaga: 0.9241 - loss: 0.3062 - precision: 0.8463 - recall: 0.9492 - recall_plaga: 0.9129
[1m 7/17[0m [32m━━━━━━━━[0m[37m━━━━━━━━━━━━[0m [1m14s[0m 1s/step - accuracy: 0.9208 - auc: 0.9575 - f2_macro: 0.9210 - f2_plaga: 0.9207 - loss: 0.3115 - precision: 0.8394 - recall: 0.9447 - recall_plaga: 0.9093
[1m 8/17[0m [32m━━━━━━━━━[0m[37m━━━━━━━━━━━[0m [1m13s[0m 1s/step - accuracy: 0.9161 - auc: 0.9547 - f2_macro: 0.9160 - f2_plaga: 0.9165 - loss: 0.3184 - precision: 0.8311 - recall: 0.9396 - recall_plaga: 0.9047
[1m 9/17[0m [32m━━━━━━━━━━[0m[37m━━━━━━━━━━[0m [1m11s[0m 1s/step - accuracy: 0.9111 - auc: 0.9522 - f2_macro: 0.9106 - f2_plaga: 0.9126 - loss: 0.3255 - precision: 0.8246 - recall: 0.9326 - recall_plaga: 0.9007
[1m10/17[0m [32m━━━━━━━━━━━[0m[37m━━━━━━━━━[0m [1m10s[0m 1s/step - accuracy: 0.9056 - auc: 0.9490 - f2_macro: 0.9048 - f2_plaga: 0.9078 - loss: 0.3339 - precision: 0.8165 - recall: 0.9262 - recall_plaga: 0.8956
[1m11/17[0m [32m━━━━━━━━━━━━[0m[37m━━━━━━━━[0m [1m9s[0m 2s/step - accuracy: 0.9008 - auc: 0.9461 - f2_macro: 0.8998 - f2_plaga: 0.9031 - loss: 0.3411 - precision: 0.8084 - recall: 0.9219 - recall_plaga: 0.8906 
[1m12/17[0m [32m━━━━━━━━━━━━━━[0m[37m━━━━━━[0m [1m7s[0m 2s/step - accuracy: 0.8969 - auc: 0.9438 - f2_macro: 0.8957 - f2_plaga: 0.8996 - loss: 0.3465 - precision: 0.8021 - recall: 0.9178 - recall_plaga: 0.8868
[1m13/17[0m [32m━━━━━━━━━━━━━━━[0m[37m━━━━━[0m [1m5s[0m 1s/step - accuracy: 0.8937 - auc: 0.9422 - f2_macro: 0.8924 - f2_plaga: 0.8968 - loss: 0.3507 - precision: 0.7975 - recall: 0.9142 - recall_plaga: 0.8838
[1m14/17[0m [32m━━━━━━━━━━━━━━━━[0m[37m━━━━[0m [1m4s[0m 1s/step - accuracy: 0.8910 - auc: 0.9407 - f2_macro: 0.8895 - f2_plaga: 0.8943 - loss: 0.3544 - precision: 0.7934 - recall: 0.9112 - recall_plaga: 0.8811
[1m15/17[0m [32m━━━━━━━━━━━━━━━━━[0m[37m━━━[0m [1m2s[0m 1s/step - accuracy: 0.8885 - auc: 0.9395 - f2_macro: 0.8869 - f2_plaga: 0.8921 - loss: 0.3575 - precision: 0.7893 - recall: 0.9086 - recall_plaga: 0.8787
[1m16/17[0m [32m━━━━━━━━━━━━━━━━━━[0m[37m━━[0m [1m1s[0m 1s/step - accuracy: 0.8866 - auc: 0.9387 - f2_macro: 0.8849 - f2_plaga: 0.8903 - loss: 0.3597 - precision: 0.7857 - recall: 0.9067 - recall_plaga: 0.8768
[1m17/17[0m [32m━━━━━━━━━━━━━━━━━━━━[0m[37m[0m [1m0s[0m 1s/step - accuracy: 0.8846 - auc: 0.9379 - f2_macro: 0.8829 - f2_plaga: 0.8885 - loss: 0.3619 - precision: 0.7822 - recall: 0.9051 - recall_plaga: 0.8747
Epoch 54: val_f2_macro did not improve from 0.86194

[1m17/17[0m [32m━━━━━━━━━━━━━━━━━━━━[0m[37m[0m [1m26s[0m 2s/step - accuracy: 0.8534 - auc: 0.9258 - f2_macro: 0.8507 - f2_plaga: 0.8588 - loss: 0.3965 - precision: 0.7260 - recall: 0.8779 - recall_plaga: 0.8417 - val_accuracy: 0.8120 - val_auc: 0.9255 - val_f2_macro: 0.8303 - val_f2_plaga: 0.7647 - val_loss: 0.4368 - val_precision: 0.6324 - val_recall: 1.0000 - val_recall_plaga: 0.7222 - learning_rate: 2.5000e-05
Epoch 55/80

[1m 1/17[0m [32m━[0m[37m━━━━━━━━━━━━━━━━━━━[0m [1m23s[0m 1s/step - accuracy: 0.9375 - auc: 0.9886 - f2_macro: 0.9437 - f2_plaga: 0.9259 - loss: 0.2555 - precision: 0.8333 - recall: 1.0000 - recall_plaga: 0.9091
[1m 2/17[0m [32m━━[0m[37m━━━━━━━━━━━━━━━━━━[0m [1m22s[0m 2s/step - accuracy: 0.9375 - auc: 0.9756 - f2_macro: 0.9437 - f2_plaga: 0.9268 - loss: 0.2734 - precision: 0.8297 - recall: 1.0000 - recall_plaga: 0.9101
[1m 3/17[0m [32m━━━[0m[37m━━━━━━━━━━━━━━━━━[0m [1m20s[0m 1s/step - accuracy: 0.9340 - auc: 0.9727 - f2_macro: 0.9392 - f2_plaga: 0.9243 - loss: 0.2847 - precision: 0.8338 - recall: 0.9899 - recall_plaga: 0.9083
[1m 4/17[0m [32m━━━━[0m[37m━━━━━━━━━━━━━━━━[0m [1m19s[0m 1s/step - accuracy: 0.9329 - auc: 0.9720 - f2_macro: 0.9365 - f2_plaga: 0.9266 - loss: 0.2890 - precision: 0.8448 - recall: 0.9761 - recall_plaga: 0.9129
[1m 5/17[0m [32m━━━━━[0m[37m━━━━━━━━━━━━━━━[0m [1m17s[0m 1s/step - accuracy: 0.9326 - auc: 0.9710 - f2_macro: 0.9354 - f2_plaga: 0.9276 - loss: 0.2911 - precision: 0.8500 - recall: 0.9704 - recall_plaga: 0.9148
[1m 6/17[0m [32m━━━━━━━[0m[37m━━━━━━━━━━━━━[0m [1m16s[0m 2s/step - accuracy: 0.9291 - auc: 0.9699 - f2_macro: 0.9309 - f2_plaga: 0.9261 - loss: 0.2953 - precision: 0.8499 - recall: 0.9606 - recall_plaga: 0.9142
[1m 7/17[0m [32m━━━━━━━━[0m[37m━━━━━━━━━━━━[0m [1m15s[0m 2s/step - accuracy: 0.9252 - auc: 0.9684 - f2_macro: 0.9262 - f2_plaga: 0.9238 - loss: 0.2998 - precision: 0.8449 - recall: 0.9525 - recall_plaga: 0.9123
[1m 8/17[0m [32m━━━━━━━━━[0m[37m━━━━━━━━━━━[0m [1m13s[0m 2s/step - accuracy: 0.9204 - auc: 0.9666 - f2_macro: 0.9209 - f2_plaga: 0.9199 - loss: 0.3049 - precision: 0.8369 - recall: 0.9464 - recall_plaga: 0.9081
[1m 9/17[0m [32m━━━━━━━━━━[0m[37m━━━━━━━━━━[0m [1m11s[0m 1s/step - accuracy: 0.9157 - auc: 0.9645 - f2_macro: 0.9158 - f2_plaga: 0.9162 - loss: 0.3104 - precision: 0.8308 - recall: 0.9398 - recall_plaga: 0.9043
[1m10/17[0m [32m━━━━━━━━━━━[0m[37m━━━━━━━━━[0m [1m10s[0m 1s/step - accuracy: 0.9104 - auc: 0.9616 - f2_macro: 0.9102 - f2_plaga: 0.9115 - loss: 0.3174 - precision: 0.8229 - recall: 0.9336 - recall_plaga: 0.8993
[1m11/17[0m [32m━━━━━━━━━━━━[0m[37m━━━━━━━━[0m [1m8s[0m 1s/step - accuracy: 0.9059 - auc: 0.9589 - f2_macro: 0.9055 - f2_plaga: 0.9072 - loss: 0.3234 - precision: 0.8153 - recall: 0.9294 - recall_plaga: 0.8947 
[1m12/17[0m [32m━━━━━━━━━━━━━━[0m[37m━━━━━━[0m [1m7s[0m 1s/step - accuracy: 0.9020 - auc: 0.9567 - f2_macro: 0.9013 - f2_plaga: 0.9039 - loss: 0.3282 - precision: 0.8093 - recall: 0.9247 - recall_plaga: 0.8912
[1m13/17[0m [32m━━━━━━━━━━━━━━━[0m[37m━━━━━[0m [1m5s[0m 1s/step - accuracy: 0.8990 - auc: 0.9550 - f2_macro: 0.8981 - f2_plaga: 0.9013 - loss: 0.3319 - precision: 0.8050 - recall: 0.9211 - recall_plaga: 0.8885
[1m14/17[0m [32m━━━━━━━━━━━━━━━━[0m[37m━━━━[0m [1m4s[0m 1s/step - accuracy: 0.8963 - auc: 0.9533 - f2_macro: 0.8954 - f2_plaga: 0.8989 - loss: 0.3358 - precision: 0.8011 - recall: 0.9182 - recall_plaga: 0.8859
[1m15/17[0m [32m━━━━━━━━━━━━━━━━━[0m[37m━━━[0m [1m2s[0m 1s/step - accuracy: 0.8941 - auc: 0.9518 - f2_macro: 0.8930 - f2_plaga: 0.8968 - loss: 0.3390 - precision: 0.7971 - recall: 0.9159 - recall_plaga: 0.8836
[1m16/17[0m [32m━━━━━━━━━━━━━━━━━━[0m[37m━━[0m [1m1s[0m 1s/step - accuracy: 0.8924 - auc: 0.9507 - f2_macro: 0.8912 - f2_plaga: 0.8953 - loss: 0.3414 - precision: 0.7939 - recall: 0.9144 - recall_plaga: 0.8819
[1m17/17[0m [32m━━━━━━━━━━━━━━━━━━━━[0m[37m[0m [1m0s[0m 1s/step - accuracy: 0.8907 - auc: 0.9495 - f2_macro: 0.8894 - f2_plaga: 0.8936 - loss: 0.3439 - precision: 0.7907 - recall: 0.9129 - recall_plaga: 0.8800
Epoch 55: ReduceLROnPlateau reducing learning rate to 1.249999968422344e-05.

Epoch 55: val_f2_macro did not improve from 0.86194

[1m17/17[0m [32m━━━━━━━━━━━━━━━━━━━━[0m[37m[0m [1m26s[0m 2s/step - accuracy: 0.8628 - auc: 0.9311 - f2_macro: 0.8608 - f2_plaga: 0.8669 - loss: 0.3842 - precision: 0.7391 - recall: 0.8895 - recall_plaga: 0.8500 - val_accuracy: 0.8271 - val_auc: 0.9291 - val_f2_macro: 0.8440 - val_f2_plaga: 0.7845 - val_loss: 0.4134 - val_precision: 0.6515 - val_recall: 1.0000 - val_recall_plaga: 0.7444 - learning_rate: 2.5000e-05
Epoch 56/80

[1m 1/17[0m [32m━[0m[37m━━━━━━━━━━━━━━━━━━━[0m [1m24s[0m 2s/step - accuracy: 0.9375 - auc: 0.9795 - f2_macro: 0.9437 - f2_plaga: 0.9259 - loss: 0.2744 - precision: 0.8333 - recall: 1.0000 - recall_plaga: 0.9091
[1m 2/17[0m [32m━━[0m[37m━━━━━━━━━━━━━━━━━━[0m [1m21s[0m 1s/step - accuracy: 0.9297 - auc: 0.9684 - f2_macro: 0.9323 - f2_plaga: 0.9247 - loss: 0.2926 - precision: 0.8258 - recall: 0.9737 - recall_plaga: 0.9101
[1m 3/17[0m [32m━━━[0m[37m━━━━━━━━━━━━━━━━━[0m [1m19s[0m 1s/step - accuracy: 0.9219 - auc: 0.9654 - f2_macro: 0.9240 - f2_plaga: 0.9175 - loss: 0.3038 - precision: 0.8224 - recall: 0.9623 - recall_plaga: 0.9030
[1m 4/17[0m [32m━━━━[0m[37m━━━━━━━━━━━━━━━━[0m [1m18s[0m 1s/step - accuracy: 0.9180 - auc: 0.9655 - f2_macro: 0.9184 - f2_plaga: 0.9179 - loss: 0.3084 - precision: 0.8304 - recall: 0.9445 - recall_plaga: 0.9059
[1m 5/17[0m [32m━━━━━[0m[37m━━━━━━━━━━━━━━━[0m [1m17s[0m 1s/step - accuracy: 0.9169 - auc: 0.9650 - f2_macro: 0.9166 - f2_plaga: 0.9183 - loss: 0.3093 - precision: 0.8348 - recall: 0.9381 - recall_plaga: 0.9073
[1m 6/17[0m [32m━━━━━━━[0m[37m━━━━━━━━━━━━━[0m [1m15s[0m 1s/step - accuracy: 0.9134 - auc: 0.9626 - f2_macro: 0.9127 - f2_plaga: 0.9159 - loss: 0.3138 - precision: 0.8330 - recall: 0.9312 - recall_plaga: 0.9053
[1m 7/17[0m [32m━━━━━━━━[0m[37m━━━━━━━━━━━━[0m [1m14s[0m 1s/step - accuracy: 0.9098 - auc: 0.9597 - f2_macro: 0.9085 - f2_plaga: 0.9134 - loss: 0.3184 - precision: 0.8273 - recall: 0.9254 - recall_plaga: 0.9027
[1m 8/17[0m [32m━━━━━━━━━[0m[37m━━━━━━━━━━━[0m [1m12s[0m 1s/step - accuracy: 0.9059 - auc: 0.9571 - f2_macro: 0.9041 - f2_plaga: 0.9104 - loss: 0.3237 - precision: 0.8209 - recall: 0.9197 - recall_plaga: 0.8997
[1m 9/17[0m [32m━━━━━━━━━━[0m[37m━━━━━━━━━━[0m [1m11s[0m 1s/step - accuracy: 0.9029 - auc: 0.9547 - f2_macro: 0.9009 - f2_plaga: 0.9078 - loss: 0.3289 - precision: 0.8166 - recall: 0.9160 - recall_plaga: 0.8969
[1m10/17[0m [32m━━━━━━━━━━━[0m[37m━━━━━━━━━[0m [1m10s[0m 1s/step - accuracy: 0.8988 - auc: 0.9514 - f2_macro: 0.8967 - f2_plaga: 0.9039 - loss: 0.3361 - precision: 0.8101 - recall: 0.9122 - recall_plaga: 0.8926
[1m11/17[0m [32m━━━━━━━━━━━━[0m[37m━━━━━━━━[0m [1m8s[0m 1s/step - accuracy: 0.8951 - auc: 0.9482 - f2_macro: 0.8931 - f2_plaga: 0.9000 - loss: 0.3425 - precision: 0.8032 - recall: 0.9099 - recall_plaga: 0.8882 
[1m12/17[0m [32m━━━━━━━━━━━━━━[0m[37m━━━━━━[0m [1m7s[0m 1s/step - accuracy: 0.8922 - auc: 0.9455 - f2_macro: 0.8900 - f2_plaga: 0.8971 - loss: 0.3478 - precision: 0.7979 - recall: 0.9075 - recall_plaga: 0.8849
[1m13/17[0m [32m━━━━━━━━━━━━━━━[0m[37m━━━━━[0m [1m5s[0m 1s/step - accuracy: 0.8897 - auc: 0.9434 - f2_macro: 0.8875 - f2_plaga: 0.8948 - loss: 0.3520 - precision: 0.7941 - recall: 0.9052 - recall_plaga: 0.8824
[1m14/17[0m [32m━━━━━━━━━━━━━━━━[0m[37m━━━━[0m [1m4s[0m 1s/step - accuracy: 0.8876 - auc: 0.9415 - f2_macro: 0.8854 - f2_plaga: 0.8926 - loss: 0.3559 - precision: 0.7907 - recall: 0.9034 - recall_plaga: 0.8800
[1m15/17[0m [32m━━━━━━━━━━━━━━━━━[0m[37m━━━[0m [1m2s[0m 1s/step - accuracy: 0.8855 - auc: 0.9396 - f2_macro: 0.8832 - f2_plaga: 0.8906 - loss: 0.3594 - precision: 0.7868 - recall: 0.9017 - recall_plaga: 0.8777
[1m16/17[0m [32m━━━━━━━━━━━━━━━━━━[0m[37m━━[0m [1m1s[0m 1s/step - accuracy: 0.8840 - auc: 0.9382 - f2_macro: 0.8817 - f2_plaga: 0.8891 - loss: 0.3619 - precision: 0.7837 - recall: 0.9007 - recall_plaga: 0.8760
[1m17/17[0m [32m━━━━━━━━━━━━━━━━━━━━[0m[37m[0m [1m0s[0m 1s/step - accuracy: 0.8824 - auc: 0.9370 - f2_macro: 0.8801 - f2_plaga: 0.8875 - loss: 0.3644 - precision: 0.7806 - recall: 0.8997 - recall_plaga: 0.8741
Epoch 56: val_f2_macro did not improve from 0.86194

[1m17/17[0m [32m━━━━━━━━━━━━━━━━━━━━[0m[37m[0m [1m26s[0m 1s/step - accuracy: 0.8571 - auc: 0.9171 - f2_macro: 0.8549 - f2_plaga: 0.8617 - loss: 0.4042 - precision: 0.7308 - recall: 0.8837 - recall_plaga: 0.8444 - val_accuracy: 0.8421 - val_auc: 0.9296 - val_f2_macro: 0.8576 - val_f2_plaga: 0.8042 - val_loss: 0.3929 - val_precision: 0.6719 - val_recall: 1.0000 - val_recall_plaga: 0.7667 - learning_rate: 1.2500e-05
Epoch 57/80

[1m 1/17[0m [32m━[0m[37m━━━━━━━━━━━━━━━━━━━[0m [1m23s[0m 1s/step - accuracy: 0.9375 - auc: 0.9750 - f2_macro: 0.9437 - f2_plaga: 0.9259 - loss: 0.2657 - precision: 0.8333 - recall: 1.0000 - recall_plaga: 0.9091
[1m 2/17[0m [32m━━[0m[37m━━━━━━━━━━━━━━━━━━[0m [1m21s[0m 1s/step - accuracy: 0.9297 - auc: 0.9662 - f2_macro: 0.9323 - f2_plaga: 0.9247 - loss: 0.2825 - precision: 0.8258 - recall: 0.9737 - recall_plaga: 0.9101
[1m 3/17[0m [32m━━━[0m[37m━━━━━━━━━━━━━━━━━[0m [1m20s[0m 1s/step - accuracy: 0.9253 - auc: 0.9629 - f2_macro: 0.9271 - f2_plaga: 0.9219 - loss: 0.2936 - precision: 0.8298 - recall: 0.9623 - recall_plaga: 0.9083
[1m 4/17[0m [32m━━━━[0m[37m━━━━━━━━━━━━━━━━[0m [1m18s[0m 1s/step - accuracy: 0.9245 - auc: 0.9636 - f2_macro: 0.9249 - f2_plaga: 0.9243 - loss: 0.2958 - precision: 0.8411 - recall: 0.9500 - recall_plaga: 0.9129
[1m 5/17[0m [32m━━━━━[0m[37m━━━━━━━━━━━━━━━[0m [1m17s[0m 1s/step - accuracy: 0.9246 - auc: 0.9632 - f2_macro: 0.9246 - f2_plaga: 0.9253 - loss: 0.2965 - precision: 0.8466 - recall: 0.9459 - recall_plaga: 0.9148
[1m 6/17[0m [32m━━━━━━━[0m[37m━━━━━━━━━━━━━[0m [1m15s[0m 1s/step - accuracy: 0.9215 - auc: 0.9609 - f2_macro: 0.9212 - f2_plaga: 0.9231 - loss: 0.3015 - precision: 0.8452 - recall: 0.9402 - recall_plaga: 0.9129
[1m 7/17[0m [32m━━━━━━━━[0m[37m━━━━━━━━━━━━[0m [1m14s[0m 1s/step - accuracy: 0.9181 - auc: 0.9590 - f2_macro: 0.9172 - f2_plaga: 0.9205 - loss: 0.3068 - precision: 0.8394 - recall: 0.9351 - recall_plaga: 0.9102
[1m 8/17[0m [32m━━━━━━━━━[0m[37m━━━━━━━━━━━[0m [1m13s[0m 2s/step - accuracy: 0.9137 - auc: 0.9564 - f2_macro: 0.9124 - f2_plaga: 0.9168 - loss: 0.3136 - precision: 0.8319 - recall: 0.9296 - recall_plaga: 0.9063
[1m 9/17[0m [32m━━━━━━━━━━[0m[37m━━━━━━━━━━[0m [1m11s[0m 1s/step - accuracy: 0.9090 - auc: 0.9535 - f2_macro: 0.9072 - f2_plaga: 0.9132 - loss: 0.3215 - precision: 0.8258 - recall: 0.9226 - recall_plaga: 0.9027
[1m10/17[0m [32m━━━━━━━━━━━[0m[37m━━━━━━━━━[0m [1m10s[0m 1s/step - accuracy: 0.9037 - auc: 0.9499 - f2_macro: 0.9016 - f2_plaga: 0.9087 - loss: 0.3306 - precision: 0.8181 - recall: 0.9163 - recall_plaga: 0.8979
[1m11/17[0m [32m━━━━━━━━━━━━[0m[37m━━━━━━━━[0m [1m8s[0m 1s/step - accuracy: 0.8990 - auc: 0.9466 - f2_macro: 0.8968 - f2_plaga: 0.9042 - loss: 0.3382 - precision: 0.8100 - recall: 0.9120 - recall_plaga: 0.8930 
[1m12/17[0m [32m━━━━━━━━━━━━━━[0m[37m━━━━━━[0m [1m7s[0m 1s/step - accuracy: 0.8953 - auc: 0.9441 - f2_macro: 0.8929 - f2_plaga: 0.9008 - loss: 0.3441 - precision: 0.8039 - recall: 0.9081 - recall_plaga: 0.8893
[1m13/17[0m [32m━━━━━━━━━━━━━━━[0m[37m━━━━━[0m [1m5s[0m 1s/step - accuracy: 0.8923 - auc: 0.9421 - f2_macro: 0.8897 - f2_plaga: 0.8981 - loss: 0.3488 - precision: 0.7994 - recall: 0.9047 - recall_plaga: 0.8864
[1m14/17[0m [32m━━━━━━━━━━━━━━━━[0m[37m━━━━[0m [1m4s[0m 1s/step - accuracy: 0.8896 - auc: 0.9400 - f2_macro: 0.8869 - f2_plaga: 0.8957 - loss: 0.3531 - precision: 0.7954 - recall: 0.9020 - recall_plaga: 0.8838
[1m15/17[0m [32m━━━━━━━━━━━━━━━━━[0m[37m━━━[0m [1m2s[0m 1s/step - accuracy: 0.8871 - auc: 0.9382 - f2_macro: 0.8843 - f2_plaga: 0.8934 - loss: 0.3570 - precision: 0.7910 - recall: 0.8995 - recall_plaga: 0.8812
[1m16/17[0m [32m━━━━━━━━━━━━━━━━━━[0m[37m━━[0m [1m1s[0m 1s/step - accuracy: 0.8851 - auc: 0.9367 - f2_macro: 0.8823 - f2_plaga: 0.8915 - loss: 0.3600 - precision: 0.7872 - recall: 0.8978 - recall_plaga: 0.8791
[1m17/17[0m [32m━━━━━━━━━━━━━━━━━━━━[0m[37m[0m [1m0s[0m 1s/step - accuracy: 0.8831 - auc: 0.9353 - f2_macro: 0.8803 - f2_plaga: 0.8895 - loss: 0.3630 - precision: 0.7836 - recall: 0.8963 - recall_plaga: 0.8769
Epoch 57: val_f2_macro did not improve from 0.86194

[1m17/17[0m [32m━━━━━━━━━━━━━━━━━━━━[0m[37m[0m [1m26s[0m 2s/step - accuracy: 0.8515 - auc: 0.9131 - f2_macro: 0.8482 - f2_plaga: 0.8584 - loss: 0.4117 - precision: 0.7246 - recall: 0.8721 - recall_plaga: 0.8417 - val_accuracy: 0.8346 - val_auc: 0.9297 - val_f2_macro: 0.8508 - val_f2_plaga: 0.7944 - val_loss: 0.3920 - val_precision: 0.6615 - val_recall: 1.0000 - val_recall_plaga: 0.7556 - learning_rate: 1.2500e-05
Epoch 58/80

[1m 1/17[0m [32m━[0m[37m━━━━━━━━━━━━━━━━━━━[0m [1m24s[0m 2s/step - accuracy: 0.9375 - auc: 0.9659 - f2_macro: 0.9437 - f2_plaga: 0.9259 - loss: 0.2692 - precision: 0.8333 - recall: 1.0000 - recall_plaga: 0.9091
[1m 2/17[0m [32m━━[0m[37m━━━━━━━━━━━━━━━━━━[0m [1m25s[0m 2s/step - accuracy: 0.9219 - auc: 0.9569 - f2_macro: 0.9254 - f2_plaga: 0.9155 - loss: 0.2848 - precision: 0.8080 - recall: 0.9737 - recall_plaga: 0.8990
[1m 3/17[0m [32m━━━[0m[37m━━━━━━━━━━━━━━━━━[0m [1m22s[0m 2s/step - accuracy: 0.9167 - auc: 0.9575 - f2_macro: 0.9180 - f2_plaga: 0.9148 - loss: 0.2916 - precision: 0.8164 - recall: 0.9522 - recall_plaga: 0.9009
[1m 4/17[0m [32m━━━━[0m[37m━━━━━━━━━━━━━━━━[0m [1m20s[0m 2s/step - accuracy: 0.9180 - auc: 0.9596 - f2_macro: 0.9180 - f2_plaga: 0.9189 - loss: 0.2933 - precision: 0.8311 - recall: 0.9424 - recall_plaga: 0.9074
[1m 5/17[0m [32m━━━━━[0m[37m━━━━━━━━━━━━━━━[0m [1m18s[0m 2s/step - accuracy: 0.9194 - auc: 0.9609 - f2_macro: 0.9191 - f2_plaga: 0.9211 - loss: 0.2936 - precision: 0.8386 - recall: 0.9399 - recall_plaga: 0.9104
[1m 6/17[0m [32m━━━━━━━[0m[37m━━━━━━━━━━━━━[0m [1m16s[0m 2s/step - accuracy: 0.9172 - auc: 0.9597 - f2_macro: 0.9166 - f2_plaga: 0.9196 - loss: 0.2980 - precision: 0.8385 - recall: 0.9352 - recall_plaga: 0.9092
[1m 7/17[0m [32m━━━━━━━━[0m[37m━━━━━━━━━━━━[0m [1m14s[0m 1s/step - accuracy: 0.9143 - auc: 0.9586 - f2_macro: 0.9133 - f2_plaga: 0.9175 - loss: 0.3019 - precision: 0.8337 - recall: 0.9307 - recall_plaga: 0.9070
[1m 8/17[0m [32m━━━━━━━━━[0m[37m━━━━━━━━━━━[0m [1m13s[0m 1s/step - accuracy: 0.9094 - auc: 0.9563 - f2_macro: 0.9079 - f2_plaga: 0.9134 - loss: 0.3088 - precision: 0.8255 - recall: 0.9243 - recall_plaga: 0.9027
[1m 9/17[0m [32m━━━━━━━━━━[0m[37m━━━━━━━━━━[0m [1m11s[0m 1s/step - accuracy: 0.9048 - auc: 0.9538 - f2_macro: 0.9028 - f2_plaga: 0.9097 - loss: 0.3159 - precision: 0.8194 - recall: 0.9179 - recall_plaga: 0.8990
[1m10/17[0m [32m━━━━━━━━━━━[0m[37m━━━━━━━━━[0m [1m10s[0m 1s/step - accuracy: 0.8994 - auc: 0.9503 - f2_macro: 0.8971 - f2_plaga: 0.9047 - loss: 0.3248 - precision: 0.8111 - recall: 0.9121 - recall_plaga: 0.8936
[1m11/17[0m [32m━━━━━━━━━━━━[0m[37m━━━━━━━━[0m [1m8s[0m 1s/step - accuracy: 0.8946 - auc: 0.9469 - f2_macro: 0.8923 - f2_plaga: 0.9000 - loss: 0.3325 - precision: 0.8028 - recall: 0.9082 - recall_plaga: 0.8883 
[1m12/17[0m [32m━━━━━━━━━━━━━━[0m[37m━━━━━━[0m [1m7s[0m 1s/step - accuracy: 0.8908 - auc: 0.9443 - f2_macro: 0.8884 - f2_plaga: 0.8964 - loss: 0.3385 - precision: 0.7964 - recall: 0.9046 - recall_plaga: 0.8844
[1m13/17[0m [32m━━━━━━━━━━━━━━━[0m[37m━━━━━[0m [1m5s[0m 1s/step - accuracy: 0.8879 - auc: 0.9423 - f2_macro: 0.8854 - f2_plaga: 0.8936 - loss: 0.3432 - precision: 0.7919 - recall: 0.9020 - recall_plaga: 0.8813
[1m14/17[0m [32m━━━━━━━━━━━━━━━━[0m[37m━━━━[0m [1m4s[0m 1s/step - accuracy: 0.8854 - auc: 0.9405 - f2_macro: 0.8829 - f2_plaga: 0.8911 - loss: 0.3474 - precision: 0.7879 - recall: 0.8999 - recall_plaga: 0.8786
[1m15/17[0m [32m━━━━━━━━━━━━━━━━━[0m[37m━━━[0m [1m2s[0m 1s/step - accuracy: 0.8831 - auc: 0.9389 - f2_macro: 0.8806 - f2_plaga: 0.8890 - loss: 0.3512 - precision: 0.7839 - recall: 0.8981 - recall_plaga: 0.8762
[1m16/17[0m [32m━━━━━━━━━━━━━━━━━━[0m[37m━━[0m [1m1s[0m 1s/step - accuracy: 0.8815 - auc: 0.9377 - f2_macro: 0.8790 - f2_plaga: 0.8874 - loss: 0.3540 - precision: 0.7806 - recall: 0.8968 - recall_plaga: 0.8744
[1m17/17[0m [32m━━━━━━━━━━━━━━━━━━━━[0m[37m[0m [1m0s[0m 1s/step - accuracy: 0.8799 - auc: 0.9365 - f2_macro: 0.8773 - f2_plaga: 0.8857 - loss: 0.3568 - precision: 0.7774 - recall: 0.8957 - recall_plaga: 0.8724
Epoch 58: val_f2_macro improved from 0.86194 to 0.87804, saving model to C:\workspace\hd-image-pest-detection-cnn-and-rf\best_models\best_model_final_MULTIESPECTRAL_binary_crossentropy.keras

[1m17/17[0m [32m━━━━━━━━━━━━━━━━━━━━[0m[37m[0m [1m26s[0m 2s/step - accuracy: 0.8534 - auc: 0.9175 - f2_macro: 0.8507 - f2_plaga: 0.8588 - loss: 0.4011 - precision: 0.7260 - recall: 0.8779 - recall_plaga: 0.8417 - val_accuracy: 0.8647 - val_auc: 0.9273 - val_f2_macro: 0.8780 - val_f2_plaga: 0.8333 - val_loss: 0.3405 - val_precision: 0.7049 - val_recall: 1.0000 - val_recall_plaga: 0.8000 - learning_rate: 1.2500e-05
Epoch 59/80

[1m 1/17[0m [32m━[0m[37m━━━━━━━━━━━━━━━━━━━[0m [1m24s[0m 2s/step - accuracy: 0.9375 - auc: 0.9818 - f2_macro: 0.9437 - f2_plaga: 0.9259 - loss: 0.2653 - precision: 0.8333 - recall: 1.0000 - recall_plaga: 0.9091
[1m 2/17[0m [32m━━[0m[37m━━━━━━━━━━━━━━━━━━[0m [1m21s[0m 1s/step - accuracy: 0.9297 - auc: 0.9783 - f2_macro: 0.9323 - f2_plaga: 0.9247 - loss: 0.2693 - precision: 0.8258 - recall: 0.9737 - recall_plaga: 0.9101
[1m 3/17[0m [32m━━━[0m[37m━━━━━━━━━━━━━━━━━[0m [1m20s[0m 1s/step - accuracy: 0.9253 - auc: 0.9759 - f2_macro: 0.9271 - f2_plaga: 0.9219 - loss: 0.2800 - precision: 0.8298 - recall: 0.9623 - recall_plaga: 0.9083
[1m 4/17[0m [32m━━━━[0m[37m━━━━━━━━━━━━━━━━[0m [1m18s[0m 1s/step - accuracy: 0.9225 - auc: 0.9749 - f2_macro: 0.9224 - f2_plaga: 0.9237 - loss: 0.2876 - precision: 0.8404 - recall: 0.9445 - recall_plaga: 0.9129
[1m 5/17[0m [32m━━━━━[0m[37m━━━━━━━━━━━━━━━[0m [1m17s[0m 1s/step - accuracy: 0.9218 - auc: 0.9730 - f2_macro: 0.9210 - f2_plaga: 0.9245 - loss: 0.2923 - precision: 0.8457 - recall: 0.9381 - recall_plaga: 0.9148
[1m 6/17[0m [32m━━━━━━━[0m[37m━━━━━━━━━━━━━[0m [1m15s[0m 1s/step - accuracy: 0.9192 - auc: 0.9693 - f2_macro: 0.9182 - f2_plaga: 0.9224 - loss: 0.2990 - precision: 0.8444 - recall: 0.9337 - recall_plaga: 0.9129
[1m 7/17[0m [32m━━━━━━━━[0m[37m━━━━━━━━━━━━[0m [1m14s[0m 1s/step - accuracy: 0.9167 - auc: 0.9658 - f2_macro: 0.9155 - f2_plaga: 0.9201 - loss: 0.3049 - precision: 0.8391 - recall: 0.9314 - recall_plaga: 0.9102
[1m 8/17[0m [32m━━━━━━━━━[0m[37m━━━━━━━━━━━[0m [1m13s[0m 1s/step - accuracy: 0.9134 - auc: 0.9622 - f2_macro: 0.9120 - f2_plaga: 0.9172 - loss: 0.3117 - precision: 0.8329 - recall: 0.9279 - recall_plaga: 0.9070
[1m 9/17[0m [32m━━━━━━━━━━[0m[37m━━━━━━━━━━[0m [1m11s[0m 1s/step - accuracy: 0.9099 - auc: 0.9589 - f2_macro: 0.9082 - f2_plaga: 0.9143 - loss: 0.3186 - precision: 0.8280 - recall: 0.9233 - recall_plaga: 0.9039
[1m10/17[0m [32m━━━━━━━━━━━[0m[37m━━━━━━━━━[0m [1m10s[0m 1s/step - accuracy: 0.9055 - auc: 0.9552 - f2_macro: 0.9036 - f2_plaga: 0.9101 - loss: 0.3268 - precision: 0.8210 - recall: 0.9189 - recall_plaga: 0.8995
[1m11/17[0m [32m━━━━━━━━━━━━[0m[37m━━━━━━━━[0m [1m8s[0m 1s/step - accuracy: 0.9014 - auc: 0.9515 - f2_macro: 0.8996 - f2_plaga: 0.9060 - loss: 0.3339 - precision: 0.8136 - recall: 0.9160 - recall_plaga: 0.8948 
[1m12/17[0m [32m━━━━━━━━━━━━━━[0m[37m━━━━━━[0m [1m7s[0m 1s/step - accuracy: 0.8982 - auc: 0.9488 - f2_macro: 0.8962 - f2_plaga: 0.9029 - loss: 0.3394 - precision: 0.8078 - recall: 0.9130 - recall_plaga: 0.8913
[1m13/17[0m [32m━━━━━━━━━━━━━━━[0m[37m━━━━━[0m [1m5s[0m 1s/step - accuracy: 0.8954 - auc: 0.9468 - f2_macro: 0.8934 - f2_plaga: 0.9003 - loss: 0.3435 - precision: 0.8036 - recall: 0.9103 - recall_plaga: 0.8885
[1m14/17[0m [32m━━━━━━━━━━━━━━━━[0m[37m━━━━[0m [1m4s[0m 1s/step - accuracy: 0.8929 - auc: 0.9448 - f2_macro: 0.8908 - f2_plaga: 0.8978 - loss: 0.3475 - precision: 0.7995 - recall: 0.9082 - recall_plaga: 0.8857
[1m15/17[0m [32m━━━━━━━━━━━━━━━━━[0m[37m━━━[0m [1m2s[0m 1s/step - accuracy: 0.8906 - auc: 0.9431 - f2_macro: 0.8884 - f2_plaga: 0.8956 - loss: 0.3511 - precision: 0.7953 - recall: 0.9062 - recall_plaga: 0.8832
[1m16/17[0m [32m━━━━━━━━━━━━━━━━━━[0m[37m━━[0m [1m1s[0m 1s/step - accuracy: 0.8889 - auc: 0.9416 - f2_macro: 0.8867 - f2_plaga: 0.8939 - loss: 0.3538 - precision: 0.7919 - recall: 0.9048 - recall_plaga: 0.8814
[1m17/17[0m [32m━━━━━━━━━━━━━━━━━━━━[0m[37m[0m [1m0s[0m 1s/step - accuracy: 0.8871 - auc: 0.9404 - f2_macro: 0.8849 - f2_plaga: 0.8922 - loss: 0.3565 - precision: 0.7885 - recall: 0.9036 - recall_plaga: 0.8793
Epoch 59: val_f2_macro did not improve from 0.87804

[1m17/17[0m [32m━━━━━━━━━━━━━━━━━━━━[0m[37m[0m [1m26s[0m 1s/step - accuracy: 0.8590 - auc: 0.9201 - f2_macro: 0.8566 - f2_plaga: 0.8640 - loss: 0.3991 - precision: 0.7343 - recall: 0.8837 - recall_plaga: 0.8472 - val_accuracy: 0.8496 - val_auc: 0.9253 - val_f2_macro: 0.8519 - val_f2_plaga: 0.8447 - val_loss: 0.3010 - val_precision: 0.7091 - val_recall: 0.9070 - val_recall_plaga: 0.8222 - learning_rate: 1.2500e-05
Epoch 60/80

[1m 1/17[0m [32m━[0m[37m━━━━━━━━━━━━━━━━━━━[0m [1m23s[0m 1s/step - accuracy: 0.9375 - auc: 0.9909 - f2_macro: 0.9437 - f2_plaga: 0.9259 - loss: 0.2406 - precision: 0.8333 - recall: 1.0000 - recall_plaga: 0.9091
[1m 2/17[0m [32m━━[0m[37m━━━━━━━━━━━━━━━━━━[0m [1m21s[0m 1s/step - accuracy: 0.9297 - auc: 0.9811 - f2_macro: 0.9323 - f2_plaga: 0.9247 - loss: 0.2660 - precision: 0.8258 - recall: 0.9737 - recall_plaga: 0.9101
[1m 3/17[0m [32m━━━[0m[37m━━━━━━━━━━━━━━━━━[0m [1m20s[0m 1s/step - accuracy: 0.9219 - auc: 0.9766 - f2_macro: 0.9226 - f2_plaga: 0.9209 - loss: 0.2836 - precision: 0.8283 - recall: 0.9522 - recall_plaga: 0.9083
[1m 4/17[0m [32m━━━━[0m[37m━━━━━━━━━━━━━━━━[0m [1m20s[0m 2s/step - accuracy: 0.9180 - auc: 0.9760 - f2_macro: 0.9165 - f2_plaga: 0.9224 - loss: 0.2918 - precision: 0.8386 - recall: 0.9315 - recall_plaga: 0.9129
[1m 5/17[0m [32m━━━━━[0m[37m━━━━━━━━━━━━━━━[0m [1m18s[0m 2s/step - accuracy: 0.9169 - auc: 0.9757 - f2_macro: 0.9146 - f2_plaga: 0.9231 - loss: 0.2950 - precision: 0.8438 - recall: 0.9242 - recall_plaga: 0.9148
[1m 6/17[0m [32m━━━━━━━[0m[37m━━━━━━━━━━━━━[0m [1m16s[0m 2s/step - accuracy: 0.9134 - auc: 0.9732 - f2_macro: 0.9106 - f2_plaga: 0.9208 - loss: 0.3011 - precision: 0.8420 - recall: 0.9172 - recall_plaga: 0.9129
[1m 7/17[0m [32m━━━━━━━━[0m[37m━━━━━━━━━━━━[0m [1m15s[0m 2s/step - accuracy: 0.9092 - auc: 0.9708 - f2_macro: 0.9059 - f2_plaga: 0.9174 - loss: 0.3065 - precision: 0.8346 - recall: 0.9114 - recall_plaga: 0.9093
[1m 8/17[0m [32m━━━━━━━━━[0m[37m━━━━━━━━━━━[0m [1m13s[0m 1s/step - accuracy: 0.9039 - auc: 0.9679 - f2_macro: 0.9003 - f2_plaga: 0.9126 - loss: 0.3131 - precision: 0.8250 - recall: 0.9059 - recall_plaga: 0.9040
[1m 9/17[0m [32m━━━━━━━━━━[0m[37m━━━━━━━━━━[0m [1m11s[0m 1s/step - accuracy: 0.8992 - auc: 0.9652 - f2_macro: 0.8953 - f2_plaga: 0.9084 - loss: 0.3199 - precision: 0.8180 - recall: 0.9003 - recall_plaga: 0.8995
[1m10/17[0m [32m━━━━━━━━━━━[0m[37m━━━━━━━━━[0m [1m10s[0m 1s/step - accuracy: 0.8939 - auc: 0.9622 - f2_macro: 0.8899 - f2_plaga: 0.9034 - loss: 0.3275 - precision: 0.8096 - recall: 0.8953 - recall_plaga: 0.8941
[1m11/17[0m [32m━━━━━━━━━━━━[0m[37m━━━━━━━━[0m [1m8s[0m 1s/step - accuracy: 0.8896 - auc: 0.9589 - f2_macro: 0.8856 - f2_plaga: 0.8991 - loss: 0.3342 - precision: 0.8016 - recall: 0.8922 - recall_plaga: 0.8891 
[1m12/17[0m [32m━━━━━━━━━━━━━━[0m[37m━━━━━━[0m [1m7s[0m 1s/step - accuracy: 0.8860 - auc: 0.9563 - f2_macro: 0.8818 - f2_plaga: 0.8957 - loss: 0.3398 - precision: 0.7955 - recall: 0.8886 - recall_plaga: 0.8854
[1m13/17[0m [32m━━━━━━━━━━━━━━━[0m[37m━━━━━[0m [1m5s[0m 1s/step - accuracy: 0.8831 - auc: 0.9541 - f2_macro: 0.8788 - f2_plaga: 0.8931 - loss: 0.3443 - precision: 0.7910 - recall: 0.8856 - recall_plaga: 0.8826
[1m14/17[0m [32m━━━━━━━━━━━━━━━━[0m[37m━━━━[0m [1m4s[0m 1s/step - accuracy: 0.8806 - auc: 0.9519 - f2_macro: 0.8762 - f2_plaga: 0.8907 - loss: 0.3484 - precision: 0.7871 - recall: 0.8833 - recall_plaga: 0.8800
[1m15/17[0m [32m━━━━━━━━━━━━━━━━━[0m[37m━━━[0m [1m2s[0m 1s/step - accuracy: 0.8783 - auc: 0.9499 - f2_macro: 0.8738 - f2_plaga: 0.8885 - loss: 0.3522 - precision: 0.7828 - recall: 0.8812 - recall_plaga: 0.8775
[1m16/17[0m [32m━━━━━━━━━━━━━━━━━━[0m[37m━━[0m [1m1s[0m 1s/step - accuracy: 0.8767 - auc: 0.9483 - f2_macro: 0.8721 - f2_plaga: 0.8868 - loss: 0.3551 - precision: 0.7794 - recall: 0.8799 - recall_plaga: 0.8756
[1m17/17[0m [32m━━━━━━━━━━━━━━━━━━━━[0m[37m[0m [1m0s[0m 1s/step - accuracy: 0.8750 - auc: 0.9468 - f2_macro: 0.8704 - f2_plaga: 0.8851 - loss: 0.3580 - precision: 0.7760 - recall: 0.8788 - recall_plaga: 0.8736
Epoch 60: val_f2_macro did not improve from 0.87804

[1m17/17[0m [32m━━━━━━━━━━━━━━━━━━━━[0m[37m[0m [1m26s[0m 2s/step - accuracy: 0.8477 - auc: 0.9232 - f2_macro: 0.8430 - f2_plaga: 0.8574 - loss: 0.4038 - precision: 0.7220 - recall: 0.8605 - recall_plaga: 0.8417 - val_accuracy: 0.8496 - val_auc: 0.9249 - val_f2_macro: 0.8553 - val_f2_plaga: 0.8372 - val_loss: 0.3143 - val_precision: 0.7018 - val_recall: 0.9302 - val_recall_plaga: 0.8111 - learning_rate: 1.2500e-05
Epoch 61/80

[1m 1/17[0m [32m━[0m[37m━━━━━━━━━━━━━━━━━━━[0m [1m23s[0m 1s/step - accuracy: 0.9375 - auc: 0.9727 - f2_macro: 0.9437 - f2_plaga: 0.9259 - loss: 0.2844 - precision: 0.8333 - recall: 1.0000 - recall_plaga: 0.9091
[1m 2/17[0m [32m━━[0m[37m━━━━━━━━━━━━━━━━━━[0m [1m22s[0m 2s/step - accuracy: 0.9297 - auc: 0.9709 - f2_macro: 0.9323 - f2_plaga: 0.9247 - loss: 0.2904 - precision: 0.8258 - recall: 0.9737 - recall_plaga: 0.9101
[1m 3/17[0m [32m━━━[0m[37m━━━━━━━━━━━━━━━━━[0m [1m21s[0m 2s/step - accuracy: 0.9219 - auc: 0.9683 - f2_macro: 0.9240 - f2_plaga: 0.9175 - loss: 0.3003 - precision: 0.8224 - recall: 0.9623 - recall_plaga: 0.9030
[1m 4/17[0m [32m━━━━[0m[37m━━━━━━━━━━━━━━━━[0m [1m19s[0m 2s/step - accuracy: 0.9199 - auc: 0.9679 - f2_macro: 0.9209 - f2_plaga: 0.9185 - loss: 0.3017 - precision: 0.8311 - recall: 0.9500 - recall_plaga: 0.9059
[1m 5/17[0m [32m━━━━━[0m[37m━━━━━━━━━━━━━━━[0m [1m18s[0m 2s/step - accuracy: 0.9184 - auc: 0.9677 - f2_macro: 0.9191 - f2_plaga: 0.9175 - loss: 0.3025 - precision: 0.8331 - recall: 0.9459 - recall_plaga: 0.9053
[1m 6/17[0m [32m━━━━━━━[0m[37m━━━━━━━━━━━━━[0m [1m16s[0m 1s/step - accuracy: 0.9147 - auc: 0.9668 - f2_macro: 0.9151 - f2_plaga: 0.9144 - loss: 0.3063 - precision: 0.8303 - recall: 0.9402 - recall_plaga: 0.9023
[1m 7/17[0m [32m━━━━━━━━[0m[37m━━━━━━━━━━━━[0m [1m14s[0m 1s/step - accuracy: 0.9116 - auc: 0.9646 - f2_macro: 0.9117 - f2_plaga: 0.9116 - loss: 0.3104 - precision: 0.8242 - recall: 0.9370 - recall_plaga: 0.8992
[1m 8/17[0m [32m━━━━━━━━━[0m[37m━━━━━━━━━━━[0m [1m13s[0m 1s/step - accuracy: 0.9084 - auc: 0.9618 - f2_macro: 0.9085 - f2_plaga: 0.9087 - loss: 0.3160 - precision: 0.8182 - recall: 0.9344 - recall_plaga: 0.8959
[1m 9/17[0m [32m━━━━━━━━━━[0m[37m━━━━━━━━━━[0m [1m11s[0m 1s/step - accuracy: 0.9055 - auc: 0.9592 - f2_macro: 0.9055 - f2_plaga: 0.9059 - loss: 0.3218 - precision: 0.8138 - recall: 0.9313 - recall_plaga: 0.8929
[1m10/17[0m [32m━━━━━━━━━━━[0m[37m━━━━━━━━━[0m [1m10s[0m 1s/step - accuracy: 0.9015 - auc: 0.9555 - f2_macro: 0.9014 - f2_plaga: 0.9020 - loss: 0.3295 - precision: 0.8074 - recall: 0.9279 - recall_plaga: 0.8886
[1m11/17[0m [32m━━━━━━━━━━━━[0m[37m━━━━━━━━[0m [1m8s[0m 1s/step - accuracy: 0.8978 - auc: 0.9518 - f2_macro: 0.8978 - f2_plaga: 0.8981 - loss: 0.3365 - precision: 0.8006 - recall: 0.9258 - recall_plaga: 0.8842 
[1m12/17[0m [32m━━━━━━━━━━━━━━[0m[37m━━━━━━[0m [1m7s[0m 1s/step - accuracy: 0.8946 - auc: 0.9489 - f2_macro: 0.8945 - f2_plaga: 0.8952 - loss: 0.3423 - precision: 0.7953 - recall: 0.9227 - recall_plaga: 0.8809
[1m13/17[0m [32m━━━━━━━━━━━━━━━[0m[37m━━━━━[0m [1m5s[0m 1s/step - accuracy: 0.8920 - auc: 0.9466 - f2_macro: 0.8917 - f2_plaga: 0.8928 - loss: 0.3468 - precision: 0.7914 - recall: 0.9198 - recall_plaga: 0.8784
[1m14/17[0m [32m━━━━━━━━━━━━━━━━[0m[37m━━━━[0m [1m4s[0m 1s/step - accuracy: 0.8897 - auc: 0.9445 - f2_macro: 0.8893 - f2_plaga: 0.8906 - loss: 0.3510 - precision: 0.7880 - recall: 0.9174 - recall_plaga: 0.8761
[1m15/17[0m [32m━━━━━━━━━━━━━━━━━[0m[37m━━━[0m [1m2s[0m 1s/step - accuracy: 0.8876 - auc: 0.9425 - f2_macro: 0.8871 - f2_plaga: 0.8888 - loss: 0.3547 - precision: 0.7844 - recall: 0.9152 - recall_plaga: 0.8740
[1m16/17[0m [32m━━━━━━━━━━━━━━━━━━[0m[37m━━[0m [1m1s[0m 1s/step - accuracy: 0.8861 - auc: 0.9410 - f2_macro: 0.8855 - f2_plaga: 0.8874 - loss: 0.3575 - precision: 0.7815 - recall: 0.9137 - recall_plaga: 0.8725
[1m17/17[0m [32m━━━━━━━━━━━━━━━━━━━━[0m[37m[0m [1m0s[0m 1s/step - accuracy: 0.8846 - auc: 0.9395 - f2_macro: 0.8840 - f2_plaga: 0.8861 - loss: 0.3601 - precision: 0.7788 - recall: 0.9123 - recall_plaga: 0.8711
Epoch 61: val_f2_macro did not improve from 0.87804

[1m17/17[0m [32m━━━━━━━━━━━━━━━━━━━━[0m[37m[0m [1m26s[0m 2s/step - accuracy: 0.8609 - auc: 0.9170 - f2_macro: 0.8592 - f2_plaga: 0.8645 - loss: 0.4033 - precision: 0.7356 - recall: 0.8895 - recall_plaga: 0.8472 - val_accuracy: 0.8496 - val_auc: 0.9266 - val_f2_macro: 0.8519 - val_f2_plaga: 0.8447 - val_loss: 0.2985 - val_precision: 0.7091 - val_recall: 0.9070 - val_recall_plaga: 0.8222 - learning_rate: 1.2500e-05
Epoch 62/80

[1m 1/17[0m [32m━[0m[37m━━━━━━━━━━━━━━━━━━━[0m [1m23s[0m 1s/step - accuracy: 0.9375 - auc: 0.9727 - f2_macro: 0.9437 - f2_plaga: 0.9259 - loss: 0.2698 - precision: 0.8333 - recall: 1.0000 - recall_plaga: 0.9091
[1m 2/17[0m [32m━━[0m[37m━━━━━━━━━━━━━━━━━━[0m [1m22s[0m 1s/step - accuracy: 0.9219 - auc: 0.9633 - f2_macro: 0.9254 - f2_plaga: 0.9155 - loss: 0.2873 - precision: 0.8080 - recall: 0.9737 - recall_plaga: 0.8990
[1m 3/17[0m [32m━━━[0m[37m━━━━━━━━━━━━━━━━━[0m [1m20s[0m 1s/step - accuracy: 0.9132 - auc: 0.9623 - f2_macro: 0.9163 - f2_plaga: 0.9070 - loss: 0.2969 - precision: 0.8036 - recall: 0.9623 - recall_plaga: 0.8903
[1m 4/17[0m [32m━━━━[0m[37m━━━━━━━━━━━━━━━━[0m [1m18s[0m 1s/step - accuracy: 0.9095 - auc: 0.9632 - f2_macro: 0.9109 - f2_plaga: 0.9075 - loss: 0.2998 - precision: 0.8119 - recall: 0.9445 - recall_plaga: 0.8934
[1m 5/17[0m [32m━━━━━[0m[37m━━━━━━━━━━━━━━━[0m [1m17s[0m 1s/step - accuracy: 0.9089 - auc: 0.9632 - f2_macro: 0.9095 - f2_plaga: 0.9083 - loss: 0.3008 - precision: 0.8173 - recall: 0.9381 - recall_plaga: 0.8953
[1m 6/17[0m [32m━━━━━━━[0m[37m━━━━━━━━━━━━━[0m [1m16s[0m 2s/step - accuracy: 0.9049 - auc: 0.9617 - f2_macro: 0.9048 - f2_plaga: 0.9062 - loss: 0.3059 - precision: 0.8162 - recall: 0.9288 - recall_plaga: 0.8939
[1m 7/17[0m [32m━━━━━━━━[0m[37m━━━━━━━━━━━━[0m [1m15s[0m 2s/step - accuracy: 0.9013 - auc: 0.9599 - f2_macro: 0.9004 - f2_plaga: 0.9041 - loss: 0.3112 - precision: 0.8111 - recall: 0.9213 - recall_plaga: 0.8920
[1m 8/17[0m [32m━━━━━━━━━[0m[37m━━━━━━━━━━━[0m [1m13s[0m 1s/step - accuracy: 0.8970 - auc: 0.9572 - f2_macro: 0.8955 - f2_plaga: 0.9010 - loss: 0.3182 - precision: 0.8044 - recall: 0.9146 - recall_plaga: 0.8889
[1m 9/17[0m [32m━━━━━━━━━━[0m[37m━━━━━━━━━━[0m [1m11s[0m 1s/step - accuracy: 0.8934 - auc: 0.9545 - f2_macro: 0.8915 - f2_plaga: 0.8982 - loss: 0.3253 - precision: 0.7999 - recall: 0.9092 - recall_plaga: 0.8861
[1m10/17[0m [32m━━━━━━━━━━━[0m[37m━━━━━━━━━[0m [1m10s[0m 1s/step - accuracy: 0.8891 - auc: 0.9507 - f2_macro: 0.8869 - f2_plaga: 0.8944 - loss: 0.3335 - precision: 0.7935 - recall: 0.9043 - recall_plaga: 0.8820
[1m11/17[0m [32m━━━━━━━━━━━━[0m[37m━━━━━━━━[0m [1m8s[0m 1s/step - accuracy: 0.8855 - auc: 0.9472 - f2_macro: 0.8832 - f2_plaga: 0.8909 - loss: 0.3404 - precision: 0.7872 - recall: 0.9011 - recall_plaga: 0.8782 
[1m12/17[0m [32m━━━━━━━━━━━━━━[0m[37m━━━━━━[0m [1m7s[0m 1s/step - accuracy: 0.8824 - auc: 0.9446 - f2_macro: 0.8799 - f2_plaga: 0.8883 - loss: 0.3460 - precision: 0.7825 - recall: 0.8974 - recall_plaga: 0.8754
[1m13/17[0m [32m━━━━━━━━━━━━━━━[0m[37m━━━━━[0m [1m5s[0m 1s/step - accuracy: 0.8800 - auc: 0.9426 - f2_macro: 0.8773 - f2_plaga: 0.8863 - loss: 0.3503 - precision: 0.7791 - recall: 0.8943 - recall_plaga: 0.8733
[1m14/17[0m [32m━━━━━━━━━━━━━━━━[0m[37m━━━━[0m [1m4s[0m 1s/step - accuracy: 0.8777 - auc: 0.9405 - f2_macro: 0.8749 - f2_plaga: 0.8844 - loss: 0.3545 - precision: 0.7760 - recall: 0.8913 - recall_plaga: 0.8713
[1m15/17[0m [32m━━━━━━━━━━━━━━━━━[0m[37m━━━[0m [1m2s[0m 1s/step - accuracy: 0.8758 - auc: 0.9385 - f2_macro: 0.8727 - f2_plaga: 0.8827 - loss: 0.3583 - precision: 0.7727 - recall: 0.8888 - recall_plaga: 0.8696
[1m16/17[0m [32m━━━━━━━━━━━━━━━━━━[0m[37m━━[0m [1m1s[0m 1s/step - accuracy: 0.8745 - auc: 0.9370 - f2_macro: 0.8712 - f2_plaga: 0.8818 - loss: 0.3611 - precision: 0.7704 - recall: 0.8870 - recall_plaga: 0.8686
[1m17/17[0m [32m━━━━━━━━━━━━━━━━━━━━[0m[37m[0m [1m0s[0m 1s/step - accuracy: 0.8733 - auc: 0.9356 - f2_macro: 0.8699 - f2_plaga: 0.8807 - loss: 0.3639 - precision: 0.7682 - recall: 0.8854 - recall_plaga: 0.8675
Epoch 62: val_f2_macro did not improve from 0.87804

[1m17/17[0m [32m━━━━━━━━━━━━━━━━━━━━[0m[37m[0m [1m25s[0m 1s/step - accuracy: 0.8534 - auc: 0.9137 - f2_macro: 0.8479 - f2_plaga: 0.8644 - loss: 0.4073 - precision: 0.7327 - recall: 0.8605 - recall_plaga: 0.8500 - val_accuracy: 0.8421 - val_auc: 0.9249 - val_f2_macro: 0.8418 - val_f2_plaga: 0.8428 - val_loss: 0.2950 - val_precision: 0.7037 - val_recall: 0.8837 - val_recall_plaga: 0.8222 - learning_rate: 1.2500e-05
Epoch 63/80

[1m 1/17[0m [32m━[0m[37m━━━━━━━━━━━━━━━━━━━[0m [1m27s[0m 2s/step - accuracy: 0.9375 - auc: 0.9909 - f2_macro: 0.9437 - f2_plaga: 0.9259 - loss: 0.2501 - precision: 0.8333 - recall: 1.0000 - recall_plaga: 0.9091
[1m 2/17[0m [32m━━[0m[37m━━━━━━━━━━━━━━━━━━[0m [1m22s[0m 2s/step - accuracy: 0.9297 - auc: 0.9694 - f2_macro: 0.9323 - f2_plaga: 0.9247 - loss: 0.2832 - precision: 0.8258 - recall: 0.9737 - recall_plaga: 0.9101
[1m 3/17[0m [32m━━━[0m[37m━━━━━━━━━━━━━━━━━[0m [1m20s[0m 1s/step - accuracy: 0.9253 - auc: 0.9654 - f2_macro: 0.9271 - f2_plaga: 0.9219 - loss: 0.2961 - precision: 0.8298 - recall: 0.9623 - recall_plaga: 0.9083
[1m 4/17[0m [32m━━━━[0m[37m━━━━━━━━━━━━━━━━[0m [1m18s[0m 1s/step - accuracy: 0.9225 - auc: 0.9652 - f2_macro: 0.9224 - f2_plaga: 0.9237 - loss: 0.3017 - precision: 0.8404 - recall: 0.9445 - recall_plaga: 0.9129
[1m 5/17[0m [32m━━━━━[0m[37m━━━━━━━━━━━━━━━[0m [1m17s[0m 1s/step - accuracy: 0.9218 - auc: 0.9647 - f2_macro: 0.9210 - f2_plaga: 0.9245 - loss: 0.3038 - precision: 0.8457 - recall: 0.9381 - recall_plaga: 0.9148
[1m 6/17[0m [32m━━━━━━━[0m[37m━━━━━━━━━━━━━[0m [1m16s[0m 1s/step - accuracy: 0.9201 - auc: 0.9629 - f2_macro: 0.9193 - f2_plaga: 0.9227 - loss: 0.3082 - precision: 0.8447 - recall: 0.9361 - recall_plaga: 0.9129
[1m 7/17[0m [32m━━━━━━━━[0m[37m━━━━━━━━━━━━[0m [1m14s[0m 1s/step - accuracy: 0.9174 - auc: 0.9609 - f2_macro: 0.9165 - f2_plaga: 0.9203 - loss: 0.3127 - precision: 0.8394 - recall: 0.9335 - recall_plaga: 0.9102
[1m 8/17[0m [32m━━━━━━━━━[0m[37m━━━━━━━━━━━[0m [1m13s[0m 1s/step - accuracy: 0.9141 - auc: 0.9579 - f2_macro: 0.9129 - f2_plaga: 0.9174 - loss: 0.3192 - precision: 0.8331 - recall: 0.9298 - recall_plaga: 0.9070
[1m 9/17[0m [32m━━━━━━━━━━[0m[37m━━━━━━━━━━[0m [1m11s[0m 1s/step - accuracy: 0.9101 - auc: 0.9554 - f2_macro: 0.9085 - f2_plaga: 0.9143 - loss: 0.3254 - precision: 0.8280 - recall: 0.9238 - recall_plaga: 0.9039
[1m10/17[0m [32m━━━━━━━━━━━[0m[37m━━━━━━━━━[0m [1m10s[0m 1s/step - accuracy: 0.9054 - auc: 0.9526 - f2_macro: 0.9034 - f2_plaga: 0.9101 - loss: 0.3327 - precision: 0.8208 - recall: 0.9184 - recall_plaga: 0.8995
[1m11/17[0m [32m━━━━━━━━━━━━[0m[37m━━━━━━━━[0m [1m8s[0m 1s/step - accuracy: 0.9011 - auc: 0.9499 - f2_macro: 0.8990 - f2_plaga: 0.9059 - loss: 0.3387 - precision: 0.8132 - recall: 0.9147 - recall_plaga: 0.8948 
[1m12/17[0m [32m━━━━━━━━━━━━━━[0m[37m━━━━━━[0m [1m7s[0m 1s/step - accuracy: 0.8974 - auc: 0.9478 - f2_macro: 0.8951 - f2_plaga: 0.9027 - loss: 0.3436 - precision: 0.8072 - recall: 0.9106 - recall_plaga: 0.8913
[1m13/17[0m [32m━━━━━━━━━━━━━━━[0m[37m━━━━━[0m [1m5s[0m 1s/step - accuracy: 0.8944 - auc: 0.9461 - f2_macro: 0.8919 - f2_plaga: 0.9001 - loss: 0.3476 - precision: 0.8028 - recall: 0.9069 - recall_plaga: 0.8885
[1m14/17[0m [32m━━━━━━━━━━━━━━━━[0m[37m━━━━[0m [1m4s[0m 1s/step - accuracy: 0.8917 - auc: 0.9445 - f2_macro: 0.8891 - f2_plaga: 0.8977 - loss: 0.3512 - precision: 0.7989 - recall: 0.9041 - recall_plaga: 0.8859
[1m15/17[0m [32m━━━━━━━━━━━━━━━━━[0m[37m━━━[0m [1m2s[0m 1s/step - accuracy: 0.8895 - auc: 0.9432 - f2_macro: 0.8868 - f2_plaga: 0.8956 - loss: 0.3542 - precision: 0.7949 - recall: 0.9019 - recall_plaga: 0.8837
[1m16/17[0m [32m━━━━━━━━━━━━━━━━━━[0m[37m━━[0m [1m1s[0m 1s/step - accuracy: 0.8878 - auc: 0.9422 - f2_macro: 0.8851 - f2_plaga: 0.8941 - loss: 0.3564 - precision: 0.7917 - recall: 0.9005 - recall_plaga: 0.8819
[1m17/17[0m [32m━━━━━━━━━━━━━━━━━━━━[0m[37m[0m [1m0s[0m 1s/step - accuracy: 0.8861 - auc: 0.9413 - f2_macro: 0.8834 - f2_plaga: 0.8924 - loss: 0.3586 - precision: 0.7884 - recall: 0.8991 - recall_plaga: 0.8801
Epoch 63: val_f2_macro did not improve from 0.87804

[1m17/17[0m [32m━━━━━━━━━━━━━━━━━━━━[0m[37m[0m [1m26s[0m 2s/step - accuracy: 0.8590 - auc: 0.9271 - f2_macro: 0.8557 - f2_plaga: 0.8659 - loss: 0.3936 - precision: 0.7366 - recall: 0.8779 - recall_plaga: 0.8500 - val_accuracy: 0.8421 - val_auc: 0.9257 - val_f2_macro: 0.8381 - val_f2_plaga: 0.8503 - val_loss: 0.2929 - val_precision: 0.7115 - val_recall: 0.8605 - val_recall_plaga: 0.8333 - learning_rate: 1.2500e-05
Epoch 64/80

[1m 1/17[0m [32m━[0m[37m━━━━━━━━━━━━━━━━━━━[0m [1m23s[0m 1s/step - accuracy: 0.9375 - auc: 0.9727 - f2_macro: 0.9437 - f2_plaga: 0.9259 - loss: 0.2765 - precision: 0.8333 - recall: 1.0000 - recall_plaga: 0.9091
[1m 2/17[0m [32m━━[0m[37m━━━━━━━━━━━━━━━━━━[0m [1m21s[0m 1s/step - accuracy: 0.9297 - auc: 0.9633 - f2_macro: 0.9323 - f2_plaga: 0.9247 - loss: 0.2860 - precision: 0.8258 - recall: 0.9737 - recall_plaga: 0.9101
[1m 3/17[0m [32m━━━[0m[37m━━━━━━━━━━━━━━━━━[0m [1m19s[0m 1s/step - accuracy: 0.9253 - auc: 0.9632 - f2_macro: 0.9285 - f2_plaga: 0.9185 - loss: 0.2905 - precision: 0.8240 - recall: 0.9724 - recall_plaga: 0.9030
[1m 4/17[0m [32m━━━━[0m[37m━━━━━━━━━━━━━━━━[0m [1m18s[0m 1s/step - accuracy: 0.9245 - auc: 0.9647 - f2_macro: 0.9267 - f2_plaga: 0.9198 - loss: 0.2927 - precision: 0.8330 - recall: 0.9630 - recall_plaga: 0.9059
[1m 5/17[0m [32m━━━━━[0m[37m━━━━━━━━━━━━━━━[0m [1m17s[0m 1s/step - accuracy: 0.9246 - auc: 0.9660 - f2_macro: 0.9265 - f2_plaga: 0.9205 - loss: 0.2934 - precision: 0.8378 - recall: 0.9598 - recall_plaga: 0.9073
[1m 6/17[0m [32m━━━━━━━[0m[37m━━━━━━━━━━━━━[0m [1m15s[0m 1s/step - accuracy: 0.9215 - auc: 0.9640 - f2_macro: 0.9231 - f2_plaga: 0.9182 - loss: 0.2985 - precision: 0.8364 - recall: 0.9543 - recall_plaga: 0.9053
[1m 7/17[0m [32m━━━━━━━━[0m[37m━━━━━━━━━━━━[0m [1m14s[0m 1s/step - accuracy: 0.9181 - auc: 0.9618 - f2_macro: 0.9192 - f2_plaga: 0.9157 - loss: 0.3039 - precision: 0.8308 - recall: 0.9491 - recall_plaga: 0.9027
[1m 8/17[0m [32m━━━━━━━━━[0m[37m━━━━━━━━━━━[0m [1m13s[0m 1s/step - accuracy: 0.9137 - auc: 0.9591 - f2_macro: 0.9143 - f2_plaga: 0.9121 - loss: 0.3108 - precision: 0.8236 - recall: 0.9434 - recall_plaga: 0.8990
[1m 9/17[0m [32m━━━━━━━━━━[0m[37m━━━━━━━━━━[0m [1m11s[0m 1s/step - accuracy: 0.9090 - auc: 0.9568 - f2_macro: 0.9091 - f2_plaga: 0.9087 - loss: 0.3174 - precision: 0.8180 - recall: 0.9359 - recall_plaga: 0.8957
[1m10/17[0m [32m━━━━━━━━━━━[0m[37m━━━━━━━━━[0m [1m10s[0m 1s/step - accuracy: 0.9037 - auc: 0.9534 - f2_macro: 0.9035 - f2_plaga: 0.9043 - loss: 0.3255 - precision: 0.8106 - recall: 0.9293 - recall_plaga: 0.8911
[1m11/17[0m [32m━━━━━━━━━━━━[0m[37m━━━━━━━━[0m [1m8s[0m 1s/step - accuracy: 0.8990 - auc: 0.9505 - f2_macro: 0.8986 - f2_plaga: 0.9000 - loss: 0.3321 - precision: 0.8029 - recall: 0.9246 - recall_plaga: 0.8864 
[1m12/17[0m [32m━━━━━━━━━━━━━━[0m[37m━━━━━━[0m [1m7s[0m 1s/step - accuracy: 0.8951 - auc: 0.9481 - f2_macro: 0.8943 - f2_plaga: 0.8967 - loss: 0.3377 - precision: 0.7970 - recall: 0.9197 - recall_plaga: 0.8829
[1m13/17[0m [32m━━━━━━━━━━━━━━━[0m[37m━━━━━[0m [1m5s[0m 1s/step - accuracy: 0.8921 - auc: 0.9463 - f2_macro: 0.8911 - f2_plaga: 0.8941 - loss: 0.3420 - precision: 0.7928 - recall: 0.9159 - recall_plaga: 0.8803
[1m14/17[0m [32m━━━━━━━━━━━━━━━━[0m[37m━━━━[0m [1m4s[0m 1s/step - accuracy: 0.8894 - auc: 0.9446 - f2_macro: 0.8883 - f2_plaga: 0.8917 - loss: 0.3460 - precision: 0.7890 - recall: 0.9128 - recall_plaga: 0.8778
[1m15/17[0m [32m━━━━━━━━━━━━━━━━━[0m[37m━━━[0m [1m2s[0m 1s/step - accuracy: 0.8871 - auc: 0.9431 - f2_macro: 0.8859 - f2_plaga: 0.8896 - loss: 0.3495 - precision: 0.7850 - recall: 0.9105 - recall_plaga: 0.8755
[1m16/17[0m [32m━━━━━━━━━━━━━━━━━━[0m[37m━━[0m [1m1s[0m 1s/step - accuracy: 0.8853 - auc: 0.9419 - f2_macro: 0.8841 - f2_plaga: 0.8880 - loss: 0.3521 - precision: 0.7818 - recall: 0.9089 - recall_plaga: 0.8737
[1m17/17[0m [32m━━━━━━━━━━━━━━━━━━━━[0m[37m[0m [1m0s[0m 1s/step - accuracy: 0.8836 - auc: 0.9407 - f2_macro: 0.8823 - f2_plaga: 0.8863 - loss: 0.3548 - precision: 0.7786 - recall: 0.9074 - recall_plaga: 0.8718
Epoch 64: val_f2_macro did not improve from 0.87804

[1m17/17[0m [32m━━━━━━━━━━━━━━━━━━━━[0m[37m[0m [1m25s[0m 1s/step - accuracy: 0.8553 - auc: 0.9211 - f2_macro: 0.8533 - f2_plaga: 0.8593 - loss: 0.3976 - precision: 0.7273 - recall: 0.8837 - recall_plaga: 0.8417 - val_accuracy: 0.8571 - val_auc: 0.9253 - val_f2_macro: 0.8512 - val_f2_plaga: 0.8691 - val_loss: 0.2932 - val_precision: 0.7400 - val_recall: 0.8605 - val_recall_plaga: 0.8556 - learning_rate: 1.2500e-05
Epoch 65/80

[1m 1/17[0m [32m━[0m[37m━━━━━━━━━━━━━━━━━━━[0m [1m22s[0m 1s/step - accuracy: 0.9375 - auc: 0.9636 - f2_macro: 0.9437 - f2_plaga: 0.9259 - loss: 0.2838 - precision: 0.8333 - recall: 1.0000 - recall_plaga: 0.9091
[1m 2/17[0m [32m━━[0m[37m━━━━━━━━━━━━━━━━━━[0m [1m23s[0m 2s/step - accuracy: 0.9297 - auc: 0.9578 - f2_macro: 0.9323 - f2_plaga: 0.9247 - loss: 0.2946 - precision: 0.8258 - recall: 0.9737 - recall_plaga: 0.9101
[1m 3/17[0m [32m━━━[0m[37m━━━━━━━━━━━━━━━━━[0m [1m22s[0m 2s/step - accuracy: 0.9219 - auc: 0.9576 - f2_macro: 0.9226 - f2_plaga: 0.9209 - loss: 0.3019 - precision: 0.8283 - recall: 0.9522 - recall_plaga: 0.9083
[1m 4/17[0m [32m━━━━[0m[37m━━━━━━━━━━━━━━━━[0m [1m20s[0m 2s/step - accuracy: 0.9199 - auc: 0.9593 - f2_macro: 0.9190 - f2_plaga: 0.9230 - loss: 0.3039 - precision: 0.8393 - recall: 0.9369 - recall_plaga: 0.9129
[1m 5/17[0m [32m━━━━━[0m[37m━━━━━━━━━━━━━━━[0m [1m18s[0m 2s/step - accuracy: 0.9197 - auc: 0.9599 - f2_macro: 0.9183 - f2_plaga: 0.9239 - loss: 0.3048 - precision: 0.8448 - recall: 0.9320 - recall_plaga: 0.9148
[1m 6/17[0m [32m━━━━━━━[0m[37m━━━━━━━━━━━━━[0m [1m16s[0m 2s/step - accuracy: 0.9166 - auc: 0.9580 - f2_macro: 0.9151 - f2_plaga: 0.9208 - loss: 0.3099 - precision: 0.8418 - recall: 0.9286 - recall_plaga: 0.9115
[1m 7/17[0m [32m━━━━━━━━[0m[37m━━━━━━━━━━━━[0m [1m15s[0m 2s/step - accuracy: 0.9126 - auc: 0.9553 - f2_macro: 0.9109 - f2_plaga: 0.9170 - loss: 0.3154 - precision: 0.8337 - recall: 0.9251 - recall_plaga: 0.9072
[1m 8/17[0m [32m━━━━━━━━━[0m[37m━━━━━━━━━━━[0m [1m13s[0m 2s/step - accuracy: 0.9083 - auc: 0.9526 - f2_macro: 0.9067 - f2_plaga: 0.9126 - loss: 0.3217 - precision: 0.8252 - recall: 0.9224 - recall_plaga: 0.9021
[1m 9/17[0m [32m━━━━━━━━━━[0m[37m━━━━━━━━━━[0m [1m12s[0m 2s/step - accuracy: 0.9043 - auc: 0.9503 - f2_macro: 0.9025 - f2_plaga: 0.9088 - loss: 0.3276 - precision: 0.8188 - recall: 0.9185 - recall_plaga: 0.8979
[1m10/17[0m [32m━━━━━━━━━━━[0m[37m━━━━━━━━━[0m [1m10s[0m 1s/step - accuracy: 0.8995 - auc: 0.9470 - f2_macro: 0.8977 - f2_plaga: 0.9040 - loss: 0.3350 - precision: 0.8110 - recall: 0.9145 - recall_plaga: 0.8926
[1m11/17[0m [32m━━━━━━━━━━━━[0m[37m━━━━━━━━[0m [1m8s[0m 1s/step - accuracy: 0.8952 - auc: 0.9438 - f2_macro: 0.8934 - f2_plaga: 0.8995 - loss: 0.3413 - precision: 0.8030 - recall: 0.9120 - recall_plaga: 0.8874 
[1m12/17[0m [32m━━━━━━━━━━━━━━[0m[37m━━━━━━[0m [1m7s[0m 1s/step - accuracy: 0.8917 - auc: 0.9413 - f2_macro: 0.8900 - f2_plaga: 0.8961 - loss: 0.3463 - precision: 0.7969 - recall: 0.9094 - recall_plaga: 0.8836
[1m13/17[0m [32m━━━━━━━━━━━━━━━[0m[37m━━━━━[0m [1m5s[0m 1s/step - accuracy: 0.8892 - auc: 0.9394 - f2_macro: 0.8874 - f2_plaga: 0.8934 - loss: 0.3502 - precision: 0.7926 - recall: 0.9075 - recall_plaga: 0.8806
[1m14/17[0m [32m━━━━━━━━━━━━━━━━[0m[37m━━━━[0m [1m4s[0m 1s/step - accuracy: 0.8869 - auc: 0.9377 - f2_macro: 0.8852 - f2_plaga: 0.8910 - loss: 0.3537 - precision: 0.7888 - recall: 0.9060 - recall_plaga: 0.8778
[1m15/17[0m [32m━━━━━━━━━━━━━━━━━[0m[37m━━━[0m [1m2s[0m 1s/step - accuracy: 0.8848 - auc: 0.9362 - f2_macro: 0.8832 - f2_plaga: 0.8889 - loss: 0.3567 - precision: 0.7849 - recall: 0.9046 - recall_plaga: 0.8755
[1m16/17[0m [32m━━━━━━━━━━━━━━━━━━[0m[37m━━[0m [1m1s[0m 2s/step - accuracy: 0.8834 - auc: 0.9351 - f2_macro: 0.8817 - f2_plaga: 0.8874 - loss: 0.3589 - precision: 0.7818 - recall: 0.9037 - recall_plaga: 0.8737
[1m17/17[0m [32m━━━━━━━━━━━━━━━━━━━━[0m[37m[0m [1m0s[0m 1s/step - accuracy: 0.8818 - auc: 0.9340 - f2_macro: 0.8802 - f2_plaga: 0.8858 - loss: 0.3612 - precision: 0.7786 - recall: 0.9029 - recall_plaga: 0.8718
Epoch 65: val_f2_macro did not improve from 0.87804

[1m17/17[0m [32m━━━━━━━━━━━━━━━━━━━━[0m[37m[0m [1m26s[0m 2s/step - accuracy: 0.8571 - auc: 0.9166 - f2_macro: 0.8559 - f2_plaga: 0.8598 - loss: 0.3979 - precision: 0.7286 - recall: 0.8895 - recall_plaga: 0.8417 - val_accuracy: 0.8496 - val_auc: 0.9251 - val_f2_macro: 0.8408 - val_f2_plaga: 0.8671 - val_loss: 0.2937 - val_precision: 0.7347 - val_recall: 0.8372 - val_recall_plaga: 0.8556 - learning_rate: 1.2500e-05
Epoch 66/80

[1m 1/17[0m [32m━[0m[37m━━━━━━━━━━━━━━━━━━━[0m [1m23s[0m 1s/step - accuracy: 0.9375 - auc: 0.9977 - f2_macro: 0.9437 - f2_plaga: 0.9259 - loss: 0.2339 - precision: 0.8333 - recall: 1.0000 - recall_plaga: 0.9091
[1m 2/17[0m [32m━━[0m[37m━━━━━━━━━━━━━━━━━━[0m [1m21s[0m 1s/step - accuracy: 0.9297 - auc: 0.9892 - f2_macro: 0.9323 - f2_plaga: 0.9247 - loss: 0.2517 - precision: 0.8258 - recall: 0.9737 - recall_plaga: 0.9101
[1m 3/17[0m [32m━━━[0m[37m━━━━━━━━━━━━━━━━━[0m [1m20s[0m 1s/step - accuracy: 0.9184 - auc: 0.9842 - f2_macro: 0.9195 - f2_plaga: 0.9166 - loss: 0.2674 - precision: 0.8208 - recall: 0.9522 - recall_plaga: 0.9030
[1m 4/17[0m [32m━━━━[0m[37m━━━━━━━━━━━━━━━━[0m [1m18s[0m 1s/step - accuracy: 0.9173 - auc: 0.9827 - f2_macro: 0.9175 - f2_plaga: 0.9178 - loss: 0.2719 - precision: 0.8299 - recall: 0.9424 - recall_plaga: 0.9059
[1m 5/17[0m [32m━━━━━[0m[37m━━━━━━━━━━━━━━━[0m [1m17s[0m 1s/step - accuracy: 0.9151 - auc: 0.9807 - f2_macro: 0.9148 - f2_plaga: 0.9166 - loss: 0.2757 - precision: 0.8316 - recall: 0.9364 - recall_plaga: 0.9053
[1m 6/17[0m [32m━━━━━━━[0m[37m━━━━━━━━━━━━━[0m [1m15s[0m 1s/step - accuracy: 0.9110 - auc: 0.9768 - f2_macro: 0.9104 - f2_plaga: 0.9133 - loss: 0.2831 - precision: 0.8286 - recall: 0.9298 - recall_plaga: 0.9023
[1m 7/17[0m [32m━━━━━━━━[0m[37m━━━━━━━━━━━━[0m [1m14s[0m 1s/step - accuracy: 0.9078 - auc: 0.9727 - f2_macro: 0.9068 - f2_plaga: 0.9106 - loss: 0.2902 - precision: 0.8225 - recall: 0.9261 - recall_plaga: 0.8992
[1m 8/17[0m [32m━━━━━━━━━[0m[37m━━━━━━━━━━━[0m [1m12s[0m 1s/step - accuracy: 0.9037 - auc: 0.9685 - f2_macro: 0.9025 - f2_plaga: 0.9069 - loss: 0.2984 - precision: 0.8150 - recall: 0.9218 - recall_plaga: 0.8952
[1m 9/17[0m [32m━━━━━━━━━━[0m[37m━━━━━━━━━━[0m [1m11s[0m 1s/step - accuracy: 0.8997 - auc: 0.9651 - f2_macro: 0.8982 - f2_plaga: 0.9035 - loss: 0.3061 - precision: 0.8095 - recall: 0.9168 - recall_plaga: 0.8917
[1m10/17[0m [32m━━━━━━━━━━━[0m[37m━━━━━━━━━[0m [1m10s[0m 1s/step - accuracy: 0.8951 - auc: 0.9608 - f2_macro: 0.8934 - f2_plaga: 0.8992 - loss: 0.3155 - precision: 0.8024 - recall: 0.9120 - recall_plaga: 0.8871
[1m11/17[0m [32m━━━━━━━━━━━━[0m[37m━━━━━━━━[0m [1m8s[0m 1s/step - accuracy: 0.8909 - auc: 0.9572 - f2_macro: 0.8892 - f2_plaga: 0.8951 - loss: 0.3231 - precision: 0.7950 - recall: 0.9089 - recall_plaga: 0.8824 
[1m12/17[0m [32m━━━━━━━━━━━━━━[0m[37m━━━━━━[0m [1m7s[0m 1s/step - accuracy: 0.8876 - auc: 0.9542 - f2_macro: 0.8858 - f2_plaga: 0.8920 - loss: 0.3294 - precision: 0.7895 - recall: 0.9059 - recall_plaga: 0.8789
[1m13/17[0m [32m━━━━━━━━━━━━━━━[0m[37m━━━━━[0m [1m5s[0m 1s/step - accuracy: 0.8854 - auc: 0.9519 - f2_macro: 0.8836 - f2_plaga: 0.8896 - loss: 0.3342 - precision: 0.7858 - recall: 0.9043 - recall_plaga: 0.8763
[1m14/17[0m [32m━━━━━━━━━━━━━━━━[0m[37m━━━━[0m [1m4s[0m 1s/step - accuracy: 0.8834 - auc: 0.9498 - f2_macro: 0.8816 - f2_plaga: 0.8875 - loss: 0.3387 - precision: 0.7824 - recall: 0.9031 - recall_plaga: 0.8739
[1m15/17[0m [32m━━━━━━━━━━━━━━━━━[0m[37m━━━[0m [1m2s[0m 1s/step - accuracy: 0.8816 - auc: 0.9480 - f2_macro: 0.8798 - f2_plaga: 0.8856 - loss: 0.3428 - precision: 0.7789 - recall: 0.9018 - recall_plaga: 0.8718
[1m16/17[0m [32m━━━━━━━━━━━━━━━━━━[0m[37m━━[0m [1m1s[0m 1s/step - accuracy: 0.8803 - auc: 0.9466 - f2_macro: 0.8786 - f2_plaga: 0.8843 - loss: 0.3458 - precision: 0.7762 - recall: 0.9011 - recall_plaga: 0.8702
[1m17/17[0m [32m━━━━━━━━━━━━━━━━━━━━[0m[37m[0m [1m0s[0m 1s/step - accuracy: 0.8789 - auc: 0.9452 - f2_macro: 0.8772 - f2_plaga: 0.8829 - loss: 0.3489 - precision: 0.7734 - recall: 0.9005 - recall_plaga: 0.8686
Epoch 66: val_f2_macro did not improve from 0.87804

[1m17/17[0m [32m━━━━━━━━━━━━━━━━━━━━[0m[37m[0m [1m25s[0m 2s/step - accuracy: 0.8571 - auc: 0.9241 - f2_macro: 0.8559 - f2_plaga: 0.8598 - loss: 0.3983 - precision: 0.7286 - recall: 0.8895 - recall_plaga: 0.8417 - val_accuracy: 0.8496 - val_auc: 0.9249 - val_f2_macro: 0.8519 - val_f2_plaga: 0.8447 - val_loss: 0.2928 - val_precision: 0.7091 - val_recall: 0.9070 - val_recall_plaga: 0.8222 - learning_rate: 1.2500e-05
Epoch 67/80

[1m 1/17[0m [32m━[0m[37m━━━━━━━━━━━━━━━━━━━[0m [1m23s[0m 1s/step - accuracy: 0.9375 - auc: 0.9818 - f2_macro: 0.9437 - f2_plaga: 0.9259 - loss: 0.2603 - precision: 0.8333 - recall: 1.0000 - recall_plaga: 0.9091
[1m 2/17[0m [32m━━[0m[37m━━━━━━━━━━━━━━━━━━[0m [1m21s[0m 1s/step - accuracy: 0.9297 - auc: 0.9687 - f2_macro: 0.9323 - f2_plaga: 0.9247 - loss: 0.2834 - precision: 0.8258 - recall: 0.9737 - recall_plaga: 0.9101
[1m 3/17[0m [32m━━━[0m[37m━━━━━━━━━━━━━━━━━[0m [1m20s[0m 1s/step - accuracy: 0.9288 - auc: 0.9640 - f2_macro: 0.9302 - f2_plaga: 0.9263 - loss: 0.2972 - precision: 0.8375 - recall: 0.9623 - recall_plaga: 0.9136
[1m 4/17[0m [32m━━━━[0m[37m━━━━━━━━━━━━━━━━[0m [1m19s[0m 1s/step - accuracy: 0.9290 - auc: 0.9641 - f2_macro: 0.9290 - f2_plaga: 0.9300 - loss: 0.3011 - precision: 0.8516 - recall: 0.9500 - recall_plaga: 0.9200
[1m 5/17[0m [32m━━━━━[0m[37m━━━━━━━━━━━━━━━[0m [1m18s[0m 2s/step - accuracy: 0.9295 - auc: 0.9625 - f2_macro: 0.9289 - f2_plaga: 0.9315 - loss: 0.3044 - precision: 0.8579 - recall: 0.9459 - recall_plaga: 0.9224
[1m 6/17[0m [32m━━━━━━━[0m[37m━━━━━━━━━━━━━[0m [1m16s[0m 2s/step - accuracy: 0.9282 - auc: 0.9602 - f2_macro: 0.9278 - f2_plaga: 0.9299 - loss: 0.3085 - precision: 0.8572 - recall: 0.9451 - recall_plaga: 0.9205
[1m 7/17[0m [32m━━━━━━━━[0m[37m━━━━━━━━━━━━[0m [1m15s[0m 2s/step - accuracy: 0.9263 - auc: 0.9579 - f2_macro: 0.9261 - f2_plaga: 0.9276 - loss: 0.3120 - precision: 0.8520 - recall: 0.9451 - recall_plaga: 0.9177
[1m 8/17[0m [32m━━━━━━━━━[0m[37m━━━━━━━━━━━[0m [1m13s[0m 1s/step - accuracy: 0.9233 - auc: 0.9552 - f2_macro: 0.9230 - f2_plaga: 0.9246 - loss: 0.3172 - precision: 0.8458 - recall: 0.9430 - recall_plaga: 0.9143
[1m 9/17[0m [32m━━━━━━━━━━[0m[37m━━━━━━━━━━[0m [1m11s[0m 1s/step - accuracy: 0.9195 - auc: 0.9528 - f2_macro: 0.9190 - f2_plaga: 0.9211 - loss: 0.3229 - precision: 0.8399 - recall: 0.9390 - recall_plaga: 0.9104
[1m10/17[0m [32m━━━━━━━━━━━[0m[37m━━━━━━━━━[0m [1m10s[0m 1s/step - accuracy: 0.9144 - auc: 0.9499 - f2_macro: 0.9138 - f2_plaga: 0.9164 - loss: 0.3302 - precision: 0.8319 - recall: 0.9339 - recall_plaga: 0.9053
[1m11/17[0m [32m━━━━━━━━━━━━[0m[37m━━━━━━━━[0m [1m8s[0m 1s/step - accuracy: 0.9098 - auc: 0.9469 - f2_macro: 0.9091 - f2_plaga: 0.9118 - loss: 0.3369 - precision: 0.8237 - recall: 0.9304 - recall_plaga: 0.9001 
[1m12/17[0m [32m━━━━━━━━━━━━━━[0m[37m━━━━━━[0m [1m7s[0m 1s/step - accuracy: 0.9058 - auc: 0.9445 - f2_macro: 0.9050 - f2_plaga: 0.9081 - loss: 0.3425 - precision: 0.8171 - recall: 0.9263 - recall_plaga: 0.8961
[1m13/17[0m [32m━━━━━━━━━━━━━━━[0m[37m━━━━━[0m [1m5s[0m 1s/step - accuracy: 0.9025 - auc: 0.9425 - f2_macro: 0.9015 - f2_plaga: 0.9052 - loss: 0.3472 - precision: 0.8122 - recall: 0.9225 - recall_plaga: 0.8930
[1m14/17[0m [32m━━━━━━━━━━━━━━━━[0m[37m━━━━[0m [1m4s[0m 1s/step - accuracy: 0.8995 - auc: 0.9407 - f2_macro: 0.8982 - f2_plaga: 0.9025 - loss: 0.3514 - precision: 0.8076 - recall: 0.9190 - recall_plaga: 0.8901
[1m15/17[0m [32m━━━━━━━━━━━━━━━━━[0m[37m━━━[0m [1m2s[0m 1s/step - accuracy: 0.8966 - auc: 0.9390 - f2_macro: 0.8952 - f2_plaga: 0.8999 - loss: 0.3552 - precision: 0.8028 - recall: 0.9159 - recall_plaga: 0.8874
[1m16/17[0m [32m━━━━━━━━━━━━━━━━━━[0m[37m━━[0m [1m1s[0m 1s/step - accuracy: 0.8944 - auc: 0.9378 - f2_macro: 0.8928 - f2_plaga: 0.8980 - loss: 0.3579 - precision: 0.7989 - recall: 0.9136 - recall_plaga: 0.8852
[1m17/17[0m [32m━━━━━━━━━━━━━━━━━━━━[0m[37m[0m [1m0s[0m 1s/step - accuracy: 0.8922 - auc: 0.9366 - f2_macro: 0.8906 - f2_plaga: 0.8959 - loss: 0.3606 - precision: 0.7950 - recall: 0.9115 - recall_plaga: 0.8830
Epoch 67: val_f2_macro did not improve from 0.87804

[1m17/17[0m [32m━━━━━━━━━━━━━━━━━━━━[0m[37m[0m [1m26s[0m 2s/step - accuracy: 0.8571 - auc: 0.9182 - f2_macro: 0.8540 - f2_plaga: 0.8635 - loss: 0.4037 - precision: 0.7330 - recall: 0.8779 - recall_plaga: 0.8472 - val_accuracy: 0.8496 - val_auc: 0.9252 - val_f2_macro: 0.8553 - val_f2_plaga: 0.8372 - val_loss: 0.2964 - val_precision: 0.7018 - val_recall: 0.9302 - val_recall_plaga: 0.8111 - learning_rate: 1.2500e-05
Epoch 68/80

[1m 1/17[0m [32m━[0m[37m━━━━━━━━━━━━━━━━━━━[0m [1m23s[0m 1s/step - accuracy: 0.9375 - auc: 0.9909 - f2_macro: 0.9437 - f2_plaga: 0.9259 - loss: 0.2451 - precision: 0.8333 - recall: 1.0000 - recall_plaga: 0.9091
[1m 2/17[0m [32m━━[0m[37m━━━━━━━━━━━━━━━━━━[0m [1m21s[0m 1s/step - accuracy: 0.9297 - auc: 0.9861 - f2_macro: 0.9323 - f2_plaga: 0.9247 - loss: 0.2592 - precision: 0.8258 - recall: 0.9737 - recall_plaga: 0.9101
[1m 3/17[0m [32m━━━[0m[37m━━━━━━━━━━━━━━━━━[0m [1m20s[0m 1s/step - accuracy: 0.9253 - auc: 0.9800 - f2_macro: 0.9271 - f2_plaga: 0.9219 - loss: 0.2759 - precision: 0.8298 - recall: 0.9623 - recall_plaga: 0.9083
[1m 4/17[0m [32m━━━━[0m[37m━━━━━━━━━━━━━━━━[0m [1m19s[0m 1s/step - accuracy: 0.9245 - auc: 0.9785 - f2_macro: 0.9249 - f2_plaga: 0.9243 - loss: 0.2819 - precision: 0.8411 - recall: 0.9500 - recall_plaga: 0.9129
[1m 5/17[0m [32m━━━━━[0m[37m━━━━━━━━━━━━━━━[0m [1m17s[0m 1s/step - accuracy: 0.9246 - auc: 0.9765 - f2_macro: 0.9246 - f2_plaga: 0.9253 - loss: 0.2854 - precision: 0.8466 - recall: 0.9459 - recall_plaga: 0.9148
[1m 6/17[0m [32m━━━━━━━[0m[37m━━━━━━━━━━━━━[0m [1m16s[0m 1s/step - accuracy: 0.9215 - auc: 0.9733 - f2_macro: 0.9212 - f2_plaga: 0.9231 - loss: 0.2914 - precision: 0.8452 - recall: 0.9402 - recall_plaga: 0.9129
[1m 7/17[0m [32m━━━━━━━━[0m[37m━━━━━━━━━━━━[0m [1m14s[0m 1s/step - accuracy: 0.9181 - auc: 0.9701 - f2_macro: 0.9172 - f2_plaga: 0.9205 - loss: 0.2972 - precision: 0.8394 - recall: 0.9351 - recall_plaga: 0.9102
[1m 8/17[0m [32m━━━━━━━━━[0m[37m━━━━━━━━━━━[0m [1m13s[0m 1s/step - accuracy: 0.9137 - auc: 0.9669 - f2_macro: 0.9124 - f2_plaga: 0.9168 - loss: 0.3043 - precision: 0.8319 - recall: 0.9296 - recall_plaga: 0.9063
[1m 9/17[0m [32m━━━━━━━━━━[0m[37m━━━━━━━━━━[0m [1m12s[0m 2s/step - accuracy: 0.9090 - auc: 0.9639 - f2_macro: 0.9072 - f2_plaga: 0.9132 - loss: 0.3118 - precision: 0.8258 - recall: 0.9226 - recall_plaga: 0.9027
[1m10/17[0m [32m━━━━━━━━━━━[0m[37m━━━━━━━━━[0m [1m10s[0m 2s/step - accuracy: 0.9037 - auc: 0.9601 - f2_macro: 0.9016 - f2_plaga: 0.9087 - loss: 0.3209 - precision: 0.8181 - recall: 0.9163 - recall_plaga: 0.8979
[1m11/17[0m [32m━━━━━━━━━━━━[0m[37m━━━━━━━━[0m [1m9s[0m 2s/step - accuracy: 0.8990 - auc: 0.9566 - f2_macro: 0.8968 - f2_plaga: 0.9042 - loss: 0.3287 - precision: 0.8100 - recall: 0.9120 - recall_plaga: 0.8930 
[1m12/17[0m [32m━━━━━━━━━━━━━━[0m[37m━━━━━━[0m [1m7s[0m 2s/step - accuracy: 0.8953 - auc: 0.9538 - f2_macro: 0.8929 - f2_plaga: 0.9008 - loss: 0.3348 - precision: 0.8039 - recall: 0.9081 - recall_plaga: 0.8893
[1m13/17[0m [32m━━━━━━━━━━━━━━━[0m[37m━━━━━[0m [1m6s[0m 2s/step - accuracy: 0.8924 - auc: 0.9515 - f2_macro: 0.8899 - f2_plaga: 0.8982 - loss: 0.3396 - precision: 0.7995 - recall: 0.9052 - recall_plaga: 0.8864
[1m14/17[0m [32m━━━━━━━━━━━━━━━━[0m[37m━━━━[0m [1m4s[0m 2s/step - accuracy: 0.8899 - auc: 0.9492 - f2_macro: 0.8874 - f2_plaga: 0.8957 - loss: 0.3441 - precision: 0.7956 - recall: 0.9030 - recall_plaga: 0.8838
[1m15/17[0m [32m━━━━━━━━━━━━━━━━━[0m[37m━━━[0m [1m3s[0m 2s/step - accuracy: 0.8877 - auc: 0.9471 - f2_macro: 0.8850 - f2_plaga: 0.8936 - loss: 0.3482 - precision: 0.7916 - recall: 0.9009 - recall_plaga: 0.8814
[1m16/17[0m [32m━━━━━━━━━━━━━━━━━━[0m[37m━━[0m [1m1s[0m 2s/step - accuracy: 0.8860 - auc: 0.9455 - f2_macro: 0.8833 - f2_plaga: 0.8921 - loss: 0.3513 - precision: 0.7883 - recall: 0.8995 - recall_plaga: 0.8796
[1m17/17[0m [32m━━━━━━━━━━━━━━━━━━━━[0m[37m[0m [1m0s[0m 1s/step - accuracy: 0.8844 - auc: 0.9440 - f2_macro: 0.8817 - f2_plaga: 0.8905 - loss: 0.3542 - precision: 0.7853 - recall: 0.8982 - recall_plaga: 0.8779
Epoch 68: val_f2_macro did not improve from 0.87804

[1m17/17[0m [32m━━━━━━━━━━━━━━━━━━━━[0m[37m[0m [1m26s[0m 2s/step - accuracy: 0.8590 - auc: 0.9195 - f2_macro: 0.8557 - f2_plaga: 0.8659 - loss: 0.4021 - precision: 0.7366 - recall: 0.8779 - recall_plaga: 0.8500 - val_accuracy: 0.8496 - val_auc: 0.9231 - val_f2_macro: 0.8519 - val_f2_plaga: 0.8447 - val_loss: 0.2930 - val_precision: 0.7091 - val_recall: 0.9070 - val_recall_plaga: 0.8222 - learning_rate: 1.2500e-05
Epoch 69/80

[1m 1/17[0m [32m━[0m[37m━━━━━━━━━━━━━━━━━━━[0m [1m23s[0m 1s/step - accuracy: 0.9375 - auc: 0.9727 - f2_macro: 0.9437 - f2_plaga: 0.9259 - loss: 0.2833 - precision: 0.8333 - recall: 1.0000 - recall_plaga: 0.9091
[1m 2/17[0m [32m━━[0m[37m━━━━━━━━━━━━━━━━━━[0m [1m21s[0m 1s/step - accuracy: 0.9297 - auc: 0.9674 - f2_macro: 0.9323 - f2_plaga: 0.9247 - loss: 0.2941 - precision: 0.8258 - recall: 0.9737 - recall_plaga: 0.9101
[1m 3/17[0m [32m━━━[0m[37m━━━━━━━━━━━━━━━━━[0m [1m19s[0m 1s/step - accuracy: 0.9253 - auc: 0.9642 - f2_macro: 0.9271 - f2_plaga: 0.9219 - loss: 0.3064 - precision: 0.8298 - recall: 0.9623 - recall_plaga: 0.9083
[1m 4/17[0m [32m━━━━[0m[37m━━━━━━━━━━━━━━━━[0m [1m18s[0m 1s/step - accuracy: 0.9245 - auc: 0.9651 - f2_macro: 0.9249 - f2_plaga: 0.9243 - loss: 0.3089 - precision: 0.8411 - recall: 0.9500 - recall_plaga: 0.9129
[1m 5/17[0m [32m━━━━━[0m[37m━━━━━━━━━━━━━━━[0m [1m17s[0m 1s/step - accuracy: 0.9246 - auc: 0.9649 - f2_macro: 0.9246 - f2_plaga: 0.9253 - loss: 0.3097 - precision: 0.8466 - recall: 0.9459 - recall_plaga: 0.9148
[1m 6/17[0m [32m━━━━━━━[0m[37m━━━━━━━━━━━━━[0m [1m16s[0m 1s/step - accuracy: 0.9215 - auc: 0.9636 - f2_macro: 0.9212 - f2_plaga: 0.9231 - loss: 0.3125 - precision: 0.8452 - recall: 0.9402 - recall_plaga: 0.9129
[1m 7/17[0m [32m━━━━━━━━[0m[37m━━━━━━━━━━━━[0m [1m15s[0m 2s/step - accuracy: 0.9168 - auc: 0.9620 - f2_macro: 0.9161 - f2_plaga: 0.9189 - loss: 0.3159 - precision: 0.8367 - recall: 0.9351 - recall_plaga: 0.9083
[1m 8/17[0m [32m━━━━━━━━━[0m[37m━━━━━━━━━━━[0m [1m13s[0m 1s/step - accuracy: 0.9116 - auc: 0.9592 - f2_macro: 0.9106 - f2_plaga: 0.9142 - loss: 0.3220 - precision: 0.8275 - recall: 0.9296 - recall_plaga: 0.9031
[1m 9/17[0m [32m━━━━━━━━━━[0m[37m━━━━━━━━━━[0m [1m11s[0m 1s/step - accuracy: 0.9063 - auc: 0.9569 - f2_macro: 0.9049 - f2_plaga: 0.9100 - loss: 0.3279 - precision: 0.8204 - recall: 0.9226 - recall_plaga: 0.8988
[1m10/17[0m [32m━━━━━━━━━━━[0m[37m━━━━━━━━━[0m [1m10s[0m 1s/step - accuracy: 0.9007 - auc: 0.9537 - f2_macro: 0.8990 - f2_plaga: 0.9049 - loss: 0.3351 - precision: 0.8119 - recall: 0.9163 - recall_plaga: 0.8934
[1m11/17[0m [32m━━━━━━━━━━━━[0m[37m━━━━━━━━[0m [1m8s[0m 1s/step - accuracy: 0.8958 - auc: 0.9506 - f2_macro: 0.8940 - f2_plaga: 0.9002 - loss: 0.3414 - precision: 0.8035 - recall: 0.9120 - recall_plaga: 0.8881 
[1m12/17[0m [32m━━━━━━━━━━━━━━[0m[37m━━━━━━[0m [1m7s[0m 1s/step - accuracy: 0.8919 - auc: 0.9480 - f2_macro: 0.8899 - f2_plaga: 0.8966 - loss: 0.3467 - precision: 0.7971 - recall: 0.9081 - recall_plaga: 0.8842
[1m13/17[0m [32m━━━━━━━━━━━━━━━[0m[37m━━━━━[0m [1m5s[0m 1s/step - accuracy: 0.8889 - auc: 0.9459 - f2_macro: 0.8869 - f2_plaga: 0.8938 - loss: 0.3507 - precision: 0.7926 - recall: 0.9052 - recall_plaga: 0.8812
[1m14/17[0m [32m━━━━━━━━━━━━━━━━[0m[37m━━━━[0m [1m4s[0m 1s/step - accuracy: 0.8863 - auc: 0.9442 - f2_macro: 0.8842 - f2_plaga: 0.8913 - loss: 0.3542 - precision: 0.7885 - recall: 0.9030 - recall_plaga: 0.8784
[1m15/17[0m [32m━━━━━━━━━━━━━━━━━[0m[37m━━━[0m [1m2s[0m 1s/step - accuracy: 0.8839 - auc: 0.9426 - f2_macro: 0.8817 - f2_plaga: 0.8889 - loss: 0.3575 - precision: 0.7842 - recall: 0.9009 - recall_plaga: 0.8758
[1m16/17[0m [32m━━━━━━━━━━━━━━━━━━[0m[37m━━[0m [1m1s[0m 1s/step - accuracy: 0.8821 - auc: 0.9414 - f2_macro: 0.8799 - f2_plaga: 0.8872 - loss: 0.3598 - precision: 0.7807 - recall: 0.8995 - recall_plaga: 0.8739
[1m17/17[0m [32m━━━━━━━━━━━━━━━━━━━━[0m[37m[0m [1m0s[0m 1s/step - accuracy: 0.8804 - auc: 0.9402 - f2_macro: 0.8782 - f2_plaga: 0.8855 - loss: 0.3622 - precision: 0.7775 - recall: 0.8982 - recall_plaga: 0.8720
Epoch 69: val_f2_macro did not improve from 0.87804

[1m17/17[0m [32m━━━━━━━━━━━━━━━━━━━━[0m[37m[0m [1m26s[0m 2s/step - accuracy: 0.8534 - auc: 0.9209 - f2_macro: 0.8507 - f2_plaga: 0.8588 - loss: 0.4007 - precision: 0.7260 - recall: 0.8779 - recall_plaga: 0.8417 - val_accuracy: 0.8571 - val_auc: 0.9249 - val_f2_macro: 0.8512 - val_f2_plaga: 0.8691 - val_loss: 0.2910 - val_precision: 0.7400 - val_recall: 0.8605 - val_recall_plaga: 0.8556 - learning_rate: 1.2500e-05
Epoch 70/80

[1m 1/17[0m [32m━[0m[37m━━━━━━━━━━━━━━━━━━━[0m [1m26s[0m 2s/step - accuracy: 0.9375 - auc: 0.9773 - f2_macro: 0.9437 - f2_plaga: 0.9259 - loss: 0.2639 - precision: 0.8333 - recall: 1.0000 - recall_plaga: 0.9091
[1m 2/17[0m [32m━━[0m[37m━━━━━━━━━━━━━━━━━━[0m [1m23s[0m 2s/step - accuracy: 0.9297 - auc: 0.9723 - f2_macro: 0.9323 - f2_plaga: 0.9247 - loss: 0.2744 - precision: 0.8258 - recall: 0.9737 - recall_plaga: 0.9101
[1m 3/17[0m [32m━━━[0m[37m━━━━━━━━━━━━━━━━━[0m [1m21s[0m 2s/step - accuracy: 0.9288 - auc: 0.9704 - f2_macro: 0.9316 - f2_plaga: 0.9229 - loss: 0.2843 - precision: 0.8312 - recall: 0.9724 - recall_plaga: 0.9083
[1m 4/17[0m [32m━━━━[0m[37m━━━━━━━━━━━━━━━━[0m [1m19s[0m 1s/step - accuracy: 0.9290 - auc: 0.9707 - f2_macro: 0.9308 - f2_plaga: 0.9256 - loss: 0.2890 - precision: 0.8428 - recall: 0.9630 - recall_plaga: 0.9129
[1m 5/17[0m [32m━━━━━[0m[37m━━━━━━━━━━━━━━━[0m [1m17s[0m 1s/step - accuracy: 0.9295 - auc: 0.9702 - f2_macro: 0.9309 - f2_plaga: 0.9267 - loss: 0.2914 - precision: 0.8484 - recall: 0.9598 - recall_plaga: 0.9148
[1m 6/17[0m [32m━━━━━━━[0m[37m━━━━━━━━━━━━━[0m [1m16s[0m 1s/step - accuracy: 0.9273 - auc: 0.9674 - f2_macro: 0.9286 - f2_plaga: 0.9248 - loss: 0.2973 - precision: 0.8474 - recall: 0.9567 - recall_plaga: 0.9129
[1m 7/17[0m [32m━━━━━━━━[0m[37m━━━━━━━━━━━━[0m [1m14s[0m 1s/step - accuracy: 0.9243 - auc: 0.9648 - f2_macro: 0.9253 - f2_plaga: 0.9223 - loss: 0.3030 - precision: 0.8420 - recall: 0.9531 - recall_plaga: 0.9102
[1m 8/17[0m [32m━━━━━━━━━[0m[37m━━━━━━━━━━━[0m [1m13s[0m 1s/step - accuracy: 0.9206 - auc: 0.9619 - f2_macro: 0.9213 - f2_plaga: 0.9192 - loss: 0.3097 - precision: 0.8357 - recall: 0.9484 - recall_plaga: 0.9070
[1m 9/17[0m [32m━━━━━━━━━━[0m[37m━━━━━━━━━━[0m [1m11s[0m 1s/step - accuracy: 0.9163 - auc: 0.9589 - f2_macro: 0.9165 - f2_plaga: 0.9161 - loss: 0.3167 - precision: 0.8305 - recall: 0.9416 - recall_plaga: 0.9039
[1m10/17[0m [32m━━━━━━━━━━━[0m[37m━━━━━━━━━[0m [1m10s[0m 1s/step - accuracy: 0.9112 - auc: 0.9552 - f2_macro: 0.9110 - f2_plaga: 0.9118 - loss: 0.3252 - precision: 0.8232 - recall: 0.9353 - recall_plaga: 0.8995
[1m11/17[0m [32m━━━━━━━━━━━━[0m[37m━━━━━━━━[0m [1m8s[0m 1s/step - accuracy: 0.9067 - auc: 0.9514 - f2_macro: 0.9063 - f2_plaga: 0.9075 - loss: 0.3327 - precision: 0.8156 - recall: 0.9309 - recall_plaga: 0.8948 
[1m12/17[0m [32m━━━━━━━━━━━━━━[0m[37m━━━━━━[0m [1m7s[0m 1s/step - accuracy: 0.9029 - auc: 0.9483 - f2_macro: 0.9024 - f2_plaga: 0.9042 - loss: 0.3389 - precision: 0.8097 - recall: 0.9267 - recall_plaga: 0.8913
[1m13/17[0m [32m━━━━━━━━━━━━━━━[0m[37m━━━━━[0m [1m5s[0m 1s/step - accuracy: 0.8999 - auc: 0.9459 - f2_macro: 0.8991 - f2_plaga: 0.9016 - loss: 0.3438 - precision: 0.8054 - recall: 0.9229 - recall_plaga: 0.8885
[1m14/17[0m [32m━━━━━━━━━━━━━━━━[0m[37m━━━━[0m [1m4s[0m 1s/step - accuracy: 0.8971 - auc: 0.9436 - f2_macro: 0.8962 - f2_plaga: 0.8992 - loss: 0.3485 - precision: 0.8014 - recall: 0.9199 - recall_plaga: 0.8859
[1m15/17[0m [32m━━━━━━━━━━━━━━━━━[0m[37m━━━[0m [1m2s[0m 1s/step - accuracy: 0.8947 - auc: 0.9416 - f2_macro: 0.8936 - f2_plaga: 0.8971 - loss: 0.3526 - precision: 0.7973 - recall: 0.9171 - recall_plaga: 0.8837
[1m16/17[0m [32m━━━━━━━━━━━━━━━━━━[0m[37m━━[0m [1m1s[0m 1s/step - accuracy: 0.8928 - auc: 0.9401 - f2_macro: 0.8916 - f2_plaga: 0.8955 - loss: 0.3556 - precision: 0.7941 - recall: 0.9151 - recall_plaga: 0.8819
[1m17/17[0m [32m━━━━━━━━━━━━━━━━━━━━[0m[37m[0m [1m0s[0m 1s/step - accuracy: 0.8910 - auc: 0.9387 - f2_macro: 0.8897 - f2_plaga: 0.8937 - loss: 0.3586 - precision: 0.7908 - recall: 0.9132 - recall_plaga: 0.8801
Epoch 70: val_f2_macro did not improve from 0.87804

[1m17/17[0m [32m━━━━━━━━━━━━━━━━━━━━[0m[37m[0m [1m26s[0m 2s/step - accuracy: 0.8609 - auc: 0.9163 - f2_macro: 0.8582 - f2_plaga: 0.8664 - loss: 0.4060 - precision: 0.7379 - recall: 0.8837 - recall_plaga: 0.8500 - val_accuracy: 0.8496 - val_auc: 0.9256 - val_f2_macro: 0.8519 - val_f2_plaga: 0.8447 - val_loss: 0.2922 - val_precision: 0.7091 - val_recall: 0.9070 - val_recall_plaga: 0.8222 - learning_rate: 1.2500e-05
Epoch 71/80

[1m 1/17[0m [32m━[0m[37m━━━━━━━━━━━━━━━━━━━[0m [1m23s[0m 1s/step - accuracy: 0.9375 - auc: 0.9841 - f2_macro: 0.9437 - f2_plaga: 0.9259 - loss: 0.2746 - precision: 0.8333 - recall: 1.0000 - recall_plaga: 0.9091
[1m 2/17[0m [32m━━[0m[37m━━━━━━━━━━━━━━━━━━[0m [1m21s[0m 1s/step - accuracy: 0.9297 - auc: 0.9833 - f2_macro: 0.9323 - f2_plaga: 0.9247 - loss: 0.2775 - precision: 0.8258 - recall: 0.9737 - recall_plaga: 0.9101
[1m 3/17[0m [32m━━━[0m[37m━━━━━━━━━━━━━━━━━[0m [1m20s[0m 1s/step - accuracy: 0.9219 - auc: 0.9791 - f2_macro: 0.9240 - f2_plaga: 0.9175 - loss: 0.2870 - precision: 0.8224 - recall: 0.9623 - recall_plaga: 0.9030
[1m 4/17[0m [32m━━━━[0m[37m━━━━━━━━━━━━━━━━[0m [1m18s[0m 1s/step - accuracy: 0.9219 - auc: 0.9783 - f2_macro: 0.9233 - f2_plaga: 0.9191 - loss: 0.2894 - precision: 0.8318 - recall: 0.9554 - recall_plaga: 0.9059
[1m 5/17[0m [32m━━━━━[0m[37m━━━━━━━━━━━━━━━[0m [1m17s[0m 1s/step - accuracy: 0.9225 - auc: 0.9773 - f2_macro: 0.9238 - f2_plaga: 0.9199 - loss: 0.2905 - precision: 0.8369 - recall: 0.9538 - recall_plaga: 0.9073
[1m 6/17[0m [32m━━━━━━━[0m[37m━━━━━━━━━━━━━[0m [1m16s[0m 1s/step - accuracy: 0.9198 - auc: 0.9746 - f2_macro: 0.9208 - f2_plaga: 0.9177 - loss: 0.2963 - precision: 0.8356 - recall: 0.9492 - recall_plaga: 0.9053
[1m 7/17[0m [32m━━━━━━━━[0m[37m━━━━━━━━━━━━[0m [1m14s[0m 1s/step - accuracy: 0.9166 - auc: 0.9719 - f2_macro: 0.9172 - f2_plaga: 0.9153 - loss: 0.3018 - precision: 0.8301 - recall: 0.9447 - recall_plaga: 0.9027
[1m 8/17[0m [32m━━━━━━━━━[0m[37m━━━━━━━━━━━[0m [1m13s[0m 1s/step - accuracy: 0.9119 - auc: 0.9682 - f2_macro: 0.9122 - f2_plaga: 0.9112 - loss: 0.3097 - precision: 0.8220 - recall: 0.9396 - recall_plaga: 0.8982
[1m 9/17[0m [32m━━━━━━━━━━[0m[37m━━━━━━━━━━[0m [1m12s[0m 2s/step - accuracy: 0.9082 - auc: 0.9651 - f2_macro: 0.9083 - f2_plaga: 0.9080 - loss: 0.3169 - precision: 0.8170 - recall: 0.9349 - recall_plaga: 0.8950
[1m10/17[0m [32m━━━━━━━━━━━[0m[37m━━━━━━━━━[0m [1m10s[0m 2s/step - accuracy: 0.9036 - auc: 0.9611 - f2_macro: 0.9035 - f2_plaga: 0.9038 - loss: 0.3258 - precision: 0.8101 - recall: 0.9302 - recall_plaga: 0.8905
[1m11/17[0m [32m━━━━━━━━━━━━[0m[37m━━━━━━━━[0m [1m8s[0m 1s/step - accuracy: 0.8997 - auc: 0.9576 - f2_macro: 0.8996 - f2_plaga: 0.9000 - loss: 0.3329 - precision: 0.8034 - recall: 0.9270 - recall_plaga: 0.8862 
[1m12/17[0m [32m━━━━━━━━━━━━━━[0m[37m━━━━━━[0m [1m7s[0m 1s/step - accuracy: 0.8966 - auc: 0.9548 - f2_macro: 0.8963 - f2_plaga: 0.8972 - loss: 0.3386 - precision: 0.7982 - recall: 0.9238 - recall_plaga: 0.8831
[1m13/17[0m [32m━━━━━━━━━━━━━━━[0m[37m━━━━━[0m [1m5s[0m 1s/step - accuracy: 0.8940 - auc: 0.9524 - f2_macro: 0.8936 - f2_plaga: 0.8949 - loss: 0.3432 - precision: 0.7945 - recall: 0.9208 - recall_plaga: 0.8807
[1m14/17[0m [32m━━━━━━━━━━━━━━━━[0m[37m━━━━[0m [1m4s[0m 1s/step - accuracy: 0.8917 - auc: 0.9502 - f2_macro: 0.8912 - f2_plaga: 0.8928 - loss: 0.3474 - precision: 0.7911 - recall: 0.9184 - recall_plaga: 0.8785
[1m15/17[0m [32m━━━━━━━━━━━━━━━━━[0m[37m━━━[0m [1m2s[0m 1s/step - accuracy: 0.8894 - auc: 0.9482 - f2_macro: 0.8889 - f2_plaga: 0.8908 - loss: 0.3510 - precision: 0.7873 - recall: 0.9162 - recall_plaga: 0.8763
[1m16/17[0m [32m━━━━━━━━━━━━━━━━━━[0m[37m━━[0m [1m1s[0m 1s/step - accuracy: 0.8878 - auc: 0.9466 - f2_macro: 0.8872 - f2_plaga: 0.8893 - loss: 0.3537 - precision: 0.7843 - recall: 0.9146 - recall_plaga: 0.8746
[1m17/17[0m [32m━━━━━━━━━━━━━━━━━━━━[0m[37m[0m [1m0s[0m 1s/step - accuracy: 0.8861 - auc: 0.9451 - f2_macro: 0.8854 - f2_plaga: 0.8877 - loss: 0.3564 - precision: 0.7812 - recall: 0.9131 - recall_plaga: 0.8729
Epoch 71: val_f2_macro did not improve from 0.87804

[1m17/17[0m [32m━━━━━━━━━━━━━━━━━━━━[0m[37m[0m [1m26s[0m 2s/step - accuracy: 0.8590 - auc: 0.9207 - f2_macro: 0.8575 - f2_plaga: 0.8622 - loss: 0.4000 - precision: 0.7321 - recall: 0.8895 - recall_plaga: 0.8444 - val_accuracy: 0.8496 - val_auc: 0.9251 - val_f2_macro: 0.8553 - val_f2_plaga: 0.8372 - val_loss: 0.3016 - val_precision: 0.7018 - val_recall: 0.9302 - val_recall_plaga: 0.8111 - learning_rate: 1.2500e-05
Epoch 72/80

[1m 1/17[0m [32m━[0m[37m━━━━━━━━━━━━━━━━━━━[0m [1m23s[0m 1s/step - accuracy: 0.9375 - auc: 0.9909 - f2_macro: 0.9437 - f2_plaga: 0.9259 - loss: 0.2522 - precision: 0.8333 - recall: 1.0000 - recall_plaga: 0.9091
[1m 2/17[0m [32m━━[0m[37m━━━━━━━━━━━━━━━━━━[0m [1m23s[0m 2s/step - accuracy: 0.9297 - auc: 0.9817 - f2_macro: 0.9323 - f2_plaga: 0.9247 - loss: 0.2686 - precision: 0.8258 - recall: 0.9737 - recall_plaga: 0.9101
[1m 3/17[0m [32m━━━[0m[37m━━━━━━━━━━━━━━━━━[0m [1m22s[0m 2s/step - accuracy: 0.9253 - auc: 0.9773 - f2_macro: 0.9271 - f2_plaga: 0.9219 - loss: 0.2826 - precision: 0.8298 - recall: 0.9623 - recall_plaga: 0.9083
[1m 4/17[0m [32m━━━━[0m[37m━━━━━━━━━━━━━━━━[0m [1m20s[0m 2s/step - accuracy: 0.9245 - auc: 0.9767 - f2_macro: 0.9249 - f2_plaga: 0.9243 - loss: 0.2882 - precision: 0.8411 - recall: 0.9500 - recall_plaga: 0.9129
[1m 5/17[0m [32m━━━━━[0m[37m━━━━━━━━━━━━━━━[0m [1m18s[0m 2s/step - accuracy: 0.9246 - auc: 0.9754 - f2_macro: 0.9246 - f2_plaga: 0.9253 - loss: 0.2918 - precision: 0.8466 - recall: 0.9459 - recall_plaga: 0.9148
[1m 6/17[0m [32m━━━━━━━[0m[37m━━━━━━━━━━━━━[0m [1m16s[0m 2s/step - accuracy: 0.9215 - auc: 0.9719 - f2_macro: 0.9212 - f2_plaga: 0.9231 - loss: 0.2993 - precision: 0.8452 - recall: 0.9402 - recall_plaga: 0.9129
[1m 7/17[0m [32m━━━━━━━━[0m[37m━━━━━━━━━━━━[0m [1m15s[0m 2s/step - accuracy: 0.9174 - auc: 0.9685 - f2_macro: 0.9167 - f2_plaga: 0.9197 - loss: 0.3059 - precision: 0.8380 - recall: 0.9351 - recall_plaga: 0.9093
[1m 8/17[0m [32m━━━━━━━━━[0m[37m━━━━━━━━━━━[0m [1m13s[0m 1s/step - accuracy: 0.9126 - auc: 0.9645 - f2_macro: 0.9115 - f2_plaga: 0.9155 - loss: 0.3137 - precision: 0.8296 - recall: 0.9296 - recall_plaga: 0.9047
[1m 9/17[0m [32m━━━━━━━━━━[0m[37m━━━━━━━━━━[0m [1m11s[0m 1s/step - accuracy: 0.9084 - auc: 0.9610 - f2_macro: 0.9071 - f2_plaga: 0.9118 - loss: 0.3211 - precision: 0.8235 - recall: 0.9249 - recall_plaga: 0.9007
[1m10/17[0m [32m━━━━━━━━━━━[0m[37m━━━━━━━━━[0m [1m10s[0m 1s/step - accuracy: 0.9032 - auc: 0.9567 - f2_macro: 0.9016 - f2_plaga: 0.9071 - loss: 0.3300 - precision: 0.8156 - recall: 0.9193 - recall_plaga: 0.8956
[1m11/17[0m [32m━━━━━━━━━━━━[0m[37m━━━━━━━━[0m [1m8s[0m 1s/step - accuracy: 0.8986 - auc: 0.9529 - f2_macro: 0.8970 - f2_plaga: 0.9025 - loss: 0.3375 - precision: 0.8075 - recall: 0.9156 - recall_plaga: 0.8906 
[1m12/17[0m [32m━━━━━━━━━━━━━━[0m[37m━━━━━━[0m [1m7s[0m 1s/step - accuracy: 0.8949 - auc: 0.9499 - f2_macro: 0.8931 - f2_plaga: 0.8991 - loss: 0.3432 - precision: 0.8013 - recall: 0.9120 - recall_plaga: 0.8868
[1m13/17[0m [32m━━━━━━━━━━━━━━━[0m[37m━━━━━[0m [1m5s[0m 1s/step - accuracy: 0.8919 - auc: 0.9474 - f2_macro: 0.8900 - f2_plaga: 0.8963 - loss: 0.3477 - precision: 0.7968 - recall: 0.9088 - recall_plaga: 0.8838
[1m14/17[0m [32m━━━━━━━━━━━━━━━━[0m[37m━━━━[0m [1m4s[0m 1s/step - accuracy: 0.8891 - auc: 0.9452 - f2_macro: 0.8871 - f2_plaga: 0.8936 - loss: 0.3519 - precision: 0.7924 - recall: 0.9063 - recall_plaga: 0.8808
[1m15/17[0m [32m━━━━━━━━━━━━━━━━━[0m[37m━━━[0m [1m2s[0m 1s/step - accuracy: 0.8866 - auc: 0.9433 - f2_macro: 0.8846 - f2_plaga: 0.8913 - loss: 0.3554 - precision: 0.7881 - recall: 0.9040 - recall_plaga: 0.8783
[1m16/17[0m [32m━━━━━━━━━━━━━━━━━━[0m[37m━━[0m [1m1s[0m 1s/step - accuracy: 0.8848 - auc: 0.9418 - f2_macro: 0.8827 - f2_plaga: 0.8896 - loss: 0.3580 - precision: 0.7846 - recall: 0.9024 - recall_plaga: 0.8764
[1m17/17[0m [32m━━━━━━━━━━━━━━━━━━━━[0m[37m[0m [1m0s[0m 1s/step - accuracy: 0.8829 - auc: 0.9404 - f2_macro: 0.8808 - f2_plaga: 0.8878 - loss: 0.3606 - precision: 0.7812 - recall: 0.9010 - recall_plaga: 0.8743
Epoch 72: val_f2_macro did not improve from 0.87804

[1m17/17[0m [32m━━━━━━━━━━━━━━━━━━━━[0m[37m[0m [1m26s[0m 2s/step - accuracy: 0.8534 - auc: 0.9187 - f2_macro: 0.8507 - f2_plaga: 0.8588 - loss: 0.4016 - precision: 0.7260 - recall: 0.8779 - recall_plaga: 0.8417 - val_accuracy: 0.8647 - val_auc: 0.9271 - val_f2_macro: 0.8751 - val_f2_plaga: 0.8410 - val_loss: 0.3141 - val_precision: 0.7119 - val_recall: 0.9767 - val_recall_plaga: 0.8111 - learning_rate: 1.2500e-05
Epoch 73/80

[1m 1/17[0m [32m━[0m[37m━━━━━━━━━━━━━━━━━━━[0m [1m24s[0m 2s/step - accuracy: 0.9375 - auc: 0.9955 - f2_macro: 0.9437 - f2_plaga: 0.9259 - loss: 0.2442 - precision: 0.8333 - recall: 1.0000 - recall_plaga: 0.9091
[1m 2/17[0m [32m━━[0m[37m━━━━━━━━━━━━━━━━━━[0m [1m21s[0m 1s/step - accuracy: 0.9297 - auc: 0.9834 - f2_macro: 0.9323 - f2_plaga: 0.9247 - loss: 0.2670 - precision: 0.8258 - recall: 0.9737 - recall_plaga: 0.9101
[1m 3/17[0m [32m━━━[0m[37m━━━━━━━━━━━━━━━━━[0m [1m20s[0m 1s/step - accuracy: 0.9253 - auc: 0.9788 - f2_macro: 0.9271 - f2_plaga: 0.9219 - loss: 0.2831 - precision: 0.8298 - recall: 0.9623 - recall_plaga: 0.9083
[1m 4/17[0m [32m━━━━[0m[37m━━━━━━━━━━━━━━━━[0m [1m18s[0m 1s/step - accuracy: 0.9264 - auc: 0.9776 - f2_macro: 0.9274 - f2_plaga: 0.9249 - loss: 0.2893 - precision: 0.8417 - recall: 0.9554 - recall_plaga: 0.9129
[1m 5/17[0m [32m━━━━━[0m[37m━━━━━━━━━━━━━━━[0m [1m17s[0m 1s/step - accuracy: 0.9274 - auc: 0.9769 - f2_macro: 0.9282 - f2_plaga: 0.9262 - loss: 0.2930 - precision: 0.8476 - recall: 0.9538 - recall_plaga: 0.9148
[1m 6/17[0m [32m━━━━━━━[0m[37m━━━━━━━━━━━━━[0m [1m15s[0m 1s/step - accuracy: 0.9247 - auc: 0.9730 - f2_macro: 0.9252 - f2_plaga: 0.9241 - loss: 0.3007 - precision: 0.8463 - recall: 0.9492 - recall_plaga: 0.9129
[1m 7/17[0m [32m━━━━━━━━[0m[37m━━━━━━━━━━━━[0m [1m14s[0m 1s/step - accuracy: 0.9221 - auc: 0.9695 - f2_macro: 0.9225 - f2_plaga: 0.9217 - loss: 0.3067 - precision: 0.8411 - recall: 0.9467 - recall_plaga: 0.9102
[1m 8/17[0m [32m━━━━━━━━━[0m[37m━━━━━━━━━━━[0m [1m13s[0m 1s/step - accuracy: 0.9177 - auc: 0.9663 - f2_macro: 0.9179 - f2_plaga: 0.9175 - loss: 0.3135 - precision: 0.8329 - recall: 0.9428 - recall_plaga: 0.9055
[1m 9/17[0m [32m━━━━━━━━━━[0m[37m━━━━━━━━━━[0m [1m11s[0m 1s/step - accuracy: 0.9133 - auc: 0.9636 - f2_macro: 0.9133 - f2_plaga: 0.9136 - loss: 0.3199 - precision: 0.8266 - recall: 0.9377 - recall_plaga: 0.9015
[1m10/17[0m [32m━━━━━━━━━━━[0m[37m━━━━━━━━━[0m [1m10s[0m 1s/step - accuracy: 0.9082 - auc: 0.9600 - f2_macro: 0.9081 - f2_plaga: 0.9089 - loss: 0.3282 - precision: 0.8188 - recall: 0.9327 - recall_plaga: 0.8963
[1m11/17[0m [32m━━━━━━━━━━━━[0m[37m━━━━━━━━[0m [1m8s[0m 1s/step - accuracy: 0.9037 - auc: 0.9564 - f2_macro: 0.9035 - f2_plaga: 0.9043 - loss: 0.3353 - precision: 0.8107 - recall: 0.9294 - recall_plaga: 0.8912 
[1m12/17[0m [32m━━━━━━━━━━━━━━[0m[37m━━━━━━[0m [1m7s[0m 1s/step - accuracy: 0.8998 - auc: 0.9537 - f2_macro: 0.8994 - f2_plaga: 0.9007 - loss: 0.3409 - precision: 0.8044 - recall: 0.9253 - recall_plaga: 0.8873
[1m13/17[0m [32m━━━━━━━━━━━━━━━[0m[37m━━━━━[0m [1m5s[0m 1s/step - accuracy: 0.8966 - auc: 0.9515 - f2_macro: 0.8960 - f2_plaga: 0.8979 - loss: 0.3455 - precision: 0.7998 - recall: 0.9217 - recall_plaga: 0.8843
[1m14/17[0m [32m━━━━━━━━━━━━━━━━[0m[37m━━━━[0m [1m4s[0m 1s/step - accuracy: 0.8936 - auc: 0.9495 - f2_macro: 0.8930 - f2_plaga: 0.8951 - loss: 0.3496 - precision: 0.7953 - recall: 0.9187 - recall_plaga: 0.8813
[1m15/17[0m [32m━━━━━━━━━━━━━━━━━[0m[37m━━━[0m [1m2s[0m 1s/step - accuracy: 0.8910 - auc: 0.9476 - f2_macro: 0.8902 - f2_plaga: 0.8928 - loss: 0.3531 - precision: 0.7909 - recall: 0.9160 - recall_plaga: 0.8787
[1m16/17[0m [32m━━━━━━━━━━━━━━━━━━[0m[37m━━[0m [1m1s[0m 1s/step - accuracy: 0.8891 - auc: 0.9463 - f2_macro: 0.8882 - f2_plaga: 0.8911 - loss: 0.3557 - precision: 0.7875 - recall: 0.9140 - recall_plaga: 0.8769
[1m17/17[0m [32m━━━━━━━━━━━━━━━━━━━━[0m[37m[0m [1m0s[0m 1s/step - accuracy: 0.8872 - auc: 0.9451 - f2_macro: 0.8863 - f2_plaga: 0.8894 - loss: 0.3581 - precision: 0.7842 - recall: 0.9123 - recall_plaga: 0.8750
Epoch 73: val_f2_macro did not improve from 0.87804

[1m17/17[0m [32m━━━━━━━━━━━━━━━━━━━━[0m[37m[0m [1m26s[0m 1s/step - accuracy: 0.8571 - auc: 0.9257 - f2_macro: 0.8549 - f2_plaga: 0.8617 - loss: 0.3971 - precision: 0.7308 - recall: 0.8837 - recall_plaga: 0.8444 - val_accuracy: 0.8647 - val_auc: 0.9265 - val_f2_macro: 0.8751 - val_f2_plaga: 0.8410 - val_loss: 0.3101 - val_precision: 0.7119 - val_recall: 0.9767 - val_recall_plaga: 0.8111 - learning_rate: 1.2500e-05
Epoch 74/80

[1m 1/17[0m [32m━[0m[37m━━━━━━━━━━━━━━━━━━━[0m [1m23s[0m 1s/step - accuracy: 0.9375 - auc: 0.9682 - f2_macro: 0.9437 - f2_plaga: 0.9259 - loss: 0.2817 - precision: 0.8333 - recall: 1.0000 - recall_plaga: 0.9091
[1m 2/17[0m [32m━━[0m[37m━━━━━━━━━━━━━━━━━━[0m [1m22s[0m 1s/step - accuracy: 0.9297 - auc: 0.9674 - f2_macro: 0.9323 - f2_plaga: 0.9247 - loss: 0.2893 - precision: 0.8258 - recall: 0.9737 - recall_plaga: 0.9101
[1m 3/17[0m [32m━━━[0m[37m━━━━━━━━━━━━━━━━━[0m [1m20s[0m 1s/step - accuracy: 0.9219 - auc: 0.9681 - f2_macro: 0.9226 - f2_plaga: 0.9209 - loss: 0.2993 - precision: 0.8283 - recall: 0.9522 - recall_plaga: 0.9083
[1m 4/17[0m [32m━━━━[0m[37m━━━━━━━━━━━━━━━━[0m [1m19s[0m 1s/step - accuracy: 0.9219 - auc: 0.9697 - f2_macro: 0.9215 - f2_plaga: 0.9235 - loss: 0.3006 - precision: 0.8400 - recall: 0.9424 - recall_plaga: 0.9129
[1m 5/17[0m [32m━━━━━[0m[37m━━━━━━━━━━━━━━━[0m [1m18s[0m 2s/step - accuracy: 0.9225 - auc: 0.9705 - f2_macro: 0.9219 - f2_plaga: 0.9247 - loss: 0.3004 - precision: 0.8457 - recall: 0.9399 - recall_plaga: 0.9148
[1m 6/17[0m [32m━━━━━━━[0m[37m━━━━━━━━━━━━━[0m [1m16s[0m 2s/step - accuracy: 0.9207 - auc: 0.9694 - f2_macro: 0.9200 - f2_plaga: 0.9229 - loss: 0.3038 - precision: 0.8448 - recall: 0.9376 - recall_plaga: 0.9129
[1m 7/17[0m [32m━━━━━━━━[0m[37m━━━━━━━━━━━━[0m [1m15s[0m 2s/step - accuracy: 0.9167 - auc: 0.9678 - f2_macro: 0.9160 - f2_plaga: 0.9189 - loss: 0.3076 - precision: 0.8367 - recall: 0.9348 - recall_plaga: 0.9083
[1m 8/17[0m [32m━━━━━━━━━[0m[37m━━━━━━━━━━━[0m [1m13s[0m 1s/step - accuracy: 0.9120 - auc: 0.9657 - f2_macro: 0.9111 - f2_plaga: 0.9143 - loss: 0.3124 - precision: 0.8278 - recall: 0.9309 - recall_plaga: 0.9031
[1m 9/17[0m [32m━━━━━━━━━━[0m[37m━━━━━━━━━━[0m [1m11s[0m 1s/step - accuracy: 0.9079 - auc: 0.9636 - f2_macro: 0.9069 - f2_plaga: 0.9104 - loss: 0.3177 - precision: 0.8214 - recall: 0.9271 - recall_plaga: 0.8988
[1m10/17[0m [32m━━━━━━━━━━━[0m[37m━━━━━━━━━[0m [1m10s[0m 1s/step - accuracy: 0.9030 - auc: 0.9605 - f2_macro: 0.9021 - f2_plaga: 0.9055 - loss: 0.3251 - precision: 0.8134 - recall: 0.9232 - recall_plaga: 0.8934
[1m11/17[0m [32m━━━━━━━━━━━━[0m[37m━━━━━━━━[0m [1m8s[0m 1s/step - accuracy: 0.8987 - auc: 0.9574 - f2_macro: 0.8978 - f2_plaga: 0.9009 - loss: 0.3317 - precision: 0.8054 - recall: 0.9207 - recall_plaga: 0.8881 
[1m12/17[0m [32m━━━━━━━━━━━━━━[0m[37m━━━━━━[0m [1m7s[0m 1s/step - accuracy: 0.8952 - auc: 0.9549 - f2_macro: 0.8943 - f2_plaga: 0.8974 - loss: 0.3371 - precision: 0.7993 - recall: 0.9180 - recall_plaga: 0.8842
[1m13/17[0m [32m━━━━━━━━━━━━━━━[0m[37m━━━━━[0m [1m5s[0m 1s/step - accuracy: 0.8925 - auc: 0.9529 - f2_macro: 0.8916 - f2_plaga: 0.8947 - loss: 0.3414 - precision: 0.7949 - recall: 0.9160 - recall_plaga: 0.8812
[1m14/17[0m [32m━━━━━━━━━━━━━━━━[0m[37m━━━━[0m [1m4s[0m 1s/step - accuracy: 0.8901 - auc: 0.9511 - f2_macro: 0.8893 - f2_plaga: 0.8923 - loss: 0.3454 - precision: 0.7910 - recall: 0.9144 - recall_plaga: 0.8784
[1m15/17[0m [32m━━━━━━━━━━━━━━━━━[0m[37m━━━[0m [1m2s[0m 1s/step - accuracy: 0.8880 - auc: 0.9494 - f2_macro: 0.8872 - f2_plaga: 0.8900 - loss: 0.3490 - precision: 0.7869 - recall: 0.9133 - recall_plaga: 0.8758
[1m16/17[0m [32m━━━━━━━━━━━━━━━━━━[0m[37m━━[0m [1m1s[0m 1s/step - accuracy: 0.8863 - auc: 0.9480 - f2_macro: 0.8856 - f2_plaga: 0.8882 - loss: 0.3516 - precision: 0.7834 - recall: 0.9127 - recall_plaga: 0.8737
[1m17/17[0m [32m━━━━━━━━━━━━━━━━━━━━[0m[37m[0m [1m0s[0m 1s/step - accuracy: 0.8846 - auc: 0.9468 - f2_macro: 0.8840 - f2_plaga: 0.8863 - loss: 0.3541 - precision: 0.7799 - recall: 0.9120 - recall_plaga: 0.8715
Epoch 74: ReduceLROnPlateau reducing learning rate to 6.24999984211172e-06.

Epoch 74: val_f2_macro did not improve from 0.87804

[1m17/17[0m [32m━━━━━━━━━━━━━━━━━━━━[0m[37m[0m [1m26s[0m 2s/step - accuracy: 0.8571 - auc: 0.9275 - f2_macro: 0.8576 - f2_plaga: 0.8561 - loss: 0.3946 - precision: 0.7243 - recall: 0.9012 - recall_plaga: 0.8361 - val_accuracy: 0.8496 - val_auc: 0.9260 - val_f2_macro: 0.8553 - val_f2_plaga: 0.8372 - val_loss: 0.3056 - val_precision: 0.7018 - val_recall: 0.9302 - val_recall_plaga: 0.8111 - learning_rate: 1.2500e-05
Epoch 75/80

[1m 1/17[0m [32m━[0m[37m━━━━━━━━━━━━━━━━━━━[0m [1m23s[0m 1s/step - accuracy: 0.9375 - auc: 0.9955 - f2_macro: 0.9437 - f2_plaga: 0.9259 - loss: 0.2625 - precision: 0.8333 - recall: 1.0000 - recall_plaga: 0.9091
[1m 2/17[0m [32m━━[0m[37m━━━━━━━━━━━━━━━━━━[0m [1m21s[0m 1s/step - accuracy: 0.9297 - auc: 0.9755 - f2_macro: 0.9323 - f2_plaga: 0.9247 - loss: 0.2852 - precision: 0.8258 - recall: 0.9737 - recall_plaga: 0.9101
[1m 3/17[0m [32m━━━[0m[37m━━━━━━━━━━━━━━━━━[0m [1m20s[0m 1s/step - accuracy: 0.9253 - auc: 0.9708 - f2_macro: 0.9271 - f2_plaga: 0.9219 - loss: 0.2993 - precision: 0.8298 - recall: 0.9623 - recall_plaga: 0.9083
[1m 4/17[0m [32m━━━━[0m[37m━━━━━━━━━━━━━━━━[0m [1m18s[0m 1s/step - accuracy: 0.9245 - auc: 0.9708 - f2_macro: 0.9249 - f2_plaga: 0.9243 - loss: 0.3013 - precision: 0.8411 - recall: 0.9500 - recall_plaga: 0.9129
[1m 5/17[0m [32m━━━━━[0m[37m━━━━━━━━━━━━━━━[0m [1m17s[0m 1s/step - accuracy: 0.9246 - auc: 0.9711 - f2_macro: 0.9246 - f2_plaga: 0.9253 - loss: 0.3010 - precision: 0.8466 - recall: 0.9459 - recall_plaga: 0.9148
[1m 6/17[0m [32m━━━━━━━[0m[37m━━━━━━━━━━━━━[0m [1m15s[0m 1s/step - accuracy: 0.9224 - auc: 0.9698 - f2_macro: 0.9223 - f2_plaga: 0.9234 - loss: 0.3036 - precision: 0.8455 - recall: 0.9427 - recall_plaga: 0.9129
[1m 7/17[0m [32m━━━━━━━━[0m[37m━━━━━━━━━━━━[0m [1m14s[0m 1s/step - accuracy: 0.9195 - auc: 0.9675 - f2_macro: 0.9190 - f2_plaga: 0.9209 - loss: 0.3074 - precision: 0.8401 - recall: 0.9391 - recall_plaga: 0.9102
[1m 8/17[0m [32m━━━━━━━━━[0m[37m━━━━━━━━━━━[0m [1m12s[0m 1s/step - accuracy: 0.9158 - auc: 0.9641 - f2_macro: 0.9151 - f2_plaga: 0.9179 - loss: 0.3135 - precision: 0.8337 - recall: 0.9347 - recall_plaga: 0.9070
[1m 9/17[0m [32m━━━━━━━━━━[0m[37m━━━━━━━━━━[0m [1m11s[0m 1s/step - accuracy: 0.9117 - auc: 0.9609 - f2_macro: 0.9105 - f2_plaga: 0.9148 - loss: 0.3203 - precision: 0.8285 - recall: 0.9282 - recall_plaga: 0.9039
[1m10/17[0m [32m━━━━━━━━━━━[0m[37m━━━━━━━━━[0m [1m10s[0m 1s/step - accuracy: 0.9068 - auc: 0.9575 - f2_macro: 0.9052 - f2_plaga: 0.9105 - loss: 0.3280 - precision: 0.8213 - recall: 0.9223 - recall_plaga: 0.8995
[1m11/17[0m [32m━━━━━━━━━━━━[0m[37m━━━━━━━━[0m [1m8s[0m 1s/step - accuracy: 0.9023 - auc: 0.9545 - f2_macro: 0.9007 - f2_plaga: 0.9063 - loss: 0.3343 - precision: 0.8137 - recall: 0.9183 - recall_plaga: 0.8948 
[1m12/17[0m [32m━━━━━━━━━━━━━━[0m[37m━━━━━━[0m [1m7s[0m 1s/step - accuracy: 0.8990 - auc: 0.9522 - f2_macro: 0.8972 - f2_plaga: 0.9031 - loss: 0.3393 - precision: 0.8079 - recall: 0.9152 - recall_plaga: 0.8913
[1m13/17[0m [32m━━━━━━━━━━━━━━━[0m[37m━━━━━[0m [1m5s[0m 1s/step - accuracy: 0.8962 - auc: 0.9504 - f2_macro: 0.8943 - f2_plaga: 0.9006 - loss: 0.3432 - precision: 0.8037 - recall: 0.9123 - recall_plaga: 0.8885
[1m14/17[0m [32m━━━━━━━━━━━━━━━━[0m[37m━━━━[0m [1m4s[0m 1s/step - accuracy: 0.8937 - auc: 0.9485 - f2_macro: 0.8918 - f2_plaga: 0.8982 - loss: 0.3472 - precision: 0.7999 - recall: 0.9100 - recall_plaga: 0.8859
[1m15/17[0m [32m━━━━━━━━━━━━━━━━━[0m[37m━━━[0m [1m2s[0m 1s/step - accuracy: 0.8915 - auc: 0.9468 - f2_macro: 0.8895 - f2_plaga: 0.8962 - loss: 0.3507 - precision: 0.7959 - recall: 0.9079 - recall_plaga: 0.8837
[1m16/17[0m [32m━━━━━━━━━━━━━━━━━━[0m[37m━━[0m [1m1s[0m 1s/step - accuracy: 0.8899 - auc: 0.9455 - f2_macro: 0.8878 - f2_plaga: 0.8946 - loss: 0.3532 - precision: 0.7927 - recall: 0.9064 - recall_plaga: 0.8819
[1m17/17[0m [32m━━━━━━━━━━━━━━━━━━━━[0m[37m[0m [1m0s[0m 1s/step - accuracy: 0.8882 - auc: 0.9443 - f2_macro: 0.8860 - f2_plaga: 0.8930 - loss: 0.3557 - precision: 0.7895 - recall: 0.9051 - recall_plaga: 0.8801
Epoch 75: val_f2_macro did not improve from 0.87804

[1m17/17[0m [32m━━━━━━━━━━━━━━━━━━━━[0m[37m[0m [1m25s[0m 1s/step - accuracy: 0.8609 - auc: 0.9245 - f2_macro: 0.8582 - f2_plaga: 0.8664 - loss: 0.3954 - precision: 0.7379 - recall: 0.8837 - recall_plaga: 0.8500 - val_accuracy: 0.8571 - val_auc: 0.9269 - val_f2_macro: 0.8652 - val_f2_plaga: 0.8391 - val_loss: 0.3070 - val_precision: 0.7069 - val_recall: 0.9535 - val_recall_plaga: 0.8111 - learning_rate: 6.2500e-06
Epoch 76/80

[1m 1/17[0m [32m━[0m[37m━━━━━━━━━━━━━━━━━━━[0m [1m24s[0m 2s/step - accuracy: 0.9375 - auc: 0.9886 - f2_macro: 0.9437 - f2_plaga: 0.9259 - loss: 0.2518 - precision: 0.8333 - recall: 1.0000 - recall_plaga: 0.9091
[1m 2/17[0m [32m━━[0m[37m━━━━━━━━━━━━━━━━━━[0m [1m21s[0m 1s/step - accuracy: 0.9297 - auc: 0.9695 - f2_macro: 0.9323 - f2_plaga: 0.9247 - loss: 0.2781 - precision: 0.8258 - recall: 0.9737 - recall_plaga: 0.9101
[1m 3/17[0m [32m━━━[0m[37m━━━━━━━━━━━━━━━━━[0m [1m20s[0m 1s/step - accuracy: 0.9184 - auc: 0.9630 - f2_macro: 0.9195 - f2_plaga: 0.9166 - loss: 0.2959 - precision: 0.8208 - recall: 0.9522 - recall_plaga: 0.9030
[1m 4/17[0m [32m━━━━[0m[37m━━━━━━━━━━━━━━━━[0m [1m18s[0m 1s/step - accuracy: 0.9154 - auc: 0.9626 - f2_macro: 0.9150 - f2_plaga: 0.9172 - loss: 0.3008 - precision: 0.8291 - recall: 0.9369 - recall_plaga: 0.9059
[1m 5/17[0m [32m━━━━━[0m[37m━━━━━━━━━━━━━━━[0m [1m17s[0m 1s/step - accuracy: 0.9148 - auc: 0.9621 - f2_macro: 0.9139 - f2_plaga: 0.9177 - loss: 0.3029 - precision: 0.8338 - recall: 0.9320 - recall_plaga: 0.9073
[1m 6/17[0m [32m━━━━━━━[0m[37m━━━━━━━━━━━━━[0m [1m16s[0m 1s/step - accuracy: 0.9116 - auc: 0.9597 - f2_macro: 0.9104 - f2_plaga: 0.9154 - loss: 0.3085 - precision: 0.8322 - recall: 0.9262 - recall_plaga: 0.9053
[1m 7/17[0m [32m━━━━━━━━[0m[37m━━━━━━━━━━━━[0m [1m14s[0m 1s/step - accuracy: 0.9083 - auc: 0.9574 - f2_macro: 0.9069 - f2_plaga: 0.9123 - loss: 0.3133 - precision: 0.8256 - recall: 0.9230 - recall_plaga: 0.9018
[1m 8/17[0m [32m━━━━━━━━━[0m[37m━━━━━━━━━━━[0m [1m13s[0m 1s/step - accuracy: 0.9046 - auc: 0.9549 - f2_macro: 0.9032 - f2_plaga: 0.9086 - loss: 0.3189 - precision: 0.8180 - recall: 0.9206 - recall_plaga: 0.8974
[1m 9/17[0m [32m━━━━━━━━━━[0m[37m━━━━━━━━━━[0m [1m11s[0m 1s/step - accuracy: 0.9010 - auc: 0.9525 - f2_macro: 0.8994 - f2_plaga: 0.9051 - loss: 0.3251 - precision: 0.8125 - recall: 0.9168 - recall_plaga: 0.8937
[1m10/17[0m [32m━━━━━━━━━━━[0m[37m━━━━━━━━━[0m [1m10s[0m 1s/step - accuracy: 0.8965 - auc: 0.9494 - f2_macro: 0.8950 - f2_plaga: 0.9004 - loss: 0.3327 - precision: 0.8049 - recall: 0.9139 - recall_plaga: 0.8884
[1m11/17[0m [32m━━━━━━━━━━━━[0m[37m━━━━━━━━[0m [1m8s[0m 1s/step - accuracy: 0.8925 - auc: 0.9466 - f2_macro: 0.8911 - f2_plaga: 0.8960 - loss: 0.3390 - precision: 0.7972 - recall: 0.9123 - recall_plaga: 0.8832 
[1m12/17[0m [32m━━━━━━━━━━━━━━[0m[37m━━━━━━[0m [1m7s[0m 1s/step - accuracy: 0.8893 - auc: 0.9445 - f2_macro: 0.8880 - f2_plaga: 0.8926 - loss: 0.3439 - precision: 0.7913 - recall: 0.9103 - recall_plaga: 0.8793
[1m13/17[0m [32m━━━━━━━━━━━━━━━[0m[37m━━━━━[0m [1m5s[0m 1s/step - accuracy: 0.8867 - auc: 0.9427 - f2_macro: 0.8854 - f2_plaga: 0.8900 - loss: 0.3478 - precision: 0.7871 - recall: 0.9084 - recall_plaga: 0.8764
[1m14/17[0m [32m━━━━━━━━━━━━━━━━[0m[37m━━━━[0m [1m4s[0m 1s/step - accuracy: 0.8844 - auc: 0.9411 - f2_macro: 0.8832 - f2_plaga: 0.8876 - loss: 0.3515 - precision: 0.7834 - recall: 0.9068 - recall_plaga: 0.8737
[1m15/17[0m [32m━━━━━━━━━━━━━━━━━[0m[37m━━━[0m [1m2s[0m 1s/step - accuracy: 0.8824 - auc: 0.9395 - f2_macro: 0.8812 - f2_plaga: 0.8855 - loss: 0.3548 - precision: 0.7794 - recall: 0.9058 - recall_plaga: 0.8712
[1m16/17[0m [32m━━━━━━━━━━━━━━━━━━[0m[37m━━[0m [1m1s[0m 1s/step - accuracy: 0.8810 - auc: 0.9383 - f2_macro: 0.8798 - f2_plaga: 0.8839 - loss: 0.3573 - precision: 0.7763 - recall: 0.9052 - recall_plaga: 0.8694
[1m17/17[0m [32m━━━━━━━━━━━━━━━━━━━━[0m[37m[0m [1m0s[0m 1s/step - accuracy: 0.8795 - auc: 0.9370 - f2_macro: 0.8784 - f2_plaga: 0.8822 - loss: 0.3598 - precision: 0.7731 - recall: 0.9046 - recall_plaga: 0.8674
Epoch 76: val_f2_macro improved from 0.87804 to 0.88484, saving model to C:\workspace\hd-image-pest-detection-cnn-and-rf\best_models\best_model_final_MULTIESPECTRAL_binary_crossentropy.keras

[1m17/17[0m [32m━━━━━━━━━━━━━━━━━━━━[0m[37m[0m [1m26s[0m 2s/step - accuracy: 0.8553 - auc: 0.9177 - f2_macro: 0.8551 - f2_plaga: 0.8556 - loss: 0.3995 - precision: 0.7230 - recall: 0.8953 - recall_plaga: 0.8361 - val_accuracy: 0.8722 - val_auc: 0.9288 - val_f2_macro: 0.8848 - val_f2_plaga: 0.8430 - val_loss: 0.3190 - val_precision: 0.7167 - val_recall: 1.0000 - val_recall_plaga: 0.8111 - learning_rate: 6.2500e-06
Epoch 77/80

[1m 1/17[0m [32m━[0m[37m━━━━━━━━━━━━━━━━━━━[0m [1m26s[0m 2s/step - accuracy: 0.9375 - auc: 0.9636 - f2_macro: 0.9437 - f2_plaga: 0.9259 - loss: 0.3062 - precision: 0.8333 - recall: 1.0000 - recall_plaga: 0.9091
[1m 2/17[0m [32m━━[0m[37m━━━━━━━━━━━━━━━━━━[0m [1m25s[0m 2s/step - accuracy: 0.9297 - auc: 0.9564 - f2_macro: 0.9323 - f2_plaga: 0.9247 - loss: 0.3128 - precision: 0.8258 - recall: 0.9737 - recall_plaga: 0.9101
[1m 3/17[0m [32m━━━[0m[37m━━━━━━━━━━━━━━━━━[0m [1m21s[0m 2s/step - accuracy: 0.9253 - auc: 0.9538 - f2_macro: 0.9271 - f2_plaga: 0.9219 - loss: 0.3186 - precision: 0.8298 - recall: 0.9623 - recall_plaga: 0.9083
[1m 4/17[0m [32m━━━━[0m[37m━━━━━━━━━━━━━━━━[0m [1m19s[0m 2s/step - accuracy: 0.9264 - auc: 0.9552 - f2_macro: 0.9274 - f2_plaga: 0.9249 - loss: 0.3163 - precision: 0.8417 - recall: 0.9554 - recall_plaga: 0.9129
[1m 5/17[0m [32m━━━━━[0m[37m━━━━━━━━━━━━━━━[0m [1m18s[0m 2s/step - accuracy: 0.9274 - auc: 0.9565 - f2_macro: 0.9282 - f2_plaga: 0.9262 - loss: 0.3134 - precision: 0.8476 - recall: 0.9538 - recall_plaga: 0.9148
[1m 6/17[0m [32m━━━━━━━[0m[37m━━━━━━━━━━━━━[0m [1m16s[0m 1s/step - accuracy: 0.9256 - auc: 0.9562 - f2_macro: 0.9264 - f2_plaga: 0.9243 - loss: 0.3139 - precision: 0.8467 - recall: 0.9517 - recall_plaga: 0.9129
[1m 7/17[0m [32m━━━━━━━━[0m[37m━━━━━━━━━━━━[0m [1m14s[0m 1s/step - accuracy: 0.9228 - auc: 0.9558 - f2_macro: 0.9234 - f2_plaga: 0.9219 - loss: 0.3152 - precision: 0.8414 - recall: 0.9488 - recall_plaga: 0.9102
[1m 8/17[0m [32m━━━━━━━━━[0m[37m━━━━━━━━━━━[0m [1m13s[0m 1s/step - accuracy: 0.9188 - auc: 0.9538 - f2_macro: 0.9192 - f2_plaga: 0.9183 - loss: 0.3195 - precision: 0.8341 - recall: 0.9447 - recall_plaga: 0.9063
[1m 9/17[0m [32m━━━━━━━━━━[0m[37m━━━━━━━━━━[0m [1m11s[0m 1s/step - accuracy: 0.9147 - auc: 0.9520 - f2_macro: 0.9148 - f2_plaga: 0.9148 - loss: 0.3243 - precision: 0.8285 - recall: 0.9394 - recall_plaga: 0.9027
[1m10/17[0m [32m━━━━━━━━━━━[0m[37m━━━━━━━━━[0m [1m10s[0m 1s/step - accuracy: 0.9098 - auc: 0.9492 - f2_macro: 0.9097 - f2_plaga: 0.9103 - loss: 0.3312 - precision: 0.8211 - recall: 0.9342 - recall_plaga: 0.8979
[1m11/17[0m [32m━━━━━━━━━━━━[0m[37m━━━━━━━━[0m [1m8s[0m 1s/step - accuracy: 0.9054 - auc: 0.9463 - f2_macro: 0.9052 - f2_plaga: 0.9060 - loss: 0.3374 - precision: 0.8133 - recall: 0.9307 - recall_plaga: 0.8930 
[1m12/17[0m [32m━━━━━━━━━━━━━━[0m[37m━━━━━━[0m [1m7s[0m 1s/step - accuracy: 0.9020 - auc: 0.9440 - f2_macro: 0.9017 - f2_plaga: 0.9027 - loss: 0.3422 - precision: 0.8075 - recall: 0.9279 - recall_plaga: 0.8893
[1m13/17[0m [32m━━━━━━━━━━━━━━━[0m[37m━━━━━[0m [1m5s[0m 1s/step - accuracy: 0.8991 - auc: 0.9424 - f2_macro: 0.8988 - f2_plaga: 0.9000 - loss: 0.3457 - precision: 0.8032 - recall: 0.9251 - recall_plaga: 0.8864
[1m14/17[0m [32m━━━━━━━━━━━━━━━━[0m[37m━━━━[0m [1m4s[0m 1s/step - accuracy: 0.8965 - auc: 0.9408 - f2_macro: 0.8961 - f2_plaga: 0.8974 - loss: 0.3492 - precision: 0.7990 - recall: 0.9229 - recall_plaga: 0.8835
[1m15/17[0m [32m━━━━━━━━━━━━━━━━━[0m[37m━━━[0m [1m3s[0m 2s/step - accuracy: 0.8941 - auc: 0.9393 - f2_macro: 0.8936 - f2_plaga: 0.8951 - loss: 0.3525 - precision: 0.7948 - recall: 0.9207 - recall_plaga: 0.8810
[1m16/17[0m [32m━━━━━━━━━━━━━━━━━━[0m[37m━━[0m [1m1s[0m 2s/step - accuracy: 0.8924 - auc: 0.9381 - f2_macro: 0.8919 - f2_plaga: 0.8935 - loss: 0.3550 - precision: 0.7916 - recall: 0.9192 - recall_plaga: 0.8792
[1m17/17[0m [32m━━━━━━━━━━━━━━━━━━━━[0m[37m[0m [1m0s[0m 1s/step - accuracy: 0.8907 - auc: 0.9370 - f2_macro: 0.8902 - f2_plaga: 0.8920 - loss: 0.3573 - precision: 0.7886 - recall: 0.9178 - recall_plaga: 0.8775
Epoch 77: val_f2_macro did not improve from 0.88484

[1m17/17[0m [32m━━━━━━━━━━━━━━━━━━━━[0m[37m[0m [1m26s[0m 2s/step - accuracy: 0.8647 - auc: 0.9201 - f2_macro: 0.8634 - f2_plaga: 0.8673 - loss: 0.3941 - precision: 0.7404 - recall: 0.8953 - recall_plaga: 0.8500 - val_accuracy: 0.8647 - val_auc: 0.9297 - val_f2_macro: 0.8780 - val_f2_plaga: 0.8333 - val_loss: 0.3224 - val_precision: 0.7049 - val_recall: 1.0000 - val_recall_plaga: 0.8000 - learning_rate: 6.2500e-06
Epoch 78/80

[1m 1/17[0m [32m━[0m[37m━━━━━━━━━━━━━━━━━━━[0m [1m23s[0m 1s/step - accuracy: 0.9375 - auc: 1.0000 - f2_macro: 0.9437 - f2_plaga: 0.9259 - loss: 0.2432 - precision: 0.8333 - recall: 1.0000 - recall_plaga: 0.9091
[1m 2/17[0m [32m━━[0m[37m━━━━━━━━━━━━━━━━━━[0m [1m22s[0m 1s/step - accuracy: 0.9297 - auc: 0.9863 - f2_macro: 0.9323 - f2_plaga: 0.9247 - loss: 0.2638 - precision: 0.8258 - recall: 0.9737 - recall_plaga: 0.9101
[1m 3/17[0m [32m━━━[0m[37m━━━━━━━━━━━━━━━━━[0m [1m20s[0m 1s/step - accuracy: 0.9253 - auc: 0.9801 - f2_macro: 0.9271 - f2_plaga: 0.9219 - loss: 0.2769 - precision: 0.8298 - recall: 0.9623 - recall_plaga: 0.9083
[1m 4/17[0m [32m━━━━[0m[37m━━━━━━━━━━━━━━━━[0m [1m18s[0m 1s/step - accuracy: 0.9245 - auc: 0.9782 - f2_macro: 0.9249 - f2_plaga: 0.9243 - loss: 0.2823 - precision: 0.8411 - recall: 0.9500 - recall_plaga: 0.9129
[1m 5/17[0m [32m━━━━━[0m[37m━━━━━━━━━━━━━━━[0m [1m17s[0m 1s/step - accuracy: 0.9246 - auc: 0.9760 - f2_macro: 0.9246 - f2_plaga: 0.9253 - loss: 0.2862 - precision: 0.8466 - recall: 0.9459 - recall_plaga: 0.9148
[1m 6/17[0m [32m━━━━━━━[0m[37m━━━━━━━━━━━━━[0m [1m15s[0m 1s/step - accuracy: 0.9207 - auc: 0.9727 - f2_macro: 0.9200 - f2_plaga: 0.9229 - loss: 0.2925 - precision: 0.8448 - recall: 0.9378 - recall_plaga: 0.9129
[1m 7/17[0m [32m━━━━━━━━[0m[37m━━━━━━━━━━━━[0m [1m14s[0m 1s/step - accuracy: 0.9161 - auc: 0.9691 - f2_macro: 0.9148 - f2_plaga: 0.9193 - loss: 0.2992 - precision: 0.8374 - recall: 0.9310 - recall_plaga: 0.9093
[1m 8/17[0m [32m━━━━━━━━━[0m[37m━━━━━━━━━━━[0m [1m13s[0m 1s/step - accuracy: 0.9114 - auc: 0.9655 - f2_macro: 0.9099 - f2_plaga: 0.9152 - loss: 0.3064 - precision: 0.8290 - recall: 0.9261 - recall_plaga: 0.9047
[1m 9/17[0m [32m━━━━━━━━━━[0m[37m━━━━━━━━━━[0m [1m11s[0m 1s/step - accuracy: 0.9074 - auc: 0.9622 - f2_macro: 0.9057 - f2_plaga: 0.9115 - loss: 0.3135 - precision: 0.8230 - recall: 0.9217 - recall_plaga: 0.9007
[1m10/17[0m [32m━━━━━━━━━━━[0m[37m━━━━━━━━━[0m [1m10s[0m 1s/step - accuracy: 0.9026 - auc: 0.9583 - f2_macro: 0.9008 - f2_plaga: 0.9069 - loss: 0.3217 - precision: 0.8153 - recall: 0.9174 - recall_plaga: 0.8956
[1m11/17[0m [32m━━━━━━━━━━━━[0m[37m━━━━━━━━[0m [1m8s[0m 1s/step - accuracy: 0.8982 - auc: 0.9549 - f2_macro: 0.8965 - f2_plaga: 0.9024 - loss: 0.3284 - precision: 0.8074 - recall: 0.9146 - recall_plaga: 0.8906 
[1m12/17[0m [32m━━━━━━━━━━━━━━[0m[37m━━━━━━[0m [1m7s[0m 1s/step - accuracy: 0.8948 - auc: 0.9521 - f2_macro: 0.8930 - f2_plaga: 0.8990 - loss: 0.3338 - precision: 0.8014 - recall: 0.9118 - recall_plaga: 0.8868
[1m13/17[0m [32m━━━━━━━━━━━━━━━[0m[37m━━━━━[0m [1m5s[0m 1s/step - accuracy: 0.8918 - auc: 0.9499 - f2_macro: 0.8900 - f2_plaga: 0.8961 - loss: 0.3382 - precision: 0.7966 - recall: 0.9092 - recall_plaga: 0.8835
[1m14/17[0m [32m━━━━━━━━━━━━━━━━[0m[37m━━━━[0m [1m4s[0m 1s/step - accuracy: 0.8892 - auc: 0.9480 - f2_macro: 0.8873 - f2_plaga: 0.8934 - loss: 0.3422 - precision: 0.7924 - recall: 0.9071 - recall_plaga: 0.8806
[1m15/17[0m [32m━━━━━━━━━━━━━━━━━[0m[37m━━━[0m [1m2s[0m 1s/step - accuracy: 0.8868 - auc: 0.9462 - f2_macro: 0.8850 - f2_plaga: 0.8912 - loss: 0.3456 - precision: 0.7882 - recall: 0.9052 - recall_plaga: 0.8780
[1m16/17[0m [32m━━━━━━━━━━━━━━━━━━[0m[37m━━[0m [1m1s[0m 1s/step - accuracy: 0.8852 - auc: 0.9449 - f2_macro: 0.8833 - f2_plaga: 0.8896 - loss: 0.3483 - precision: 0.7850 - recall: 0.9039 - recall_plaga: 0.8763
[1m17/17[0m [32m━━━━━━━━━━━━━━━━━━━━[0m[37m[0m [1m0s[0m 1s/step - accuracy: 0.8836 - auc: 0.9437 - f2_macro: 0.8816 - f2_plaga: 0.8880 - loss: 0.3510 - precision: 0.7818 - recall: 0.9027 - recall_plaga: 0.8744
Epoch 78: val_f2_macro did not improve from 0.88484

[1m17/17[0m [32m━━━━━━━━━━━━━━━━━━━━[0m[37m[0m [1m25s[0m 2s/step - accuracy: 0.8571 - auc: 0.9237 - f2_macro: 0.8549 - f2_plaga: 0.8617 - loss: 0.3942 - precision: 0.7308 - recall: 0.8837 - recall_plaga: 0.8444 - val_accuracy: 0.8647 - val_auc: 0.9286 - val_f2_macro: 0.8751 - val_f2_plaga: 0.8410 - val_loss: 0.3144 - val_precision: 0.7119 - val_recall: 0.9767 - val_recall_plaga: 0.8111 - learning_rate: 6.2500e-06
Epoch 79/80

[1m 1/17[0m [32m━[0m[37m━━━━━━━━━━━━━━━━━━━[0m [1m23s[0m 1s/step - accuracy: 0.9375 - auc: 0.9932 - f2_macro: 0.9437 - f2_plaga: 0.9259 - loss: 0.2615 - precision: 0.8333 - recall: 1.0000 - recall_plaga: 0.9091
[1m 2/17[0m [32m━━[0m[37m━━━━━━━━━━━━━━━━━━[0m [1m22s[0m 2s/step - accuracy: 0.9297 - auc: 0.9814 - f2_macro: 0.9323 - f2_plaga: 0.9247 - loss: 0.2737 - precision: 0.8258 - recall: 0.9737 - recall_plaga: 0.9101
[1m 3/17[0m [32m━━━[0m[37m━━━━━━━━━━━━━━━━━[0m [1m21s[0m 2s/step - accuracy: 0.9184 - auc: 0.9765 - f2_macro: 0.9195 - f2_plaga: 0.9166 - loss: 0.2876 - precision: 0.8208 - recall: 0.9522 - recall_plaga: 0.9030
[1m 4/17[0m [32m━━━━[0m[37m━━━━━━━━━━━━━━━━[0m [1m20s[0m 2s/step - accuracy: 0.9154 - auc: 0.9760 - f2_macro: 0.9150 - f2_plaga: 0.9172 - loss: 0.2899 - precision: 0.8291 - recall: 0.9369 - recall_plaga: 0.9059
[1m 5/17[0m [32m━━━━━[0m[37m━━━━━━━━━━━━━━━[0m [1m18s[0m 2s/step - accuracy: 0.9148 - auc: 0.9743 - f2_macro: 0.9139 - f2_plaga: 0.9177 - loss: 0.2925 - precision: 0.8338 - recall: 0.9320 - recall_plaga: 0.9073
[1m 6/17[0m [32m━━━━━━━[0m[37m━━━━━━━━━━━━━[0m [1m16s[0m 2s/step - accuracy: 0.9116 - auc: 0.9713 - f2_macro: 0.9104 - f2_plaga: 0.9154 - loss: 0.2982 - precision: 0.8322 - recall: 0.9262 - recall_plaga: 0.9053
[1m 7/17[0m [32m━━━━━━━━[0m[37m━━━━━━━━━━━━[0m [1m14s[0m 1s/step - accuracy: 0.9077 - auc: 0.9688 - f2_macro: 0.9060 - f2_plaga: 0.9122 - loss: 0.3027 - precision: 0.8252 - recall: 0.9211 - recall_plaga: 0.9018
[1m 8/17[0m [32m━━━━━━━━━[0m[37m━━━━━━━━━━━[0m [1m13s[0m 1s/step - accuracy: 0.9031 - auc: 0.9658 - f2_macro: 0.9011 - f2_plaga: 0.9082 - loss: 0.3089 - precision: 0.8171 - recall: 0.9159 - recall_plaga: 0.8974
[1m 9/17[0m [32m━━━━━━━━━━[0m[37m━━━━━━━━━━[0m [1m11s[0m 1s/step - accuracy: 0.8992 - auc: 0.9631 - f2_macro: 0.8970 - f2_plaga: 0.9047 - loss: 0.3150 - precision: 0.8114 - recall: 0.9115 - recall_plaga: 0.8937
[1m10/17[0m [32m━━━━━━━━━━━[0m[37m━━━━━━━━━[0m [1m10s[0m 1s/step - accuracy: 0.8946 - auc: 0.9595 - f2_macro: 0.8923 - f2_plaga: 0.9003 - loss: 0.3230 - precision: 0.8041 - recall: 0.9072 - recall_plaga: 0.8888
[1m11/17[0m [32m━━━━━━━━━━━━[0m[37m━━━━━━━━[0m [1m8s[0m 1s/step - accuracy: 0.8905 - auc: 0.9561 - f2_macro: 0.8882 - f2_plaga: 0.8960 - loss: 0.3298 - precision: 0.7966 - recall: 0.9046 - recall_plaga: 0.8840 
[1m12/17[0m [32m━━━━━━━━━━━━━━[0m[37m━━━━━━[0m [1m7s[0m 1s/step - accuracy: 0.8872 - auc: 0.9533 - f2_macro: 0.8849 - f2_plaga: 0.8928 - loss: 0.3353 - precision: 0.7909 - recall: 0.9020 - recall_plaga: 0.8804
[1m13/17[0m [32m━━━━━━━━━━━━━━━[0m[37m━━━━━[0m [1m5s[0m 1s/step - accuracy: 0.8848 - auc: 0.9511 - f2_macro: 0.8825 - f2_plaga: 0.8904 - loss: 0.3397 - precision: 0.7869 - recall: 0.9001 - recall_plaga: 0.8777
[1m14/17[0m [32m━━━━━━━━━━━━━━━━[0m[37m━━━━[0m [1m4s[0m 1s/step - accuracy: 0.8827 - auc: 0.9490 - f2_macro: 0.8804 - f2_plaga: 0.8881 - loss: 0.3438 - precision: 0.7834 - recall: 0.8987 - recall_plaga: 0.8751
[1m15/17[0m [32m━━━━━━━━━━━━━━━━━[0m[37m━━━[0m [1m2s[0m 1s/step - accuracy: 0.8808 - auc: 0.9470 - f2_macro: 0.8785 - f2_plaga: 0.8862 - loss: 0.3474 - precision: 0.7797 - recall: 0.8973 - recall_plaga: 0.8730
[1m16/17[0m [32m━━━━━━━━━━━━━━━━━━[0m[37m━━[0m [1m1s[0m 1s/step - accuracy: 0.8795 - auc: 0.9456 - f2_macro: 0.8771 - f2_plaga: 0.8848 - loss: 0.3501 - precision: 0.7769 - recall: 0.8965 - recall_plaga: 0.8714
[1m17/17[0m [32m━━━━━━━━━━━━━━━━━━━━[0m[37m[0m [1m0s[0m 1s/step - accuracy: 0.8780 - auc: 0.9441 - f2_macro: 0.8757 - f2_plaga: 0.8833 - loss: 0.3529 - precision: 0.7739 - recall: 0.8958 - recall_plaga: 0.8696
Epoch 79: ReduceLROnPlateau reducing learning rate to 3.12499992105586e-06.

Epoch 79: val_f2_macro did not improve from 0.88484

[1m17/17[0m [32m━━━━━━━━━━━━━━━━━━━━[0m[37m[0m [1m26s[0m 2s/step - accuracy: 0.8553 - auc: 0.9213 - f2_macro: 0.8533 - f2_plaga: 0.8593 - loss: 0.3967 - precision: 0.7273 - recall: 0.8837 - recall_plaga: 0.8417 - val_accuracy: 0.8647 - val_auc: 0.9279 - val_f2_macro: 0.8780 - val_f2_plaga: 0.8333 - val_loss: 0.3259 - val_precision: 0.7049 - val_recall: 1.0000 - val_recall_plaga: 0.8000 - learning_rate: 6.2500e-06
Epoch 80/80

[1m 1/17[0m [32m━[0m[37m━━━━━━━━━━━━━━━━━━━[0m [1m22s[0m 1s/step - accuracy: 0.9375 - auc: 0.9727 - f2_macro: 0.9437 - f2_plaga: 0.9259 - loss: 0.2755 - precision: 0.8333 - recall: 1.0000 - recall_plaga: 0.9091
[1m 2/17[0m [32m━━[0m[37m━━━━━━━━━━━━━━━━━━[0m [1m21s[0m 1s/step - accuracy: 0.9297 - auc: 0.9641 - f2_macro: 0.9323 - f2_plaga: 0.9247 - loss: 0.2918 - precision: 0.8258 - recall: 0.9737 - recall_plaga: 0.9101
[1m 3/17[0m [32m━━━[0m[37m━━━━━━━━━━━━━━━━━[0m [1m20s[0m 1s/step - accuracy: 0.9219 - auc: 0.9610 - f2_macro: 0.9240 - f2_plaga: 0.9175 - loss: 0.3041 - precision: 0.8224 - recall: 0.9623 - recall_plaga: 0.9030
[1m 4/17[0m [32m━━━━[0m[37m━━━━━━━━━━━━━━━━[0m [1m18s[0m 1s/step - accuracy: 0.9199 - auc: 0.9612 - f2_macro: 0.9209 - f2_plaga: 0.9185 - loss: 0.3067 - precision: 0.8311 - recall: 0.9500 - recall_plaga: 0.9059
[1m 5/17[0m [32m━━━━━[0m[37m━━━━━━━━━━━━━━━[0m [1m17s[0m 1s/step - accuracy: 0.9197 - auc: 0.9612 - f2_macro: 0.9202 - f2_plaga: 0.9191 - loss: 0.3078 - precision: 0.8359 - recall: 0.9459 - recall_plaga: 0.9073
[1m 6/17[0m [32m━━━━━━━[0m[37m━━━━━━━━━━━━━[0m [1m15s[0m 1s/step - accuracy: 0.9166 - auc: 0.9592 - f2_macro: 0.9168 - f2_plaga: 0.9168 - loss: 0.3121 - precision: 0.8343 - recall: 0.9402 - recall_plaga: 0.9053
[1m 7/17[0m [32m━━━━━━━━[0m[37m━━━━━━━━━━━━[0m [1m14s[0m 1s/step - accuracy: 0.9119 - auc: 0.9569 - f2_macro: 0.9118 - f2_plaga: 0.9127 - loss: 0.3167 - precision: 0.8261 - recall: 0.9351 - recall_plaga: 0.9008
[1m 8/17[0m [32m━━━━━━━━━[0m[37m━━━━━━━━━━━[0m [1m12s[0m 1s/step - accuracy: 0.9068 - auc: 0.9542 - f2_macro: 0.9066 - f2_plaga: 0.9077 - loss: 0.3228 - precision: 0.8166 - recall: 0.9311 - recall_plaga: 0.8951
[1m 9/17[0m [32m━━━━━━━━━━[0m[37m━━━━━━━━━━[0m [1m11s[0m 1s/step - accuracy: 0.9021 - auc: 0.9515 - f2_macro: 0.9017 - f2_plaga: 0.9034 - loss: 0.3294 - precision: 0.8096 - recall: 0.9262 - recall_plaga: 0.8905
[1m10/17[0m [32m━━━━━━━━━━━[0m[37m━━━━━━━━━[0m [1m10s[0m 1s/step - accuracy: 0.8969 - auc: 0.9482 - f2_macro: 0.8964 - f2_plaga: 0.8984 - loss: 0.3374 - precision: 0.8015 - recall: 0.9214 - recall_plaga: 0.8850
[1m11/17[0m [32m━━━━━━━━━━━━[0m[37m━━━━━━━━[0m [1m8s[0m 1s/step - accuracy: 0.8923 - auc: 0.9453 - f2_macro: 0.8918 - f2_plaga: 0.8937 - loss: 0.3442 - precision: 0.7935 - recall: 0.9183 - recall_plaga: 0.8798 
[1m12/17[0m [32m━━━━━━━━━━━━━━[0m[37m━━━━━━[0m [1m7s[0m 1s/step - accuracy: 0.8887 - auc: 0.9430 - f2_macro: 0.8882 - f2_plaga: 0.8902 - loss: 0.3497 - precision: 0.7875 - recall: 0.9152 - recall_plaga: 0.8759
[1m13/17[0m [32m━━━━━━━━━━━━━━━[0m[37m━━━━━[0m [1m5s[0m 1s/step - accuracy: 0.8858 - auc: 0.9410 - f2_macro: 0.8852 - f2_plaga: 0.8875 - loss: 0.3540 - precision: 0.7831 - recall: 0.9123 - recall_plaga: 0.8729
[1m14/17[0m [32m━━━━━━━━━━━━━━━━[0m[37m━━━━[0m [1m4s[0m 1s/step - accuracy: 0.8833 - auc: 0.9392 - f2_macro: 0.8826 - f2_plaga: 0.8851 - loss: 0.3580 - precision: 0.7792 - recall: 0.9100 - recall_plaga: 0.8703
[1m15/17[0m [32m━━━━━━━━━━━━━━━━━[0m[37m━━━[0m [1m2s[0m 1s/step - accuracy: 0.8811 - auc: 0.9374 - f2_macro: 0.8803 - f2_plaga: 0.8830 - loss: 0.3615 - precision: 0.7754 - recall: 0.9079 - recall_plaga: 0.8680
[1m16/17[0m [32m━━━━━━━━━━━━━━━━━━[0m[37m━━[0m [1m1s[0m 1s/step - accuracy: 0.8793 - auc: 0.9362 - f2_macro: 0.8785 - f2_plaga: 0.8814 - loss: 0.3640 - precision: 0.7721 - recall: 0.9064 - recall_plaga: 0.8662
[1m17/17[0m [32m━━━━━━━━━━━━━━━━━━━━[0m[37m[0m [1m0s[0m 1s/step - accuracy: 0.8776 - auc: 0.9351 - f2_macro: 0.8767 - f2_plaga: 0.8797 - loss: 0.3665 - precision: 0.7688 - recall: 0.9051 - recall_plaga: 0.8642
Epoch 80: val_f2_macro did not improve from 0.88484

[1m17/17[0m [32m━━━━━━━━━━━━━━━━━━━━[0m[37m[0m [1m25s[0m 2s/step - accuracy: 0.8496 - auc: 0.9170 - f2_macro: 0.8484 - f2_plaga: 0.8523 - loss: 0.4067 - precision: 0.7170 - recall: 0.8837 - recall_plaga: 0.8333 - val_accuracy: 0.8647 - val_auc: 0.9283 - val_f2_macro: 0.8780 - val_f2_plaga: 0.8333 - val_loss: 0.3252 - val_precision: 0.7049 - val_recall: 1.0000 - val_recall_plaga: 0.8000 - learning_rate: 3.1250e-06
Restoring model weights from the end of the best epoch: 69.

--- [Fecha/hora inicio=20260716_1936] ---

--- [T=2208.41s] ---
5. Guardado y Ploteo (Usando utils_train)

Historial guardado en 'C:\workspace\hd-image-pest-detection-cnn-and-rf\history/MULTIESPECTRAL/binary_crossentropy\history_20260716_2012_epochs_80_MULTIESPECTRAL_BCE.json'

[1m 1/17[0m [32m━[0m[37m━━━━━━━━━━━━━━━━━━━[0m [1m6s[0m 386ms/step
[1m 2/17[0m [32m━━[0m[37m━━━━━━━━━━━━━━━━━━[0m [1m3s[0m 263ms/step
[1m 3/17[0m [32m━━━[0m[37m━━━━━━━━━━━━━━━━━[0m [1m3s[0m 255ms/step
[1m 4/17[0m [32m━━━━[0m[37m━━━━━━━━━━━━━━━━[0m [1m3s[0m 263ms/step
[1m 5/17[0m [32m━━━━━[0m[37m━━━━━━━━━━━━━━━[0m [1m3s[0m 262ms/step
[1m 6/17[0m [32m━━━━━━━[0m[37m━━━━━━━━━━━━━[0m [1m2s[0m 263ms/step
[1m 7/17[0m [32m━━━━━━━━[0m[37m━━━━━━━━━━━━[0m [1m2s[0m 262ms/step
[1m 8/17[0m [32m━━━━━━━━━[0m[37m━━━━━━━━━━━[0m [1m2s[0m 263ms/step
[1m 9/17[0m [32m━━━━━━━━━━[0m[37m━━━━━━━━━━[0m [1m2s[0m 262ms/step
[1m10/17[0m [32m━━━━━━━━━━━[0m[37m━━━━━━━━━[0m [1m1s[0m 262ms/step
[1m11/17[0m [32m━━━━━━━━━━━━[0m[37m━━━━━━━━[0m [1m1s[0m 262ms/step
[1m12/17[0m [32m━━━━━━━━━━━━━━[0m[37m━━━━━━[0m [1m1s[0m 263ms/step
[1m13/17[0m [32m━━━━━━━━━━━━━━━[0m[37m━━━━━[0m [1m1s[0m 263ms/step
[1m14/17[0m [32m━━━━━━━━━━━━━━━━[0m[37m━━━━[0m [1m0s[0m 263ms/step
[1m15/17[0m [32m━━━━━━━━━━━━━━━━━[0m[37m━━━[0m [1m0s[0m 263ms/step
[1m16/17[0m [32m━━━━━━━━━━━━━━━━━━[0m[37m━━[0m [1m0s[0m 262ms/step
[1m17/17[0m [32m━━━━━━━━━━━━━━━━━━━━[0m[37m[0m [1m0s[0m 259ms/step
[1m17/17[0m [32m━━━━━━━━━━━━━━━━━━━━[0m[37m[0m [1m5s[0m 260ms/step

--- ANÁLISIS DE UMBRAL ÓPTIMO ---
Mejor Umbral detectado: 0.3719

Nueva Matriz de Confusión con Umbral Óptimo:
[[288  72]
 [  0 172]]

Reporte de Clasificación:
              precision    recall  f1-score   support

           0       1.00      0.80      0.89       360
           1       0.70      1.00      0.83       172

    accuracy                           0.86       532
   macro avg       0.85      0.90      0.86       532
weighted avg       0.90      0.86      0.87       532


Auc: 0.9343669250645996
Umbral mas optimo:  0.37191844

[1m1/5[0m [32m━━━━[0m[37m━━━━━━━━━━━━━━━━[0m [1m1s[0m 324ms/step
[1m2/5[0m [32m━━━━━━━━[0m[37m━━━━━━━━━━━━[0m [1m0s[0m 275ms/step
[1m3/5[0m [32m━━━━━━━━━━━━[0m[37m━━━━━━━━[0m [1m0s[0m 279ms/step
[1m4/5[0m [32m━━━━━━━━━━━━━━━━[0m[37m━━━━[0m [1m0s[0m 282ms/step
[1m5/5[0m [32m━━━━━━━━━━━━━━━━━━━━[0m[37m[0m [1m1s[0m 226ms/step

✅ Reporte de Clasificación guardado en: C:\workspace\hd-image-pest-detection-cnn-and-rf\evaluation_results\CNN\MULTIESPECTRAL\binary_crossentropy\post_train_val\report_post_train_MULTIESPECTRAL_binary_crossentropy_20260716_2012_t37.json
✅ Matriz de Confusión guardada en: C:\workspace\hd-image-pest-detection-cnn-and-rf\evaluation_results\CNN\MULTIESPECTRAL\binary_crossentropy\post_train_val\report_post_train_MULTIESPECTRAL_binary_crossentropy_20260716_2012_t37_confusion.png
Matriz de confusión:
[[71 19]
 [ 0 43]]

--- RESUMEN DEL REPORTE DE CLASIFICACIÓN ---
              precision    recall  f1-score   support

       Plaga       1.00      0.79      0.88        90
        Sana       0.69      1.00      0.82        43

    accuracy                           0.86       133
   macro avg       0.85      0.89      0.85       133
weighted avg       0.90      0.86      0.86       133

✅ Reporte Markdown (Tabla) guardado en: C:\workspace\hd-image-pest-detection-cnn-and-rf\evaluation_results\CNN\MULTIESPECTRAL\binary_crossentropy\post_train_val\report_table_post_train_MULTIESPECTRAL_binary_crossentropy_20260716_2012_t37.md
✅ Curva ROC guardada en: C:\workspace\hd-image-pest-detection-cnn-and-rf\evaluation_results\CNN\MULTIESPECTRAL\binary_crossentropy\post_train_val\ROC_post_train_MULTIESPECTRAL_binary_crossentropy_20260716_2013_t0.3719184398651123.png
ROC guardada en C:\workspace\hd-image-pest-detection-cnn-and-rf\evaluation_results\CNN\MULTIESPECTRAL\binary_crossentropy\post_train_val\ROC_data_post_train_MULTIESPECTRAL_binary_crossentropy_20260716_2013_t0.3719184398651123.npz (AUC=0.9297)
